order_id,order_date,ship_date,ship_mode,customer_id,customer_name,segment,city,state,postal_code,region,product_id,category,sub_category,product_name,sales,quantity,discount,profit
US-2016-108966,2016-10-11,2016-10-18,Standard Class,SO-20335,Sean O'Donnell,Consumer,Fort Lauderdale,Florida,33311,South,FUR-TA-10000577,Furniture,Tables,Bretford CR4500 Series Slim Rectangular Table,957.5775,5,0.45,-383.031
US-2016-118983,2016-11-22,2016-11-26,Standard Class,HP-14815,Harold Pawlan,Home Office,Fort Worth,Texas,76106,Central,OFF-AP-10002311,Office Supplies,Appliances,"Holmes Replacement Filter for HEPA Air Cleaner, Very Large Room, HEPA Filter",68.81,5,0.8,-123.858
US-2016-150630,2016-09-17,2016-09-21,Standard Class,TB-21520,Tracy Blumstein,Consumer,Philadelphia,Pennsylvania,19140,East,FUR-FU-10004848,Furniture,Furnishings,"Howard Miller 13-3/4"" Diameter Brushed Chrome Round Wall Clock",124.2,3,0.2,15.525
US-2016-150630,2016-09-17,2016-09-21,Standard Class,TB-21520,Tracy Blumstein,Consumer,Philadelphia,Pennsylvania,19140,East,OFF-AR-10004042,Office Supplies,Art,"BOSTON Model 1800 Electric Pencil Sharpeners, Putty/Woodgrain",86.304,6,0.2,9.7092
US-2016-150630,2016-09-17,2016-09-21,Standard Class,TB-21520,Tracy Blumstein,Consumer,Philadelphia,Pennsylvania,19140,East,OFF-AR-10001683,Office Supplies,Art,Lumber Crayons,15.76,2,0.2,3.546
CA-2017-117590,2017-12-08,2017-12-10,First Class,GH-14485,Gene Hale,Corporate,Richardson,Texas,75080,Central,TEC-PH-10004977,Technology,Phones,GE 30524EE4,1097.544,7,0.2,123.4737
CA-2016-117415,2016-12-27,2016-12-31,Standard Class,SN-20710,Steve Nguyen,Home Office,Houston,Texas,77041,Central,FUR-CH-10004218,Furniture,Chairs,"Global Fabric Manager's Chair, Dark Gray",212.058,3,0.3,-15.147
US-2018-118038,2018-12-09,2018-12-11,First Class,KB-16600,Ken Brennan,Corporate,Houston,Texas,77041,Central,FUR-FU-10000260,Furniture,Furnishings,"6"" Cubicle Wall Clock, Black",9.708,3,0.6,-5.8248
CA-2017-127208,2017-06-12,2017-06-15,First Class,SC-20770,Stewart Carmichael,Corporate,Decatur,Alabama,35601,South,OFF-BI-10002309,Office Supplies,Binders,Avery Heavy-Duty EZD  Binder With Locking Rings,16.74,3,0.0,8.0352
CA-2017-159695,2017-04-05,2017-04-10,Second Class,GM-14455,Gary Mitchum,Home Office,Houston,Texas,77095,Central,OFF-ST-10003442,Office Supplies,Storage,Eldon Portable Mobile Manager,158.368,7,0.2,13.8572
CA-2016-149587,2016-01-31,2016-02-05,Second Class,KB-16315,Karl Braun,Consumer,Minneapolis,Minnesota,55407,Central,OFF-PA-10003177,Office Supplies,Paper,Xerox 1999,12.96,2,0.0,6.2208
CA-2018-161018,2018-11-09,2018-11-11,Second Class,PN-18775,Parhena Norris,Home Office,New York City,New York,10009,East,FUR-FU-10000629,Furniture,Furnishings,9-3/4 Diameter Round Wall Clock,96.53,7,0.0,40.5426
CA-2017-158568,2017-08-29,2017-09-02,Standard Class,RB-19465,Rick Bensley,Home Office,Chicago,Illinois,60610,Central,OFF-BI-10002609,Office Supplies,Binders,Avery Hidden Tab Dividers for Binding Systems,1.788,3,0.8,-3.0396
CA-2018-119004,2018-11-23,2018-11-28,Standard Class,JM-15250,Janet Martin,Consumer,Charlotte,North Carolina,28205,South,TEC-AC-10003499,Technology,Accessories,Memorex Mini Travel Drive 8 GB USB 2.0 Flash Drive,74.112,8,0.2,17.6016
CA-2018-119004,2018-11-23,2018-11-28,Standard Class,JM-15250,Janet Martin,Consumer,Charlotte,North Carolina,28205,South,TEC-PH-10002844,Technology,Phones,Speck Products Candyshell Flip Case,27.992,1,0.2,2.0994
CA-2018-119004,2018-11-23,2018-11-28,Standard Class,JM-15250,Janet Martin,Consumer,Charlotte,North Carolina,28205,South,OFF-AR-10000390,Office Supplies,Art,Newell Chalk Holder,3.304,1,0.2,1.0738
CA-2017-103730,2017-06-12,2017-06-15,First Class,SC-20725,Steven Cartwright,Consumer,Wilmington,Delaware,19805,East,FUR-FU-10002157,Furniture,Furnishings,Artistic Insta-Plaque,47.04,3,0.0,18.3456
CA-2017-145625,2017-09-11,2017-09-17,Standard Class,KC-16540,Kelly Collister,Consumer,San Diego,California,92037,West,TEC-AC-10003832,Technology,Accessories,Logitech P710e Mobile Speakerphone,3347.37,13,0.0,636.0003
CA-2018-163139,2018-12-01,2018-12-03,Second Class,CC-12670,Craig Carreira,Consumer,New York City,New York,10009,East,OFF-ST-10002790,Office Supplies,Storage,Safco Industrial Shelving,221.55,3,0.0,6.6465
US-2015-106992,2015-09-19,2015-09-21,Second Class,SB-20290,Sean Braxton,Corporate,Houston,Texas,77036,Central,TEC-MA-10003353,Technology,Machines,Xerox WorkCentre 6505DN Laser Multifunction Printer,2519.958,7,0.4,-251.9958
CA-2017-110772,2017-11-20,2017-11-24,Second Class,NZ-18565,Nick Zandusky,Home Office,Columbus,Ohio,43229,East,OFF-LA-10004689,Office Supplies,Labels,Avery 512,18.496,8,0.2,6.2424
US-2018-152380,2018-11-19,2018-11-23,Standard Class,JH-15910,Jonathan Howell,Consumer,Chicago,Illinois,60623,Central,FUR-TA-10002533,Furniture,Tables,BPI Conference Tables,219.075,3,0.5,-131.445
CA-2016-144253,2016-05-04,2016-05-09,Second Class,AS-10225,Alan Schoenberger,Corporate,New York City,New York,10024,East,FUR-FU-10002671,Furniture,Furnishings,Electrix 20W Halogen Replacement Bulb for Zoom-In Desk Lamp,26.8,2,0.0,12.864
CA-2017-142902,2017-09-12,2017-09-14,Second Class,BP-11185,Ben Peterman,Corporate,Arvada,Colorado,80004,West,FUR-FU-10001756,Furniture,Furnishings,"Eldon Expressions Desk Accessory, Wood Photo Frame, Mahogany",15.232,1,0.2,1.7136
CA-2015-164973,2015-11-04,2015-11-09,Standard Class,NM-18445,Nathan Mautz,Home Office,New York City,New York,10024,East,OFF-ST-10002974,Office Supplies,Storage,"Trav-L-File Heavy-Duty Shuttle II, Black",43.57,1,0.0,13.071
US-2017-150147,2017-04-25,2017-04-29,Second Class,JL-15850,John Lucas,Consumer,Philadelphia,Pennsylvania,19134,East,OFF-BI-10001982,Office Supplies,Binders,Wilson Jones Custom Binder Spines & Labels,4.896,3,0.7,-3.4272
CA-2018-134306,2018-07-08,2018-07-12,Standard Class,TD-20995,Tamara Dahlen,Consumer,Lowell,Massachusetts,01852,East,OFF-AR-10004027,Office Supplies,Art,"Binney & Smith inkTank Erasable Desk Highlighter, Chisel Tip, Yellow, 12/Box",7.56,3,0.0,3.0996
CA-2018-155698,2018-03-08,2018-03-11,First Class,VB-21745,Victoria Brennan,Corporate,Columbus,Georgia,31907,South,OFF-LA-10001158,Office Supplies,Labels,"Avery Address/Shipping Labels for Typewriters, 4"" x 2""",20.7,2,0.0,9.936
CA-2017-155516,2017-10-21,2017-10-21,Same Day,MK-17905,Michael Kennedy,Corporate,Manchester,Connecticut,06040,East,OFF-SU-10001225,Office Supplies,Supplies,Staple remover,7.36,2,0.0,0.1472
CA-2015-115973,2015-11-24,2015-11-26,First Class,NG-18430,Nathan Gelder,Consumer,Cincinnati,Ohio,45231,East,OFF-AR-10004757,Office Supplies,Art,Crayola Colored Pencils,2.624,1,0.2,0.4264
CA-2018-122105,2018-06-24,2018-06-28,Standard Class,CJ-12010,Caroline Jumper,Consumer,Huntington Beach,California,92646,West,OFF-AR-10004344,Office Supplies,Art,Bulldog Vacuum Base Pencil Sharpener,95.92,8,0.0,25.8984
CA-2018-157252,2018-01-20,2018-01-23,Second Class,CV-12805,Cynthia Voltz,Corporate,New York City,New York,10024,East,FUR-CH-10003396,Furniture,Chairs,Global Deluxe Steno Chair,207.846,3,0.1,2.3094
CA-2015-127691,2015-07-22,2015-07-27,Standard Class,EM-14065,Erin Mull,Consumer,New York City,New York,10024,East,TEC-AC-10002567,Technology,Accessories,Logitech G602 Wireless Gaming Mouse,159.98,2,0.0,57.5928
CA-2015-154627,2015-10-29,2015-10-31,First Class,SA-20830,Sue Ann Reed,Consumer,Chicago,Illinois,60610,Central,TEC-PH-10001363,Technology,Phones,Apple iPhone 5S,2735.952,6,0.2,341.994
US-2017-105578,2017-05-30,2017-06-04,Standard Class,MY-17380,Maribeth Yedwab,Corporate,Parker,Colorado,80134,West,OFF-BI-10001670,Office Supplies,Binders,Vinyl Sectional Post Binders,22.62,2,0.7,-15.08
CA-2018-135307,2018-11-26,2018-11-27,First Class,LS-17245,Lynn Smith,Consumer,Gladstone,Missouri,64118,Central,FUR-FU-10001290,Furniture,Furnishings,Executive Impressions Supervisor Wall Clock,126.3,3,0.0,40.416
CA-2018-127432,2018-01-22,2018-01-27,Standard Class,AD-10180,Alan Dominguez,Home Office,Great Falls,Montana,59405,West,OFF-ST-10004459,Office Supplies,Storage,Tennsco Single-Tier Lockers,1126.02,3,0.0,56.301
US-2018-129441,2018-09-07,2018-09-11,Standard Class,JC-15340,Jasper Cacioppo,Consumer,Los Angeles,California,90032,West,FUR-FU-10000448,Furniture,Furnishings,Tenex Chairmats For Use With Carpeted Floors,47.94,3,0.0,2.397
CA-2018-156951,2018-10-01,2018-10-08,Standard Class,EB-13840,Ellis Ballard,Corporate,Seattle,Washington,98105,West,OFF-PA-10004451,Office Supplies,Paper,Xerox 222,19.44,3,0.0,9.3312
CA-2016-149713,2016-09-18,2016-09-22,Second Class,TG-21640,Trudy Glocke,Consumer,Long Beach,California,90805,West,OFF-PA-10001450,Office Supplies,Paper,Rediform S.O.S. Phone Message Books,19.92,4,0.0,9.7608
CA-2018-145233,2018-12-01,2018-12-05,Standard Class,DV-13465,Dianna Vittorini,Consumer,Denver,Colorado,80219,West,TEC-PH-10000586,Technology,Phones,AT&T SB67148 SynJ,105.584,2,0.2,9.2386
US-2017-156986,2017-03-20,2017-03-24,Standard Class,ZC-21910,Zuschuss Carroll,Consumer,Salem,Oregon,97301,West,OFF-BI-10002498,Office Supplies,Binders,Clear Mylar Reinforcing Strips,16.821,3,0.7,-12.8961
US-2015-111171,2015-12-26,2015-12-31,Standard Class,CA-12265,Christina Anderson,Consumer,Chicago,Illinois,60610,Central,OFF-BI-10002103,Office Supplies,Binders,"Cardinal Slant-D Ring Binder, Heavy Gauge Vinyl",8.69,5,0.8,-14.773
CA-2016-138009,2016-11-29,2016-12-03,Standard Class,SF-20965,Sylvia Foulston,Corporate,Dearborn,Michigan,48126,Central,OFF-AP-10000179,Office Supplies,Appliances,Honeywell Enviracaire Portable HEPA Air Cleaner for up to 10 x 16 Room,555.21,5,0.1,178.901
CA-2016-138009,2016-11-29,2016-12-03,Standard Class,SF-20965,Sylvia Foulston,Corporate,Dearborn,Michigan,48126,Central,OFF-ST-10001272,Office Supplies,Storage,"Mini 13-1/2 Capacity Data Binder Rack, Pearl",523.48,4,0.0,130.87
CA-2017-137239,2017-08-22,2017-08-28,Standard Class,CR-12730,Craig Reiter,Consumer,Columbus,Ohio,43229,East,OFF-BI-10002827,Office Supplies,Binders,Avery Durable Poly Binders,3.318,2,0.7,-2.6544
CA-2015-156314,2015-12-24,2015-12-26,First Class,RP-19390,Resi Pölking,Consumer,Cleveland,Ohio,44105,East,FUR-FU-10003096,Furniture,Furnishings,"Master Giant Foot Doorstop, Safety Yellow",30.36,5,0.2,8.7285
CA-2018-130351,2018-12-05,2018-12-08,First Class,RB-19570,Rob Beeghly,Consumer,Columbus,Indiana,47201,Central,OFF-AP-10004532,Office Supplies,Appliances,Kensington 6 Outlet Guardian Standard Surge Protector,61.44,3,0.0,16.5888
US-2018-100048,2018-05-19,2018-05-24,Standard Class,RS-19765,Roland Schwarz,Corporate,Mount Vernon,New York,10550,East,TEC-PH-10003012,Technology,Phones,Nortel Meridian M3904 Professional Digital phone,307.98,2,0.0,89.3142
CA-2018-131954,2018-01-21,2018-01-25,Standard Class,DS-13030,Darrin Sayre,Home Office,Seattle,Washington,98115,West,TEC-AC-10003610,Technology,Accessories,Logitech Illuminated - Keyboard,179.97,3,0.0,86.3856
CA-2018-126046,2018-11-03,2018-11-07,Standard Class,JC-16105,Julie Creighton,Corporate,Atlanta,Georgia,30318,South,OFF-LA-10004484,Office Supplies,Labels,Avery 476,12.39,3,0.0,5.6994
CA-2015-162775,2015-01-13,2015-01-15,Second Class,CS-12250,Chris Selesnick,Corporate,Bossier City,Louisiana,71111,South,OFF-EN-10001532,Office Supplies,Envelopes,Brown Kraft Recycled Envelopes,50.94,3,0.0,25.47
CA-2015-162775,2015-01-13,2015-01-15,Second Class,CS-12250,Chris Selesnick,Corporate,Bossier City,Louisiana,71111,South,TEC-AC-10003174,Technology,Accessories,Plantronics S12 Corded Telephone Headset System,646.74,6,0.0,258.696
CA-2015-156433,2015-09-20,2015-09-26,Standard Class,ES-14020,Erica Smith,Consumer,San Francisco,California,94110,West,OFF-PA-10003724,Office Supplies,Paper,"Wirebound Message Book, 4 per Page",21.72,4,0.0,10.6428
CA-2018-151428,2018-09-21,2018-09-26,Standard Class,RH-19495,Rick Hansen,Consumer,Rochester,Minnesota,55901,Central,OFF-BI-10000546,Office Supplies,Binders,Avery Durable Binders,20.16,7,0.0,9.8784
CA-2016-101910,2016-11-27,2016-12-03,Standard Class,CD-11920,Carlos Daly,Consumer,Lake Elsinore,California,92530,West,FUR-CH-10002647,Furniture,Chairs,"Situations Contoured Folding Chairs, 4/Set",283.92,5,0.2,17.745
CA-2017-152534,2017-06-20,2017-06-25,Second Class,DP-13105,Dave Poirier,Corporate,Salinas,California,93905,West,OFF-AR-10002335,Office Supplies,Art,DIXON Oriole Pencils,5.16,2,0.0,1.3416
CA-2015-125612,2015-08-03,2015-08-08,Standard Class,BK-11260,Berenike Kampe,Consumer,New York City,New York,10035,East,OFF-SU-10002537,Office Supplies,Supplies,Acme Box Cutter Scissors,102.3,10,0.0,26.598
CA-2018-131156,2018-04-03,2018-04-07,Standard Class,KH-16360,Katherine Hughes,Consumer,Philadelphia,Pennsylvania,19143,East,FUR-FU-10001940,Furniture,Furnishings,Staple-based wall hangings,25.472,4,0.2,7.6416
CA-2018-102414,2018-05-15,2018-05-18,Second Class,JA-15970,Joseph Airdo,Consumer,Phoenix,Arizona,85023,West,OFF-PA-10002333,Office Supplies,Paper,"Universal Ultra Bright White Copier/Laser Paper, 8 1/2"" x 11"", Ream",15.552,3,0.2,5.6376
CA-2018-152142,2018-11-14,2018-11-19,Standard Class,LW-16990,Lindsay Williams,Corporate,San Francisco,California,94110,West,FUR-CH-10002965,Furniture,Chairs,"Global Leather Highback Executive Chair with Pneumatic Height Adjustment, Black",321.568,2,0.2,28.1372
CA-2018-135279,2018-04-09,2018-04-11,First Class,BS-11800,Bryan Spruell,Home Office,New York City,New York,10011,East,OFF-AR-10004344,Office Supplies,Art,Bulldog Vacuum Base Pencil Sharpener,35.97,3,0.0,9.7119
CA-2015-115791,2015-01-16,2015-01-18,Second Class,DL-13315,Delfina Latchford,Consumer,Philadelphia,Pennsylvania,19134,East,FUR-FU-10001095,Furniture,Furnishings,DAX Black Cherry Wood-Tone Poster Frame,127.104,6,0.2,28.5984
CA-2015-115791,2015-01-16,2015-01-18,Second Class,DL-13315,Delfina Latchford,Consumer,Philadelphia,Pennsylvania,19134,East,TEC-PH-10004614,Technology,Phones,AT&T 841000 Phone,124.2,3,0.4,-31.05
CA-2017-105585,2017-08-26,2017-08-27,First Class,RF-19735,Roland Fjeld,Consumer,San Jose,California,95123,West,OFF-PA-10003625,Office Supplies,Paper,Xerox 1979,154.9,5,0.0,69.705
US-2018-139955,2018-09-28,2018-09-30,Second Class,CM-12160,Charles McCrossin,Consumer,Brownsville,Texas,78521,Central,OFF-SU-10001935,Office Supplies,Supplies,Staple remover,1.744,1,0.2,-0.3488
CA-2017-152814,2017-04-28,2017-05-02,Standard Class,EH-14005,Erica Hernandez,Home Office,Denver,Colorado,80219,West,OFF-PA-10001970,Office Supplies,Paper,Xerox 1881,29.472,3,0.2,9.9468
CA-2017-161781,2017-09-29,2017-09-30,First Class,CC-12100,Chad Cunningham,Home Office,Columbus,Indiana,47201,Central,OFF-AR-10000255,Office Supplies,Art,Newell 328,40.88,7,0.0,10.6288
CA-2018-132521,2018-09-23,2018-09-25,Second Class,DW-13540,Don Weiss,Consumer,Seattle,Washington,98105,West,OFF-ST-10001325,Office Supplies,Storage,Sterilite Officeware Hinged File Box,31.44,3,0.0,8.4888
US-2017-143819,2017-03-01,2017-03-05,Standard Class,KD-16270,Karen Daniels,Consumer,Yonkers,New York,10701,East,OFF-ST-10003208,Office Supplies,Storage,Adjustable Depth Letter/Legal Cart,362.92,2,0.0,105.2468
CA-2018-158407,2018-06-04,2018-06-10,Standard Class,LW-16990,Lindsay Williams,Corporate,Monroe,North Carolina,28110,South,TEC-PH-10001819,Technology,Phones,Innergie mMini Combo Duo USB Travel Charging Kit,71.984,2,0.2,25.1944
US-2017-110156,2017-11-19,2017-11-24,Standard Class,EH-13945,Eric Hoffmann,Consumer,Houston,Texas,77041,Central,OFF-BI-10003676,Office Supplies,Binders,"GBC Standard Recycled Report Covers, Clear Plastic Sheets",10.78,5,0.8,-17.248
CA-2015-146969,2015-09-29,2015-10-03,Standard Class,AP-10915,Arthur Prichep,Consumer,Los Angeles,California,90045,West,OFF-ST-10004340,Office Supplies,Storage,"Fellowes Mobile File Cart, Black",62.18,1,0.0,16.7886
CA-2015-136567,2015-12-20,2015-12-21,First Class,PS-19045,Penelope Sewall,Home Office,Harrisonburg,Virginia,22801,South,FUR-TA-10001932,Furniture,Tables,"Chromcraft 48"" x 96"" Racetrack Double Pedestal Table",2244.48,7,0.0,493.7856
CA-2015-136567,2015-12-20,2015-12-21,First Class,PS-19045,Penelope Sewall,Home Office,Harrisonburg,Virginia,22801,South,OFF-BI-10003982,Office Supplies,Binders,Wilson Jones Century Plastic Molded Ring Binders,62.31,3,0.0,29.2857
CA-2018-117212,2018-02-26,2018-02-28,Second Class,BT-11530,Bradley Talbott,Home Office,Los Angeles,California,90036,West,OFF-AP-10004532,Office Supplies,Appliances,Kensington 6 Outlet Guardian Standard Surge Protector,81.92,4,0.0,22.1184
CA-2017-130946,2017-04-08,2017-04-12,Standard Class,ZC-21910,Zuschuss Carroll,Consumer,Houston,Texas,77041,Central,OFF-BI-10004995,Office Supplies,Binders,GBC DocuBind P400 Electric Binding System,1088.792,4,0.8,-1850.9464
CA-2017-137050,2017-07-14,2017-07-18,Second Class,SW-20755,Steven Ward,Corporate,New York City,New York,10009,East,OFF-FA-10002988,Office Supplies,Fasteners,Ideal Clamps,14.07,7,0.0,6.8943
CA-2018-144638,2018-03-10,2018-03-14,Standard Class,MH-18115,Mick Hernandez,Home Office,Chester,Pennsylvania,19013,East,OFF-AR-10003958,Office Supplies,Art,Newell 337,5.248,2,0.2,0.5904
US-2017-144393,2017-10-28,2017-11-04,Standard Class,SM-20950,Suzanne McNair,Corporate,Greenville,North Carolina,27834,South,OFF-BI-10004236,Office Supplies,Binders,"XtraLife ClearVue Slant-D Ring Binder, White, 3""",17.616,4,0.7,-14.0928
CA-2017-148698,2017-05-02,2017-05-07,Standard Class,BD-11770,Bryan Davis,Consumer,Houston,Texas,77070,Central,OFF-AR-10004022,Office Supplies,Art,Panasonic KP-380BK Classic Electric Pencil Sharpener,86.352,3,0.2,5.397
CA-2017-141397,2017-06-20,2017-06-21,First Class,RC-19825,Roy Collins,Consumer,Pasadena,California,91104,West,FUR-CH-10003846,Furniture,Chairs,Hon Valutask Swivel Chairs,161.568,2,0.2,-8.0784
CA-2015-160773,2015-07-01,2015-07-05,Standard Class,LW-16825,Laurel Workman,Corporate,Deltona,Florida,32725,South,TEC-PH-10004586,Technology,Phones,Wilson SignalBoost 841262 DB PRO Amplifier Kit,575.92,2,0.2,71.99
CA-2018-127705,2018-06-02,2018-06-06,Standard Class,AB-10255,Alejandro Ballentine,Home Office,Lorain,Ohio,44052,East,TEC-PH-10000347,Technology,Phones,Cush Cases Heavy Duty Rugged Cover Case for Samsung Galaxy S5 - Purple,2.97,1,0.4,-0.6435
CA-2018-125199,2018-10-19,2018-10-25,Standard Class,HM-14860,Harry Marie,Corporate,Philadelphia,Pennsylvania,19120,East,OFF-AR-10002956,Office Supplies,Art,Boston 16801 Nautilus Battery Pencil Sharpener,123.256,7,0.2,9.2442
US-2016-103471,2016-12-24,2016-12-28,Standard Class,JR-15670,Jim Radford,Consumer,Colorado Springs,Colorado,80906,West,FUR-BO-10002613,Furniture,Bookcases,"Atlantic Metals Mobile 4-Shelf Bookcases, Custom Colors",590.058,7,0.7,-786.744
US-2015-157021,2015-04-01,2015-04-06,Second Class,KM-16720,Kunst Miller,Consumer,Vallejo,California,94591,West,OFF-LA-10002312,Office Supplies,Labels,Avery 490,29.6,2,0.0,14.8
US-2017-108504,2017-02-05,2017-02-05,Same Day,PP-18955,Paul Prost,Home Office,Smyrna,Georgia,30080,South,OFF-PA-10001289,Office Supplies,Paper,White Computer Printout Paper by Universal,348.84,9,0.0,170.9316
CA-2018-124828,2018-07-03,2018-07-04,First Class,YS-21880,Yana Sorensen,Corporate,Burlington,North Carolina,27217,South,OFF-AR-10003514,Office Supplies,Art,4009 Highlighters by Sanford,9.552,3,0.2,1.5522
CA-2018-128160,2018-12-19,2018-12-24,Second Class,MM-17920,Michael Moore,Consumer,San Francisco,California,94110,West,OFF-BI-10001510,Office Supplies,Binders,Deluxe Heavy-Duty Vinyl Round Ring Binder,36.672,2,0.2,11.46
CA-2018-102337,2018-06-13,2018-06-16,First Class,SD-20485,Shirley Daniels,Home Office,Chicago,Illinois,60653,Central,FUR-CH-10004289,Furniture,Chairs,Global Super Steno Chair,470.302,7,0.3,-87.3418
CA-2017-123722,2017-09-25,2017-10-01,Standard Class,NH-18610,Nicole Hansen,Corporate,Irving,Texas,75061,Central,OFF-LA-10001569,Office Supplies,Labels,Avery 499,15.936,4,0.2,5.1792
CA-2018-148446,2018-12-10,2018-12-14,Second Class,MC-17845,Michael Chen,Consumer,North Las Vegas,Nevada,89031,West,FUR-TA-10004256,Furniture,Tables,Bretford “Just In Time” Height-Adjustable Multi-Task Work Tables,1669.6,4,0.0,116.872
CA-2016-112116,2016-03-16,2016-03-18,Second Class,JE-15475,Jeremy Ellison,Consumer,Seattle,Washington,98103,West,FUR-TA-10001039,Furniture,Tables,KI Adjustable-Height Table,171.96,2,0.0,44.7096
CA-2018-165029,2018-11-26,2018-11-30,Standard Class,AH-10075,Adam Hart,Corporate,Atlanta,Georgia,30318,South,OFF-AR-10003504,Office Supplies,Art,Newell 347,12.84,3,0.0,3.7236
CA-2017-109057,2017-04-22,2017-04-27,Standard Class,TT-21460,Tonja Turnell,Home Office,Aurora,Illinois,60505,Central,OFF-ST-10002406,Office Supplies,Storage,Pizazz Global Quick File,23.952,2,0.2,2.3952
CA-2018-158876,2018-11-19,2018-11-21,Second Class,AB-10150,Aimee Bixby,Consumer,Carrollton,Texas,75007,Central,OFF-PA-10000308,Office Supplies,Paper,Xerox 1901,16.896,4,0.2,5.28
CA-2018-158876,2018-11-19,2018-11-21,Second Class,AB-10150,Aimee Bixby,Consumer,Carrollton,Texas,75007,Central,OFF-AR-10003373,Office Supplies,Art,"Boston School Pro Electric Pencil Sharpener, 1670",99.136,4,0.2,8.6744
US-2017-115819,2017-04-19,2017-04-24,Second Class,JO-15280,Jas O'Carroll,Consumer,Los Angeles,California,90049,West,OFF-PA-10002377,Office Supplies,Paper,"Adams Telephone Message Book W/Dividers/Space For Phone Numbers, 5 1/4""X8 1/2"", 200/Messages",22.72,4,0.0,10.224
CA-2016-130022,2016-08-10,2016-08-16,Standard Class,JK-16120,Julie Kriz,Home Office,Eagan,Minnesota,55122,Central,OFF-AR-10001915,Office Supplies,Art,Peel-Off China Markers,29.79,3,0.0,12.5118
CA-2015-135699,2015-08-29,2015-08-29,Same Day,HH-15010,Hilary Holden,Corporate,San Francisco,California,94110,West,OFF-PA-10004475,Office Supplies,Paper,Xerox 1940,109.92,2,0.0,53.8608
CA-2017-107615,2017-03-22,2017-03-25,First Class,RB-19645,Robert Barroso,Corporate,North Las Vegas,Nevada,89031,West,TEC-AC-10001013,Technology,Accessories,Logitech ClearChat Comfort/USB Headset H390,58.58,2,0.0,19.3314
CA-2018-111647,2018-07-03,2018-07-07,Standard Class,RD-19585,Rob Dowd,Consumer,Plano,Texas,75023,Central,TEC-PH-10002726,Technology,Phones,netTALK DUO VoIP Telephone Service,167.968,4,0.2,62.988
CA-2018-149489,2018-04-24,2018-04-27,First Class,DK-12835,Damala Kotsonis,Corporate,Philadelphia,Pennsylvania,19143,East,OFF-AP-10002495,Office Supplies,Appliances,"Acco Smartsocket Table Surge Protector, 6 Color-Coded Adapter Outlets",99.28,2,0.2,12.41
CA-2016-127453,2016-12-19,2016-12-20,First Class,JK-15370,Jay Kimmel,Consumer,Philadelphia,Pennsylvania,19143,East,OFF-AP-10003860,Office Supplies,Appliances,Fellowes Advanced 8 Outlet Surge Suppressor with Phone/Fax Protection,88.832,4,0.2,7.7728
CA-2015-125136,2015-09-28,2015-10-03,Standard Class,KD-16495,Keith Dawkins,Corporate,Fayetteville,North Carolina,28314,South,OFF-PA-10001804,Office Supplies,Paper,Xerox 195,10.688,2,0.2,3.7408
CA-2017-155670,2017-08-13,2017-08-17,Second Class,EM-14065,Erin Mull,Consumer,Jacksonville,North Carolina,28540,South,OFF-PA-10004947,Office Supplies,Paper,Easy-staple paper,10.272,3,0.2,3.21
CA-2016-130785,2016-09-05,2016-09-09,Standard Class,AG-10900,Arthur Gainer,Consumer,San Diego,California,92105,West,FUR-BO-10000330,Furniture,Bookcases,"Sauder Camden County Barrister Bookcase, Planked Cherry Finish",411.332,4,0.15,-4.8392
CA-2018-166317,2018-09-22,2018-09-26,Standard Class,JE-15610,Jim Epp,Corporate,Milwaukee,Wisconsin,53209,Central,OFF-BI-10002976,Office Supplies,Binders,ACCOHIDE Binder by Acco,33.04,8,0.0,15.5288
US-2017-116729,2017-12-25,2017-12-28,First Class,GK-14620,Grace Kelly,Corporate,Los Angeles,California,90049,West,TEC-PH-10002200,Technology,Phones,Samsung Galaxy Note 2,2575.944,7,0.2,257.5944
CA-2016-160472,2016-07-20,2016-07-25,Second Class,RK-19300,Ralph Kennedy,Consumer,South Bend,Indiana,46614,Central,OFF-PA-10000528,Office Supplies,Paper,Xerox 1981,26.4,5,0.0,11.88
CA-2015-151078,2015-11-12,2015-11-12,Same Day,RF-19840,Roy Französisch,Consumer,San Antonio,Texas,78207,Central,OFF-ST-10001328,Office Supplies,Storage,"Personal Filing Tote with Lid, Black/Gray",49.632,4,0.2,4.9632
CA-2018-118885,2018-12-29,2019-01-02,Standard Class,JG-15160,James Galang,Consumer,Los Angeles,California,90049,West,FUR-CH-10002880,Furniture,Chairs,"Global High-Back Leather Tilter, Burgundy",393.568,4,0.2,-44.2764
CA-2016-109512,2016-03-05,2016-03-05,Same Day,LF-17185,Luke Foster,Consumer,New York City,New York,10011,East,OFF-EN-10002621,Office Supplies,Envelopes,Staple envelope,29.34,3,0.0,14.67
CA-2015-169775,2015-08-29,2015-09-02,Second Class,RA-19945,Ryan Akin,Consumer,Miami,Florida,33178,South,OFF-EN-10001749,Office Supplies,Envelopes,Jiffy Padded Mailers with Self-Seal Closure,29.808,2,0.2,10.8054
CA-2018-124597,2018-04-30,2018-05-05,Standard Class,AS-10630,Ann Steele,Home Office,Boynton Beach,Florida,33437,South,OFF-AR-10002280,Office Supplies,Art,Staples in misc. colors,15.528,3,0.2,4.8525
CA-2018-157987,2018-09-02,2018-09-06,Standard Class,AC-10615,Ann Chong,Corporate,New York City,New York,10009,East,OFF-AR-10004582,Office Supplies,Art,BIC Brite Liner Grip Highlighters,4.92,3,0.0,2.214
CA-2018-157987,2018-09-02,2018-09-06,Standard Class,AC-10615,Ann Chong,Corporate,New York City,New York,10009,East,OFF-PA-10003893,Office Supplies,Paper,Xerox 1962,17.12,4,0.0,7.704
CA-2016-119592,2016-12-14,2016-12-16,Second Class,MM-18280,Muhammed MacIntyre,Corporate,Columbus,Georgia,31907,South,OFF-BI-10004187,Office Supplies,Binders,3-ring staple pack,3.76,2,0.0,1.8048
CA-2016-113110,2016-03-19,2016-03-23,Standard Class,BK-11260,Berenike Kampe,Consumer,San Bernardino,California,92404,West,OFF-SU-10001165,Office Supplies,Supplies,Acme Elite Stainless Steel Scissors,33.36,4,0.0,8.6736
CA-2016-117961,2016-11-26,2016-11-30,Standard Class,GP-14740,Guy Phonely,Corporate,Leominster,Massachusetts,01453,East,OFF-BI-10003707,Office Supplies,Binders,Aluminum Screw Posts,61.04,4,0.0,30.52
CA-2016-122287,2016-06-18,2016-06-23,Standard Class,SN-20560,Skye Norling,Home Office,Peoria,Arizona,85345,West,OFF-BI-10004656,Office Supplies,Binders,Peel & Stick Add-On Corner Pockets,4.536,7,0.7,-3.3264
CA-2018-155460,2018-04-13,2018-04-15,First Class,RW-19630,Rob Williams,Corporate,Seattle,Washington,98105,West,OFF-BI-10003091,Office Supplies,Binders,GBC DocuBind TL200 Manual Binding Machine,895.92,5,0.2,302.373
US-2018-139969,2018-11-19,2018-11-26,Standard Class,AF-10870,Art Ferguson,Consumer,College Station,Texas,77840,Central,FUR-CH-10001973,Furniture,Chairs,Office Star Flex Back Scooter Chair with White Frame,233.058,3,0.3,-53.2704
CA-2015-124646,2015-06-22,2015-06-24,First Class,DV-13465,Dianna Vittorini,Consumer,Minneapolis,Minnesota,55407,Central,OFF-ST-10001469,Office Supplies,Storage,Fellowes Bankers Box Recycled Super Stor/Drawer,161.94,3,0.0,9.7164
CA-2018-129378,2018-10-01,2018-10-02,First Class,NS-18505,Neola Schneider,Consumer,San Jose,California,95123,West,OFF-AP-10000576,Office Supplies,Appliances,"Belkin 325VA UPS Surge Protector, 6'",241.96,2,0.0,60.49
CA-2016-131884,2016-12-06,2016-12-06,Same Day,DK-13375,Dennis Kane,Consumer,Marion,Ohio,43302,East,TEC-PH-10001578,Technology,Phones,Polycom SoundStation2 EX Conference phone,485.94,2,0.4,-89.089
CA-2018-130771,2018-07-29,2018-08-03,Standard Class,LA-16780,Laura Armstrong,Corporate,Austin,Texas,78745,Central,TEC-PH-10002496,Technology,Phones,Cisco SPA301,124.792,1,0.2,15.599
CA-2018-164917,2018-12-02,2018-12-07,Standard Class,MK-17905,Michael Kennedy,Corporate,Miami,Florida,33180,South,OFF-AR-10004344,Office Supplies,Art,Bulldog Vacuum Base Pencil Sharpener,47.96,5,0.2,4.1965
US-2018-112928,2018-06-01,2018-06-05,Second Class,BB-10990,Barry Blumstein,Corporate,Toledo,Ohio,43615,East,OFF-AP-10002287,Office Supplies,Appliances,"Eureka Sanitaire  Multi-Pro Heavy-Duty Upright, Disposable Bags",17.48,5,0.2,1.311
CA-2016-149342,2016-04-20,2016-04-25,Standard Class,TS-21160,Theresa Swint,Corporate,Columbus,Georgia,31907,South,FUR-FU-10002937,Furniture,Furnishings,"GE 48"" Fluorescent Tube, Cool White Energy Saver, 34 Watts, 30/Box",595.38,6,0.0,297.69
CA-2018-157931,2018-09-17,2018-09-22,Second Class,MO-17800,Meg O'Connel,Home Office,Roswell,Georgia,30076,South,FUR-CH-10000785,Furniture,Chairs,Global Ergonomic Managers Chair,723.92,4,0.0,188.2192
CA-2017-137736,2017-11-10,2017-11-15,Standard Class,DC-13285,Debra Catini,Consumer,Warner Robins,Georgia,31088,South,OFF-AR-10004999,Office Supplies,Art,Newell 315,41.86,7,0.0,10.465
US-2015-148838,2015-03-17,2015-03-21,Standard Class,CP-12340,Christine Phan,Corporate,New York City,New York,10024,East,FUR-TA-10001950,Furniture,Tables,Balt Solid Wood Round Tables,1071.576,4,0.4,-553.6476
CA-2015-144624,2015-11-19,2015-11-23,Standard Class,JM-15865,John Murray,Consumer,Jamestown,New York,14701,East,TEC-PH-10002885,Technology,Phones,Apple iPhone 5,4548.81,7,0.0,1228.1787
CA-2017-124352,2017-10-15,2017-10-21,Standard Class,CD-12790,Cynthia Delaney,Home Office,Oklahoma City,Oklahoma,73120,Central,OFF-LA-10003223,Office Supplies,Labels,Avery 508,29.46,6,0.0,14.4354
CA-2015-164385,2015-09-26,2015-10-01,Second Class,NB-18580,Nicole Brennan,Corporate,Philadelphia,Pennsylvania,19134,East,OFF-AP-10002191,Office Supplies,Appliances,Belkin 8 Outlet SurgeMaster II Gold Surge Protector,143.952,3,0.2,14.3952
CA-2017-118626,2017-08-15,2017-08-20,Standard Class,JC-15775,John Castell,Consumer,Tallahassee,Florida,32303,South,TEC-PH-10000369,Technology,Phones,HTC One Mini,705.544,7,0.2,70.5544
CA-2015-127446,2015-11-25,2015-11-30,Standard Class,MC-17590,Matt Collister,Corporate,Arlington,Texas,76017,Central,FUR-TA-10000577,Furniture,Tables,Bretford CR4500 Series Slim Rectangular Table,1218.735,5,0.3,-121.8735
CA-2018-115931,2018-12-22,2018-12-26,Standard Class,JM-15655,Jim Mitchum,Corporate,Carlsbad,New Mexico,88220,West,OFF-ST-10000876,Office Supplies,Storage,Eldon Simplefile Box Office,37.32,3,0.0,10.4496
CA-2018-127026,2018-01-21,2018-01-27,Standard Class,MH-18115,Mick Hernandez,Home Office,Jackson,Michigan,49201,Central,TEC-AC-10002049,Technology,Accessories,Logitech G19 Programmable Gaming Keyboard,619.95,5,0.0,111.591
CA-2016-110247,2016-12-04,2016-12-08,Standard Class,RH-19555,Ritsa Hightower,Consumer,Tallahassee,Florida,32303,South,OFF-BI-10001553,Office Supplies,Binders,SpineVue Locking Slant-D Ring Binders by Cardinal,8.226,3,0.7,-6.0324
CA-2017-146171,2017-03-11,2017-03-15,Standard Class,JP-16135,Julie Prescott,Home Office,Columbus,Georgia,31907,South,FUR-FU-10004270,Furniture,Furnishings,"Executive Impressions 13"" Clairmont Wall Clock",76.92,4,0.0,31.5372
US-2016-122140,2016-04-02,2016-04-07,Standard Class,MO-17950,Michael Oakman,Consumer,Dallas,Texas,75220,Central,TEC-AC-10003038,Technology,Accessories,Kingston Digital DataTraveler 16GB USB 2.0,50.12,7,0.2,-0.6265
US-2015-112914,2015-09-25,2015-09-30,Standard Class,MT-18070,Michelle Tran,Home Office,Houston,Texas,77041,Central,OFF-BI-10002982,Office Supplies,Binders,Avery Self-Adhesive Photo Pockets for Polaroid Photos,2.724,2,0.8,-4.3584
CA-2018-164049,2018-11-02,2018-11-06,Standard Class,KH-16630,Ken Heidel,Corporate,Seattle,Washington,98105,West,OFF-PA-10000791,Office Supplies,Paper,"Wirebound Message Books, Four 2 3/4 x 5 Forms per Page, 200 Sets per Book",23.85,5,0.0,10.7325
CA-2018-121615,2018-11-03,2018-11-09,Standard Class,DL-12925,Daniel Lacy,Consumer,Eagan,Minnesota,55122,Central,OFF-PA-10000327,Office Supplies,Paper,Xerox 1971,8.56,2,0.0,3.852
US-2016-141453,2016-11-30,2016-12-03,Second Class,DB-13270,Deborah Brumfield,Home Office,Austin,Texas,78745,Central,OFF-BI-10000301,Office Supplies,Binders,GBC Instant Report Kit,3.882,3,0.8,-5.823
CA-2018-167941,2018-11-06,2018-11-09,Second Class,JF-15565,Jill Fjeld,Consumer,Fayetteville,North Carolina,28314,South,OFF-BI-10002827,Office Supplies,Binders,Avery Durable Poly Binders,13.272,8,0.7,-10.6176
CA-2017-139010,2017-02-21,2017-02-26,Second Class,MC-17635,Matthew Clasen,Corporate,Los Angeles,California,90032,West,OFF-BI-10002309,Office Supplies,Binders,Avery Heavy-Duty EZD  Binder With Locking Rings,31.248,7,0.2,10.9368
US-2015-150532,2015-07-14,2015-07-21,Standard Class,PB-19150,Philip Brown,Consumer,Phoenix,Arizona,85023,West,OFF-ST-10000760,Office Supplies,Storage,Eldon Fold 'N Roll Cart System,55.92,5,0.2,6.291
CA-2016-164441,2016-11-08,2016-11-13,Standard Class,AC-10450,Amy Cox,Consumer,New York City,New York,10011,East,OFF-BI-10001922,Office Supplies,Binders,Storex Dura Pro Binders,52.272,11,0.2,17.6418
CA-2018-169054,2018-04-22,2018-04-26,Standard Class,MO-17800,Meg O'Connel,Home Office,Philadelphia,Pennsylvania,19140,East,FUR-FU-10001488,Furniture,Furnishings,"Tenex 46"" x 60"" Computer Anti-Static Chairmat, Rectangular Shaped",254.352,3,0.2,0.0
CA-2018-149559,2018-09-11,2018-09-12,Same Day,KF-16285,Karen Ferguson,Home Office,Long Beach,California,90805,West,FUR-CH-10002320,Furniture,Chairs,Hon Pagoda Stacking Chairs,2054.272,8,0.2,256.784
US-2018-148054,2018-10-06,2018-10-11,Standard Class,NZ-18565,Nick Zandusky,Home Office,Meridian,Idaho,83642,West,FUR-FU-10003247,Furniture,Furnishings,36X48 HARDFLOOR CHAIRMAT,41.96,2,0.0,2.9372
CA-2018-131492,2018-10-19,2018-10-24,Second Class,HH-15010,Hilary Holden,Corporate,San Francisco,California,94110,West,FUR-FU-10003878,Furniture,Furnishings,"Linden 10"" Round Wall Clock, Black",30.56,2,0.0,10.3904
CA-2016-145184,2016-11-27,2016-11-29,First Class,JD-16150,Justin Deggeller,Corporate,Newark,Delaware,19711,East,TEC-AC-10000397,Technology,Accessories,"Perixx PERIBOARD-512B, Ergonomic Split Keyboard",104.97,3,0.0,7.3479
CA-2018-106859,2018-03-13,2018-03-18,Second Class,BF-11215,Benjamin Farhat,Home Office,Albuquerque,New Mexico,87105,West,TEC-PH-10004531,Technology,Phones,OtterBox Commuter Series Case - iPhone 5 & 5s,140.736,8,0.2,49.2576
CA-2016-114468,2016-08-23,2016-08-23,Same Day,TD-20995,Tamara Dahlen,Consumer,Bolingbrook,Illinois,60440,Central,OFF-FA-10003021,Office Supplies,Fasteners,Staples,12.032,8,0.2,2.256
CA-2018-131233,2018-04-14,2018-04-19,Standard Class,CS-12355,Christine Sundaresam,Consumer,New York City,New York,10024,East,FUR-BO-10003441,Furniture,Bookcases,"Bush Westfield Collection Bookcases, Fully Assembled",242.352,3,0.2,9.0882
CA-2017-121671,2017-07-17,2017-07-22,Standard Class,AA-10480,Andrew Allen,Consumer,Springfield,Missouri,65807,Central,OFF-PA-10001471,Office Supplies,Paper,Strathmore Photo Frame Cards,21.93,3,0.0,10.0878
CA-2016-121720,2016-06-11,2016-06-12,First Class,JE-15610,Jim Epp,Corporate,Lakeland,Florida,33801,South,FUR-CH-10003312,Furniture,Chairs,Hon 2090 “Pillow Soft” Series Mid Back Swivel/Tilt Chairs,1123.92,5,0.2,-182.637
CA-2016-121720,2016-06-11,2016-06-12,First Class,JE-15610,Jim Epp,Corporate,Lakeland,Florida,33801,South,OFF-ST-10003816,Office Supplies,Storage,Fellowes High-Stak Drawer Files,563.808,4,0.2,21.1428
CA-2018-162572,2018-09-25,2018-09-27,Second Class,RB-19360,Raymond Buch,Consumer,Cincinnati,Ohio,45231,East,OFF-AR-10001547,Office Supplies,Art,Newell 311,10.608,6,0.2,0.9282
CA-2017-120558,2017-06-07,2017-06-10,First Class,RD-19810,Ross DeVincentis,Home Office,New York City,New York,10035,East,OFF-PA-10003441,Office Supplies,Paper,Xerox 226,32.4,5,0.0,15.552
CA-2017-108882,2017-01-09,2017-01-15,Standard Class,LA-16780,Laura Armstrong,Corporate,Fresno,California,93727,West,TEC-AC-10000420,Technology,Accessories,Logitech G500s Laser Gaming Mouse with Adjustable Weight Tuning,349.95,5,0.0,118.983
CA-2018-119389,2018-04-17,2018-04-19,First Class,BG-11740,Bruce Geld,Consumer,Philadelphia,Pennsylvania,19120,East,FUR-FU-10001473,Furniture,Furnishings,"Eldon Executive Woodline II Desk Accessories, Mahogany",60.312,3,0.2,5.2773
CA-2015-102988,2015-04-05,2015-04-09,Second Class,GM-14695,Greg Maxwell,Corporate,Alexandria,Virginia,22304,South,OFF-AR-10000127,Office Supplies,Art,Newell 321,22.96,7,0.0,6.6584
US-2015-117170,2015-09-17,2015-09-24,Standard Class,KT-16465,Kean Takahito,Consumer,Raleigh,North Carolina,27604,South,TEC-AC-10001109,Technology,Accessories,Logitech Trackman Marble Mouse,47.984,2,0.2,13.1956
US-2016-110569,2016-05-23,2016-05-30,Standard Class,EB-13870,Emily Burns,Consumer,Phoenix,Arizona,85023,West,OFF-AP-10004708,Office Supplies,Appliances,Fellowes Superior 10 Outlet Split Surge Protector,121.792,4,0.2,13.7016
CA-2016-144386,2016-11-05,2016-11-11,Standard Class,GT-14635,Grant Thornton,Corporate,New York City,New York,10009,East,OFF-BI-10001116,Office Supplies,Binders,"Wilson Jones 1"" Hanging DublLock Ring Binders",25.344,6,0.2,8.8704
US-2015-133130,2015-09-27,2015-10-01,Standard Class,TH-21100,Thea Hendricks,Consumer,San Diego,California,92037,West,FUR-CH-10002602,Furniture,Chairs,DMI Arturo Collection Mission-style Design Wood Chair,603.92,5,0.2,45.294
CA-2018-122595,2018-12-14,2018-12-20,Standard Class,GM-14455,Gary Mitchum,Home Office,Chicago,Illinois,60653,Central,FUR-FU-10002963,Furniture,Furnishings,"Master Caster Door Stop, Gray",2.032,1,0.6,-1.3208
US-2018-109253,2018-08-21,2018-08-22,First Class,PR-18880,Patrick Ryan,Consumer,Oakland,California,94601,West,OFF-BI-10000962,Office Supplies,Binders,"Acco Flexible ACCOHIDE Square Ring Data Binder, Dark Blue, 11 1/2"" X 14"" 7/8""",117.144,9,0.2,42.4647
US-2015-150434,2015-07-19,2015-07-24,Standard Class,CA-12310,Christine Abelman,Corporate,Bristol,Connecticut,06010,East,TEC-PH-10000895,Technology,Phones,Polycom VVX 310 VoIP phone,359.98,2,0.0,93.5948
CA-2018-142867,2018-03-17,2018-03-21,Standard Class,PO-19180,Philisse Overcash,Home Office,Houston,Texas,77095,Central,OFF-BI-10003166,Office Supplies,Binders,GBC Plasticlear Binding Covers,13.776,6,0.8,-22.0416
CA-2016-130659,2016-12-04,2016-12-09,Second Class,MS-17365,Maribeth Schnelling,Consumer,New York City,New York,10035,East,OFF-EN-10004147,Office Supplies,Envelopes,Wausau Papers Astrobrights Colored Envelopes,17.94,3,0.0,8.7906
CA-2017-100244,2017-09-20,2017-09-24,Standard Class,GM-14695,Greg Maxwell,Corporate,San Francisco,California,94122,West,OFF-AR-10000940,Office Supplies,Art,Newell 343,11.76,4,0.0,3.1752
CA-2017-166485,2017-02-20,2017-02-27,Standard Class,AH-10210,Alan Hwang,Consumer,Nashville,Tennessee,37211,South,OFF-PA-10004996,Office Supplies,Paper,"Speediset Carbonless Redi-Letter 7"" x 8 1/2""",16.496,2,0.2,5.5674
CA-2018-136448,2018-09-16,2018-09-18,First Class,AS-10090,Adam Shillingsburg,Consumer,Philadelphia,Pennsylvania,19143,East,TEC-AC-10003628,Technology,Accessories,Logitech 910-002974 M325 Wireless Mouse for Web Scrolling,47.984,2,0.2,14.3952
CA-2018-111815,2018-03-03,2018-03-10,Standard Class,EP-13915,Emily Phan,Consumer,Dearborn Heights,Michigan,48127,Central,FUR-CH-10000785,Furniture,Chairs,Global Ergonomic Managers Chair,180.98,1,0.0,47.0548
CA-2015-166863,2015-06-20,2015-06-24,Standard Class,SC-20020,Sam Craven,Consumer,Plano,Texas,75023,Central,OFF-PA-10001166,Office Supplies,Paper,Xerox 2,15.552,3,0.2,5.4432
CA-2016-168767,2016-04-10,2016-04-15,Standard Class,DM-12955,Dario Medina,Corporate,Sacramento,California,95823,West,OFF-BI-10000773,Office Supplies,Binders,Insertable Tab Post Binder Dividers,12.832,2,0.2,4.3308
CA-2017-104157,2017-07-25,2017-07-29,Standard Class,MT-17815,Meg Tillman,Consumer,Jackson,Mississippi,39212,South,OFF-ST-10000321,Office Supplies,Storage,Akro Stacking Bins,7.89,1,0.0,0.3156
CA-2017-161676,2017-07-18,2017-07-23,Standard Class,JP-15460,Jennifer Patt,Corporate,Glendale,Arizona,85301,West,OFF-SU-10004782,Office Supplies,Supplies,"Elite 5"" Scissors",33.8,5,0.2,4.225
CA-2016-132626,2016-07-09,2016-07-14,Standard Class,BT-11680,Brian Thompson,Consumer,Clinton,Maryland,20735,East,OFF-FA-10002763,Office Supplies,Fasteners,Advantus Map Pennant Flags and Round Head Tacks,15.8,4,0.0,5.056
CA-2017-137848,2017-01-15,2017-01-21,Standard Class,WB-21850,William Brown,Consumer,New York City,New York,10011,East,OFF-PA-10004285,Office Supplies,Paper,Xerox 1959,60.12,9,0.0,28.8576
CA-2016-107937,2016-05-03,2016-05-08,Standard Class,JB-16045,Julia Barnett,Home Office,Chula Vista,California,91911,West,FUR-FU-10002298,Furniture,Furnishings,"Rubbermaid ClusterMat Chairmats, Mat Size- 66"" x 60"", Lip 20"" x 11"" -90 Degree Angle",665.88,6,0.0,106.5408
CA-2017-152471,2017-07-08,2017-07-08,Same Day,ZD-21925,Zuschuss Donatelli,Consumer,Jacksonville,Florida,32216,South,OFF-PA-10004965,Office Supplies,Paper,Xerox 1921,15.984,2,0.2,4.995
CA-2018-154039,2018-02-17,2018-02-22,Standard Class,JK-16120,Julie Kriz,Home Office,Chicago,Illinois,60653,Central,FUR-TA-10001932,Furniture,Tables,"Chromcraft 48"" x 96"" Racetrack Double Pedestal Table",480.96,3,0.5,-269.3376
CA-2017-167759,2017-03-03,2017-03-08,Second Class,CC-12670,Craig Carreira,Consumer,Bloomington,Indiana,47401,Central,TEC-PH-10003171,Technology,Phones,Plantronics Encore H101 Dual Earpieces Headset,134.85,3,0.0,37.758
CA-2015-100895,2015-06-02,2015-06-06,Standard Class,SV-20785,Stewart Visinsky,Consumer,Roswell,Georgia,30076,South,OFF-AR-10004511,Office Supplies,Art,"Sanford Colorific Scented Colored Pencils, 12/Pack",8.56,2,0.0,2.6536
CA-2016-167010,2016-04-05,2016-04-10,Standard Class,VT-21700,Valerie Takahito,Home Office,Philadelphia,Pennsylvania,19143,East,OFF-AP-10004036,Office Supplies,Appliances,Bionaire 99.97% HEPA Air Cleaner,98.112,7,0.2,18.396
US-2018-142573,2018-07-18,2018-07-23,Standard Class,ML-17410,Maris LaWare,Consumer,Phoenix,Arizona,85023,West,FUR-TA-10001932,Furniture,Tables,"Chromcraft 48"" x 96"" Racetrack Double Pedestal Table",801.6,5,0.5,-448.896
CA-2017-133144,2017-05-16,2017-05-21,Second Class,DO-13435,Denny Ordway,Consumer,Los Angeles,California,90036,West,OFF-PA-10004971,Office Supplies,Paper,Xerox 196,17.34,3,0.0,8.4966
CA-2016-132374,2016-02-22,2016-02-24,Second Class,PS-19045,Penelope Sewall,Home Office,Sterling Heights,Michigan,48310,Central,OFF-AR-10001615,Office Supplies,Art,Newell 34,79.36,4,0.0,20.6336
CA-2016-161998,2016-05-01,2016-05-05,Standard Class,DB-13120,David Bremer,Corporate,Tampa,Florida,33614,South,FUR-FU-10001095,Furniture,Furnishings,DAX Black Cherry Wood-Tone Poster Frame,63.552,3,0.2,14.2992
US-2016-149629,2016-07-17,2016-07-20,Second Class,MP-17965,Michael Paige,Corporate,Port Saint Lucie,Florida,34952,South,FUR-BO-10004709,Furniture,Bookcases,"Bush Westfield Collection Bookcases, Medium Cherry Finish",231.92,5,0.2,5.798
CA-2015-116834,2015-10-11,2015-10-16,Standard Class,Dp-13240,Dean percer,Home Office,Seattle,Washington,98115,West,TEC-AC-10002942,Technology,Accessories,WD My Passport Ultra 1TB Portable External Hard Drive,345.0,5,0.0,58.65
CA-2018-139311,2018-08-11,2018-08-13,First Class,SF-20965,Sylvia Foulston,Corporate,Bedford,Texas,76021,Central,OFF-BI-10004209,Office Supplies,Binders,"Fellowes Twister Kit, Gray/Clear, 3/pkg",12.864,8,0.8,-22.512
CA-2018-100356,2018-10-21,2018-10-25,Standard Class,SP-20920,Susan Pistek,Consumer,Chicago,Illinois,60653,Central,OFF-AP-10002191,Office Supplies,Appliances,Belkin 8 Outlet SurgeMaster II Gold Surge Protector,23.992,2,0.8,-62.3792
CA-2015-102673,2015-11-01,2015-11-05,Standard Class,KH-16630,Ken Heidel,Corporate,Charlotte,North Carolina,28205,South,OFF-FA-10003021,Office Supplies,Fasteners,Staples,7.52,5,0.2,1.41
CA-2017-145303,2017-08-28,2017-08-31,First Class,TP-21415,Tom Prescott,Consumer,Dallas,Texas,75081,Central,FUR-BO-10003159,Furniture,Bookcases,"Sauder Camden County Collection Libraries, Planked Cherry Finish",156.3728,2,0.32,-52.8908
CA-2016-100685,2016-12-19,2016-12-21,Second Class,SM-20950,Suzanne McNair,Corporate,Omaha,Nebraska,68104,Central,OFF-BI-10003094,Office Supplies,Binders,Self-Adhesive Ring Binder Labels,7.04,2,0.0,3.3088
CA-2018-133823,2018-05-11,2018-05-12,Same Day,LP-17080,Liz Pelletier,Consumer,Seattle,Washington,98103,West,OFF-BI-10000962,Office Supplies,Binders,"Acco Flexible ACCOHIDE Square Ring Data Binder, Dark Blue, 11 1/2"" X 14"" 7/8""",26.032,2,0.2,9.4366
CA-2018-100160,2018-09-07,2018-09-11,Standard Class,CB-12025,Cassandra Brandow,Consumer,Philadelphia,Pennsylvania,19134,East,OFF-EN-10001509,Office Supplies,Envelopes,Poly String Tie Envelopes,4.896,3,0.2,1.6524
CA-2016-100216,2016-04-13,2016-04-14,First Class,HJ-14875,Heather Jas,Home Office,Mesa,Arizona,85204,West,OFF-PA-10000788,Office Supplies,Paper,Xerox 210,31.104,6,0.2,10.8864
CA-2016-129392,2016-07-08,2016-07-08,Same Day,DM-13015,Darrin Martin,Consumer,Houston,Texas,77070,Central,OFF-PA-10004248,Office Supplies,Paper,Xerox 1990,21.12,5,0.2,6.6
US-2016-134271,2016-04-18,2016-04-23,Second Class,RF-19735,Roland Fjeld,Consumer,New York City,New York,10024,East,OFF-LA-10004093,Office Supplies,Labels,Avery 486,21.93,3,0.0,10.3071
CA-2018-100223,2018-07-05,2018-07-10,Standard Class,LS-16945,Linda Southworth,Corporate,Dallas,Texas,75220,Central,OFF-BI-10004492,Office Supplies,Binders,Tuf-Vin Binders,6.316,1,0.8,-10.4214
CA-2018-158673,2018-12-29,2019-01-04,Standard Class,KB-16600,Ken Brennan,Corporate,Grand Rapids,Michigan,49505,Central,OFF-PA-10000994,Office Supplies,Paper,Xerox 1915,209.7,2,0.0,100.656
CA-2018-117702,2018-11-28,2018-12-04,Standard Class,LS-16975,Lindsay Shagiari,Home Office,Baltimore,Maryland,21215,East,OFF-AR-10004582,Office Supplies,Art,BIC Brite Liner Grip Highlighters,1.64,1,0.0,0.738
CA-2018-129021,2018-08-23,2018-08-26,Second Class,PO-18850,Patrick O'Brill,Consumer,Tallahassee,Florida,32303,South,OFF-PA-10000141,Office Supplies,Paper,"Ampad Evidence Wirebond Steno Books, 6"" x 9""",8.72,5,0.2,2.943
CA-2016-115945,2016-06-25,2016-07-01,Standard Class,AB-10165,Alan Barnes,Consumer,Los Angeles,California,90045,West,OFF-BI-10004330,Office Supplies,Binders,"GBC Velobind Prepunched Cover Sets, Regency Series",88.752,3,0.2,27.735
CA-2016-136735,2016-07-26,2016-08-02,Standard Class,HA-14920,Helen Andreada,Consumer,San Francisco,California,94110,West,OFF-EN-10002230,Office Supplies,Envelopes,Airmail Envelopes,167.86,2,0.0,78.8942
CA-2016-154795,2016-12-20,2016-12-24,Standard Class,GZ-14470,Gary Zandusky,Consumer,Bullhead City,Arizona,86442,West,FUR-FU-10002088,Furniture,Furnishings,Nu-Dell Float Frame 11 x 14 1/2,14.368,2,0.2,3.9512
CA-2018-105410,2018-03-19,2018-03-22,First Class,ND-18370,Natalie DeCherney,Consumer,San Francisco,California,94110,West,TEC-AC-10002926,Technology,Accessories,Logitech Wireless Marathon Mouse M705,199.96,4,0.0,85.9828
CA-2018-111332,2018-05-20,2018-05-22,Second Class,NC-18340,Nat Carroll,Consumer,Fargo,North Dakota,58103,Central,OFF-AR-10001953,Office Supplies,Art,Boston 1645 Deluxe Heavier-Duty Electric Pencil Sharpener,131.94,3,0.0,35.6238
CA-2017-131737,2017-03-17,2017-03-17,Same Day,GZ-14470,Gary Zandusky,Consumer,Columbia,Maryland,21044,East,FUR-FU-10004306,Furniture,Furnishings,Electrix Halogen Magnifier Lamp,971.5,5,0.0,252.59
CA-2018-168641,2018-11-24,2018-12-01,Standard Class,KA-16525,Kelly Andreada,Consumer,New York City,New York,10035,East,OFF-AR-10003759,Office Supplies,Art,"Crayola Anti Dust Chalk, 12/Pack",16.38,9,0.0,7.371
CA-2018-167003,2018-05-23,2018-05-29,Standard Class,VS-21820,Vivek Sundaresam,Consumer,Los Angeles,California,90036,West,FUR-TA-10001520,Furniture,Tables,"Lesro Sheffield Collection Coffee Table, End Table, Center Table, Corner Table",171.288,3,0.2,-6.4233
CA-2017-119935,2017-11-10,2017-11-14,Standard Class,KM-16225,Kalyca Meade,Corporate,Springfield,Missouri,65807,Central,FUR-FU-10001085,Furniture,Furnishings,3M Polarizing Light Filter Sleeves,37.3,2,0.0,17.158
CA-2017-101385,2017-09-25,2017-10-01,Standard Class,JW-16075,Julia West,Consumer,San Francisco,California,94109,West,OFF-AR-10004441,Office Supplies,Art,BIC Brite Liner Highlighters,16.56,4,0.0,6.9552
CA-2018-152856,2018-09-08,2018-09-10,Second Class,RS-19765,Roland Schwarz,Corporate,Marion,Ohio,43302,East,TEC-AC-10004864,Technology,Accessories,Memorex Micro Travel Drive 32 GB,116.832,4,0.2,33.5892
CA-2015-140403,2015-10-10,2015-10-10,Same Day,TN-21040,Tanja Norvell,Home Office,Manteca,California,95336,West,OFF-EN-10001219,Office Supplies,Envelopes,"#10- 4 1/8"" x 9 1/2"" Security-Tint Envelopes",15.28,2,0.0,7.4872
CA-2016-163104,2016-03-19,2016-03-26,Standard Class,MC-18130,Mike Caudle,Corporate,Los Angeles,California,90004,West,OFF-PA-10001947,Office Supplies,Paper,Xerox 1974,11.96,2,0.0,5.8604
CA-2016-126557,2016-07-12,2016-07-17,Second Class,RL-19615,Rob Lucas,Consumer,Chicago,Illinois,60610,Central,TEC-PH-10003963,Technology,Phones,GE 2-Jack Phone Line Splitter,659.168,4,0.2,49.4376
CA-2016-118871,2016-12-04,2016-12-09,Second Class,HM-14860,Harry Marie,Corporate,Los Angeles,California,90049,West,FUR-FU-10002111,Furniture,Furnishings,"Master Caster Door Stop, Large Brown",36.4,5,0.0,13.832
CA-2016-111990,2016-11-08,2016-11-13,Standard Class,DB-13660,Duane Benoit,Consumer,Houston,Texas,77095,Central,OFF-BI-10003291,Office Supplies,Binders,Wilson Jones Leather-Like Binders with DublLock Round Rings,10.476,6,0.8,-17.2854
US-2018-163790,2018-11-02,2018-11-04,Second Class,NL-18310,Nancy Lomonaco,Home Office,Danville,California,94526,West,OFF-FA-10004838,Office Supplies,Fasteners,"Super Bands, 12/Pack",5.58,3,0.0,0.1674
CA-2016-117800,2016-09-21,2016-09-26,Standard Class,TH-21550,Tracy Hopkins,Home Office,Everett,Massachusetts,02149,East,TEC-PH-10002415,Technology,Phones,Polycom VoiceStation 500 Conference phone,589.9,2,0.0,147.475
CA-2016-117800,2016-09-21,2016-09-26,Standard Class,TH-21550,Tracy Hopkins,Home Office,Everett,Massachusetts,02149,East,FUR-CH-10000785,Furniture,Chairs,Global Ergonomic Managers Chair,542.94,3,0.0,141.1644
CA-2017-116232,2017-09-22,2017-09-26,Standard Class,AC-10450,Amy Cox,Consumer,Pembroke Pines,Florida,33024,South,OFF-LA-10001158,Office Supplies,Labels,"Avery Address/Shipping Labels for Typewriters, 4"" x 2""",16.56,2,0.2,5.796
CA-2017-127698,2017-12-01,2017-12-01,Same Day,MV-18190,Mike Vittorini,Consumer,Raleigh,North Carolina,27604,South,TEC-PH-10003811,Technology,Phones,Jabra Supreme Plus Driver Edition Headset,863.928,9,0.2,86.3928
CA-2017-158435,2017-05-17,2017-05-18,First Class,AG-10900,Arthur Gainer,Consumer,Waterbury,Connecticut,06708,East,OFF-SU-10000381,Office Supplies,Supplies,Acme Forged Steel Scissors with Black Enamel Handles,65.17,7,0.0,18.8993
CA-2018-138149,2018-06-29,2018-06-30,First Class,WB-21850,William Brown,Consumer,Los Angeles,California,90049,West,OFF-ST-10002974,Office Supplies,Storage,"Trav-L-File Heavy-Duty Shuttle II, Black",130.71,3,0.0,39.213
CA-2018-158883,2018-06-02,2018-06-03,Same Day,CS-11860,Cari Schnelling,Consumer,Jacksonville,North Carolina,28540,South,OFF-PA-10004733,Office Supplies,Paper,Things To Do Today Spiral Book,25.344,4,0.2,9.1872
CA-2018-119746,2018-11-23,2018-11-27,Standard Class,CM-12385,Christopher Martinez,Consumer,Chicago,Illinois,60610,Central,FUR-FU-10004909,Furniture,Furnishings,Contemporary Wood/Metal Frame,6.464,1,0.6,-4.04
CA-2016-104346,2016-12-11,2016-12-16,Standard Class,IM-15070,Irene Maddox,Consumer,Colorado Springs,Colorado,80906,West,TEC-AC-10004396,Technology,Accessories,Logitech Keyboard K120,58.08,4,0.2,-6.534
CA-2017-134222,2017-07-10,2017-07-11,Same Day,NZ-18565,Nick Zandusky,Home Office,Yuma,Arizona,85364,West,OFF-BI-10001658,Office Supplies,Binders,GBC Standard Therm-A-Bind Covers,44.856,6,0.7,-35.8848
CA-2018-167661,2018-10-05,2018-10-10,Standard Class,MP-18175,Mike Pelletier,Home Office,San Francisco,California,94110,West,OFF-BI-10002571,Office Supplies,Binders,"Avery Framed View Binder, EZD Ring (Locking), Navy, 1 1/2""",39.92,5,0.2,13.473
CA-2015-164469,2015-06-25,2015-06-27,Second Class,GK-14620,Grace Kelly,Corporate,Salem,Oregon,97301,West,OFF-AR-10003478,Office Supplies,Art,"Avery Hi-Liter EverBold Pen Style Fluorescent Highlighters, 4/Pack",71.632,11,0.2,17.908
CA-2015-164469,2015-06-25,2015-06-27,Second Class,GK-14620,Grace Kelly,Corporate,Salem,Oregon,97301,West,OFF-AR-10000475,Office Supplies,Art,"Hunt BOSTON Vista Battery-Operated Pencil Sharpener, Black",9.328,1,0.2,0.8162
CA-2017-125164,2017-11-10,2017-11-14,Standard Class,SH-19975,Sally Hughsby,Corporate,New York City,New York,10011,East,OFF-BI-10003982,Office Supplies,Binders,Wilson Jones Century Plastic Molded Ring Binders,49.848,3,0.2,16.8237
CA-2018-143567,2018-11-02,2018-11-05,Second Class,TB-21175,Thomas Boland,Corporate,Henderson,Kentucky,42420,South,TEC-AC-10004145,Technology,Accessories,Logitech diNovo Edge Keyboard,2249.91,9,0.0,517.4793
CA-2018-110884,2018-03-07,2018-03-12,Standard Class,SH-20395,Shahid Hopkins,Consumer,New York City,New York,10035,East,OFF-LA-10003510,Office Supplies,Labels,"Avery 4027 File Folder Labels for Dot Matrix Printers, 5000 Labels per Box, White",91.59,3,0.0,42.1314
US-2015-146353,2015-10-14,2015-10-16,Second Class,JE-15610,Jim Epp,Corporate,Concord,New Hampshire,03301,East,OFF-ST-10001469,Office Supplies,Storage,Fellowes Bankers Box Recycled Super Stor/Drawer,269.9,5,0.0,16.194
CA-2015-133809,2015-11-18,2015-11-23,Second Class,MS-17530,MaryBeth Skach,Consumer,Fairfield,Ohio,45014,East,OFF-BI-10001757,Office Supplies,Binders,Pressboard Hanging Data Binders for Unburst Sheets,11.808,8,0.7,-8.6592
CA-2018-114055,2018-12-25,2018-12-29,Second Class,MH-18115,Mick Hernandez,Home Office,Huntsville,Alabama,35810,South,OFF-FA-10003059,Office Supplies,Fasteners,Assorted Color Push Pins,3.62,2,0.0,1.1946
CA-2018-114055,2018-12-25,2018-12-29,Second Class,MH-18115,Mick Hernandez,Home Office,Huntsville,Alabama,35810,South,TEC-PH-10002890,Technology,Phones,AT&T 17929 Lendline Telephone,90.48,2,0.0,23.5248
CA-2016-106978,2016-09-28,2016-10-04,Standard Class,ZC-21910,Zuschuss Carroll,Consumer,Aurora,Colorado,80013,West,OFF-EN-10004483,Office Supplies,Envelopes,"#10 White Business Envelopes,4 1/8 x 9 1/2",12.536,1,0.2,4.2309
CA-2015-157147,2015-01-13,2015-01-18,Standard Class,BD-11605,Brian Dahlen,Consumer,San Francisco,California,94109,West,FUR-BO-10003034,Furniture,Bookcases,"O'Sullivan Elevations Bookcase, Cherry Finish",333.999,3,0.15,3.9294
CA-2015-160262,2015-06-09,2015-06-13,Second Class,TS-21205,Thomas Seio,Corporate,North Las Vegas,Nevada,89031,West,OFF-PA-10003641,Office Supplies,Paper,Xerox 1909,79.14,3,0.0,36.4044
CA-2015-156587,2015-03-07,2015-03-08,First Class,AB-10015,Aaron Bergman,Consumer,Seattle,Washington,98103,West,FUR-CH-10004477,Furniture,Chairs,"Global Push Button Manager's Chair, Indigo",48.712,1,0.2,5.4801
CA-2016-165050,2016-12-07,2016-12-09,First Class,AH-10210,Alan Hwang,Consumer,New York City,New York,10024,East,TEC-PH-10001336,Technology,Phones,Digium D40 VoIP phone,773.94,6,0.0,224.4426
CA-2016-160696,2016-09-06,2016-09-10,Standard Class,CK-12760,Cyma Kinney,Corporate,Nashville,Tennessee,37211,South,OFF-FA-10003059,Office Supplies,Fasteners,Assorted Color Push Pins,7.24,5,0.2,1.1765
CA-2017-155033,2017-10-07,2017-10-12,Standard Class,CC-12475,Cindy Chapman,Consumer,Los Angeles,California,90032,West,OFF-PA-10000143,Office Supplies,Paper,Astroparche Fine Business Paper,10.56,2,0.0,5.0688
CA-2015-124478,2015-08-08,2015-08-12,Standard Class,MA-17560,Matt Abelman,Home Office,Trenton,Michigan,48183,Central,OFF-EN-10002500,Office Supplies,Envelopes,Globe Weis Peel & Seel First Class Envelopes,38.34,3,0.0,17.253
CA-2018-132738,2018-08-04,2018-08-07,First Class,HM-14860,Harry Marie,Corporate,Loveland,Colorado,80538,West,OFF-EN-10001141,Office Supplies,Envelopes,"Manila Recycled Extra-Heavyweight Clasp Envelopes, 6"" x 9""",8.784,1,0.2,3.1842
US-2015-140452,2015-12-06,2015-12-10,Standard Class,BK-11260,Berenike Kampe,Consumer,Chicago,Illinois,60610,Central,TEC-PH-10000307,Technology,Phones,Shocksock Galaxy S4 Armband,35.04,4,0.2,-7.008
CA-2015-149538,2015-04-04,2015-04-08,Standard Class,KB-16585,Ken Black,Corporate,Lafayette,Louisiana,70506,South,OFF-ST-10004180,Office Supplies,Storage,Safco Commercial Shelving,232.55,5,0.0,9.302
CA-2015-121006,2015-11-10,2015-11-16,Standard Class,SC-20020,Sam Craven,Consumer,Midland,Michigan,48640,Central,OFF-PA-10000130,Office Supplies,Paper,Xerox 199,12.84,3,0.0,5.778
CA-2017-122903,2017-05-27,2017-05-29,Second Class,LA-16780,Laura Armstrong,Corporate,Detroit,Michigan,48205,Central,OFF-PA-10001790,Office Supplies,Paper,Xerox 1910,144.12,3,0.0,69.1776
CA-2017-145898,2017-09-26,2017-09-26,Same Day,CM-12445,Chuck Magee,Consumer,Redlands,California,92374,West,OFF-ST-10004507,Office Supplies,Storage,Advantus Rolling Storage Box,51.45,3,0.0,13.8915
CA-2017-156265,2017-08-02,2017-08-04,Second Class,BF-11020,Barry Französisch,Corporate,Los Angeles,California,90032,West,TEC-PH-10001918,Technology,Phones,Nortel Business Series Terminal T7208 Digital phone,333.576,3,0.2,33.3576
US-2017-169369,2017-12-12,2017-12-18,Standard Class,EC-14050,Erin Creighton,Consumer,Columbus,Georgia,31907,South,TEC-AC-10001314,Technology,Accessories,Case Logic 2.4GHz Wireless Keyboard,249.95,5,0.0,19.996
CA-2018-158722,2018-10-20,2018-10-26,Standard Class,MA-17560,Matt Abelman,Home Office,Philadelphia,Pennsylvania,19120,East,OFF-PA-10000176,Office Supplies,Paper,Xerox 1887,45.528,3,0.2,15.9348
CA-2015-105165,2015-09-07,2015-09-10,First Class,SZ-20035,Sam Zeldin,Home Office,Houston,Texas,77036,Central,FUR-TA-10004154,Furniture,Tables,"Riverside Furniture Oval Coffee Table, Oval End Table, End Table with Drawer",200.795,1,0.3,-22.948
CA-2016-105158,2016-09-05,2016-09-10,Standard Class,SP-20860,Sung Pak,Corporate,Rochester,Minnesota,55901,Central,FUR-FU-10001706,Furniture,Furnishings,Longer-Life Soft White Bulbs,6.16,2,0.0,2.9568
US-2018-162558,2018-10-02,2018-10-05,First Class,Dp-13240,Dean percer,Home Office,Knoxville,Tennessee,37918,South,OFF-BI-10003984,Office Supplies,Binders,Lock-Up Easel 'Spel-Binder',34.236,4,0.7,-26.2476
CA-2018-134439,2018-09-18,2018-09-23,Second Class,TM-21010,Tamara Manning,Consumer,Grand Island,Nebraska,68801,Central,OFF-PA-10004082,Office Supplies,Paper,"Adams Telephone Message Book w/Frequently-Called Numbers Space, 400 Messages per Book",15.96,2,0.0,7.98
CA-2016-152681,2016-01-17,2016-01-22,Standard Class,SC-20260,Scott Cohen,Corporate,Lawrence,Massachusetts,01841,East,OFF-AR-10003183,Office Supplies,Art,Avery Fluorescent Highlighter Four-Color Set,6.68,2,0.0,2.004
CA-2015-123477,2015-01-18,2015-01-21,Second Class,DW-13195,David Wiener,Corporate,Springfield,Oregon,97477,West,OFF-AP-10000692,Office Supplies,Appliances,Fellowes Mighty 8 Compact Surge Protector,64.864,4,0.2,6.4864
CA-2018-134152,2018-05-27,2018-05-31,Standard Class,RP-19855,Roy Phan,Corporate,Seattle,Washington,98103,West,OFF-AR-10004062,Office Supplies,Art,Staples in misc. colors,31.44,3,0.0,7.86
US-2015-123183,2015-11-19,2015-11-25,Standard Class,GR-14560,Georgia Rosenberg,Corporate,Wilmington,Delaware,19805,East,OFF-LA-10002787,Office Supplies,Labels,Avery 480,22.5,6,0.0,10.8
CA-2017-117681,2017-04-09,2017-04-14,Standard Class,HF-14995,Herbert Flentye,Consumer,Los Angeles,California,90004,West,FUR-BO-10001798,Furniture,Bookcases,Bush Somerset Collection Bookcase,556.665,5,0.15,6.549
CA-2015-146591,2015-01-19,2015-01-20,First Class,TS-21340,Toby Swindell,Consumer,Scottsdale,Arizona,85254,West,OFF-EN-10002504,Office Supplies,Envelopes,"Tyvek  Top-Opening Peel & Seel Envelopes, Plain White",108.72,5,0.2,36.693
CA-2018-134495,2018-04-01,2018-04-04,Second Class,BF-11020,Barry Französisch,Corporate,Jacksonville,Florida,32216,South,OFF-AP-10002222,Office Supplies,Appliances,Staple holder,20.808,3,0.2,1.8207
CA-2015-105249,2015-11-28,2015-11-28,Same Day,DH-13675,Duane Huffman,Home Office,San Francisco,California,94122,West,OFF-LA-10002043,Office Supplies,Labels,Avery 489,41.4,4,0.0,19.872
CA-2018-127782,2018-11-02,2018-11-06,Standard Class,TH-21115,Thea Hudgings,Corporate,Philadelphia,Pennsylvania,19140,East,TEC-PH-10001817,Technology,Phones,Wilson Electronics DB Pro Signal Booster,859.2,4,0.4,-186.16
US-2017-162026,2017-10-08,2017-10-08,Same Day,JE-15745,Joel Eaton,Consumer,Los Angeles,California,90036,West,OFF-PA-10000167,Office Supplies,Paper,Xerox 1925,61.96,2,0.0,27.882
CA-2015-159800,2015-11-28,2015-12-01,First Class,SG-20470,Sheri Gordon,Consumer,San Francisco,California,94109,West,TEC-AC-10003447,Technology,Accessories,Micropad Numeric Keypads,139.93,7,0.0,34.9825
US-2015-159618,2015-11-12,2015-11-16,Standard Class,DB-12970,Darren Budd,Corporate,Houston,Texas,77036,Central,FUR-BO-10004467,Furniture,Bookcases,Bestar Classic Bookcase,67.9932,1,0.32,-12.9987
CA-2016-168634,2016-12-06,2016-12-11,Standard Class,AF-10870,Art Ferguson,Consumer,San Francisco,California,94109,West,OFF-AP-10001626,Office Supplies,Appliances,"Commercial WindTunnel Clean Air Upright Vacuum, Replacement Belts, Filtration Bags",7.78,2,0.0,2.0228
CA-2017-121748,2017-10-24,2017-10-28,Second Class,VW-21775,Victoria Wilson,Corporate,Los Angeles,California,90032,West,TEC-AC-10003063,Technology,Accessories,Micro Innovations USB RF Wireless Keyboard with Mouse,100.0,4,0.0,21.0
CA-2018-142342,2018-07-17,2018-07-19,Second Class,AJ-10795,Anthony Johnson,Corporate,Apple Valley,California,92307,West,OFF-ST-10002957,Office Supplies,Storage,Sterilite Show Offs Storage Containers,10.56,2,0.0,0.0
CA-2017-141957,2017-07-21,2017-07-21,Same Day,JG-15310,Jason Gross,Corporate,Newark,Ohio,43055,East,OFF-BI-10001116,Office Supplies,Binders,"Wilson Jones 1"" Hanging DublLock Ring Binders",11.088,7,0.7,-8.1312
CA-2015-164315,2015-04-02,2015-04-08,Standard Class,RD-19585,Rob Dowd,Consumer,Athens,Georgia,30605,South,OFF-AP-10003842,Office Supplies,Appliances,Euro-Pro Shark Turbo Vacuum,154.9,5,0.0,40.274
CA-2016-119550,2016-12-26,2016-12-31,Standard Class,RB-19705,Roger Barcio,Home Office,Houston,Texas,77070,Central,FUR-CH-10002044,Furniture,Chairs,"Office Star - Contemporary Task Swivel chair with 2-way adjustable arms, Plum",275.058,3,0.3,-90.3762
US-2016-160857,2016-05-08,2016-05-15,Standard Class,NW-18400,Natalie Webber,Consumer,New York City,New York,10024,East,OFF-SU-10000157,Office Supplies,Supplies,Compact Automatic Electric Letter Opener,357.93,3,0.0,7.1586
CA-2015-111773,2015-06-29,2015-07-03,Standard Class,JK-15625,Jim Karlsson,Consumer,New York City,New York,10024,East,OFF-BI-10000174,Office Supplies,Binders,"Wilson Jones Clip & Carry Folder Binder Tool for Ring Binders, Clear",13.92,3,0.2,4.872
US-2018-106796,2018-05-12,2018-05-19,Standard Class,JP-16135,Julie Prescott,Home Office,Springfield,Ohio,45503,East,OFF-AR-10003504,Office Supplies,Art,Newell 347,10.272,3,0.2,1.1556
CA-2015-124730,2015-11-26,2015-11-26,Same Day,LS-17245,Lynn Smith,Consumer,Utica,New York,13501,East,TEC-PH-10002170,Technology,Phones,ClearSounds CSC500 Amplified Spirit Phone Corded phone,279.96,4,0.0,78.3888
CA-2018-117632,2018-05-12,2018-05-18,Standard Class,CS-12175,Charles Sheldon,Corporate,San Francisco,California,94122,West,FUR-TA-10001520,Furniture,Tables,"Lesro Sheffield Collection Coffee Table, End Table, Center Table, Corner Table",285.48,5,0.2,-10.7055
CA-2016-101868,2016-06-09,2016-06-16,Standard Class,MJ-17740,Max Jones,Consumer,Miami,Florida,33178,South,TEC-AC-10004396,Technology,Accessories,Logitech Keyboard K120,72.6,5,0.2,-8.1675
US-2016-126977,2016-09-17,2016-09-23,Standard Class,PF-19120,Peter Fuller,Consumer,New York City,New York,10035,East,TEC-PH-10000169,Technology,Phones,ARKON Windshield Dashboard Air Vent Car Mount Holder,67.8,4,0.0,1.356
CA-2017-127138,2017-03-12,2017-03-15,Second Class,DK-13225,Dean Katz,Corporate,San Francisco,California,94109,West,OFF-AP-10003842,Office Supplies,Appliances,Euro-Pro Shark Turbo Vacuum,154.9,5,0.0,40.274
CA-2018-119011,2018-08-20,2018-08-25,Standard Class,LR-17035,Lisa Ryan,Corporate,San Francisco,California,94109,West,OFF-ST-10000777,Office Supplies,Storage,"Companion Letter/Legal File, Black",226.56,6,0.0,63.4368
CA-2017-163776,2017-07-19,2017-07-25,Standard Class,JS-16030,Joy Smith,Consumer,Hattiesburg,Mississippi,39401,South,OFF-PA-10001033,Office Supplies,Paper,Xerox 1893,245.94,6,0.0,120.5106
CA-2017-162187,2017-12-11,2017-12-11,Same Day,NS-18640,Noel Staavos,Corporate,Columbus,Ohio,43229,East,OFF-SU-10004782,Office Supplies,Supplies,"Elite 5"" Scissors",13.52,2,0.2,1.69
US-2018-146878,2018-09-21,2018-09-27,Standard Class,DL-12865,Dan Lawera,Consumer,Miami,Florida,33142,South,OFF-BI-10002794,Office Supplies,Binders,"Avery Trapezoid Ring Binder, 3"" Capacity, Black, 1040 sheets",12.294,1,0.7,-8.6058
CA-2018-107244,2018-09-07,2018-09-11,Standard Class,AG-10390,Allen Goldenen,Consumer,Los Angeles,California,90004,West,FUR-FU-10002597,Furniture,Furnishings,"C-Line Magnetic Cubicle Keepers, Clear Polypropylene",19.76,4,0.0,8.2992
CA-2017-159016,2017-03-10,2017-03-11,First Class,KF-16285,Karen Ferguson,Home Office,Los Angeles,California,90008,West,TEC-PH-10002885,Technology,Phones,Apple iPhone 5,4158.912,8,0.2,363.9048
CA-2018-136007,2018-02-23,2018-03-02,Standard Class,AC-10615,Ann Chong,Corporate,Seattle,Washington,98115,West,TEC-PH-10003589,Technology,Phones,invisibleSHIELD by ZAGG Smudge-Free Screen Protector,71.96,5,0.2,25.186
CA-2016-130253,2016-12-14,2016-12-18,Standard Class,PP-18955,Paul Prost,Home Office,Los Angeles,California,90036,West,FUR-FU-10002963,Furniture,Furnishings,"Master Caster Door Stop, Gray",15.24,3,0.0,5.1816
CA-2018-143378,2018-09-19,2018-09-25,Standard Class,JR-16210,Justin Ritter,Corporate,Springfield,Oregon,97477,West,OFF-AR-10001915,Office Supplies,Art,Peel-Off China Markers,23.832,3,0.2,6.5538
CA-2016-105613,2016-10-18,2016-10-22,Standard Class,KN-16705,Kristina Nunn,Home Office,Mcallen,Texas,78501,Central,TEC-AC-10000521,Technology,Accessories,"Verbatim Slim CD and DVD Storage Cases, 50/Pack",27.696,3,0.2,3.462
US-2017-142251,2017-10-31,2017-11-04,Second Class,FO-14305,Frank Olsen,Consumer,Hollywood,Florida,33021,South,OFF-PA-10002986,Office Supplies,Paper,Xerox 1898,32.064,6,0.2,11.2224
CA-2018-139437,2018-07-03,2018-07-08,Standard Class,RD-19585,Rob Dowd,Consumer,Los Angeles,California,90004,West,OFF-ST-10002485,Office Supplies,Storage,Rogers Deluxe File Chest,87.92,4,0.0,0.8792
CA-2016-146675,2016-04-16,2016-04-20,Standard Class,SB-20185,Sarah Brown,Consumer,Evanston,Illinois,60201,Central,TEC-AC-10004396,Technology,Accessories,Logitech Keyboard K120,43.56,3,0.2,-4.9005
CA-2018-145660,2018-12-01,2018-12-03,First Class,MG-17650,Matthew Grinstein,Home Office,Marion,Ohio,43302,East,FUR-FU-10002885,Furniture,Furnishings,Magna Visual Magnetic Picture Hangers,7.712,2,0.2,1.7352
CA-2017-133697,2017-10-20,2017-10-24,Second Class,CM-12445,Chuck Magee,Consumer,Houston,Texas,77095,Central,OFF-PA-10000726,Office Supplies,Paper,"Black Print Carbonless Snap-Off Rapid Letter, 8 1/2"" x 7""",51.016,7,0.2,15.9425
CA-2017-160220,2017-10-20,2017-10-26,Standard Class,JS-16030,Joy Smith,Consumer,Trenton,Michigan,48183,Central,OFF-ST-10000617,Office Supplies,Storage,Woodgrain Magazine Files by Perma,20.86,7,0.0,1.4602
CA-2018-121580,2018-05-29,2018-06-04,Standard Class,ML-17410,Maris LaWare,Consumer,Columbus,Indiana,47201,Central,OFF-AP-10001564,Office Supplies,Appliances,Hoover Commercial Lightweight Upright Vacuum with E-Z Empty Dirt Cup,465.16,2,0.0,120.9416
CA-2018-121580,2018-05-29,2018-06-04,Standard Class,ML-17410,Maris LaWare,Consumer,Columbus,Indiana,47201,Central,OFF-PA-10004082,Office Supplies,Paper,"Adams Telephone Message Book w/Frequently-Called Numbers Space, 400 Messages per Book",7.98,1,0.0,3.99
CA-2016-150441,2016-08-13,2016-08-17,Second Class,RA-19285,Ralph Arnett,Consumer,Richmond,Indiana,47374,Central,OFF-BI-10003529,Office Supplies,Binders,Avery Round Ring Poly Binders,11.36,4,0.0,5.5664
CA-2018-102379,2018-12-02,2018-12-06,Standard Class,BB-11545,Brenda Bowman,Corporate,Oakland,California,94601,West,OFF-AR-10004022,Office Supplies,Art,Panasonic KP-380BK Classic Electric Pencil Sharpener,179.9,5,0.0,44.975
CA-2018-161459,2018-11-25,2018-11-29,Second Class,EB-13750,Edward Becker,Corporate,Laguna Niguel,California,92677,West,OFF-PA-10002377,Office Supplies,Paper,"Adams Telephone Message Book W/Dividers/Space For Phone Numbers, 5 1/4""X8 1/2"", 200/Messages",34.08,6,0.0,15.336
CA-2018-151211,2018-08-17,2018-08-23,Standard Class,AH-10120,Adrian Hane,Home Office,Louisville,Kentucky,40214,South,OFF-BI-10002735,Office Supplies,Binders,GBC Prestige Therm-A-Bind Covers,102.93,3,0.0,48.3771
CA-2017-143714,2017-05-23,2017-05-27,Standard Class,CC-12370,Christopher Conant,Consumer,Philadelphia,Pennsylvania,19120,East,TEC-PH-10004080,Technology,Phones,Avaya 5410 Digital phone,122.382,3,0.4,-24.4764
US-2018-113992,2018-12-14,2018-12-19,Standard Class,LC-16885,Lena Creighton,Consumer,Plano,Texas,75023,Central,FUR-TA-10000577,Furniture,Tables,Bretford CR4500 Series Slim Rectangular Table,974.988,4,0.3,-97.4988
US-2018-133361,2018-05-14,2018-05-17,First Class,AJ-10780,Anthony Jacobs,Corporate,Baltimore,Maryland,21215,East,OFF-AR-10003338,Office Supplies,Art,"Eberhard Faber 3 1/2"" Golf Pencils",37.2,5,0.0,9.3
US-2018-133361,2018-05-14,2018-05-17,First Class,AJ-10780,Anthony Jacobs,Corporate,Baltimore,Maryland,21215,East,OFF-LA-10004544,Office Supplies,Labels,Avery 505,74.0,5,0.0,37.0
CA-2018-140872,2018-06-03,2018-06-10,Standard Class,NR-18550,Nick Radford,Consumer,Pembroke Pines,Florida,33024,South,FUR-BO-10002824,Furniture,Bookcases,Bush Mission Pointe Library,241.568,2,0.2,0.0
CA-2017-152331,2017-06-26,2017-06-30,Standard Class,LD-16855,Lela Donovan,Corporate,Chicago,Illinois,60653,Central,OFF-AR-10001547,Office Supplies,Art,Newell 311,5.304,3,0.2,0.4641
US-2018-107384,2018-12-04,2018-12-08,Standard Class,TP-21130,Theone Pippenger,Consumer,Rochester,Minnesota,55901,Central,OFF-AR-10001315,Office Supplies,Art,Newell 310,8.8,5,0.0,2.552
US-2018-107384,2018-12-04,2018-12-08,Standard Class,TP-21130,Theone Pippenger,Consumer,Rochester,Minnesota,55901,Central,TEC-AC-10004595,Technology,Accessories,First Data TMFD35 PIN Pad,142.8,1,0.0,29.988
CA-2015-100678,2015-04-18,2015-04-22,Standard Class,KM-16720,Kunst Miller,Consumer,Houston,Texas,77095,Central,TEC-AC-10000474,Technology,Accessories,Kensington Expert Mouse Optical USB Trackball for PC or Mac,227.976,3,0.2,28.497
CA-2016-107678,2016-04-21,2016-04-28,Standard Class,JK-16090,Juliana Krohn,Consumer,Louisville,Kentucky,40214,South,FUR-CH-10001891,Furniture,Chairs,Global Deluxe Office Fabric Chairs,191.96,2,0.0,51.8292
CA-2016-153794,2016-09-11,2016-09-16,Standard Class,SB-20290,Sean Braxton,Corporate,San Diego,California,92024,West,OFF-AR-10000380,Office Supplies,Art,"Hunt PowerHouse Electric Pencil Sharpener, Blue",265.86,7,0.0,79.758
CA-2018-163069,2018-08-18,2018-08-21,Second Class,PJ-19015,Pauline Johnson,Consumer,Columbus,Ohio,43229,East,OFF-AR-10001419,Office Supplies,Art,Newell 325,9.912,3,0.2,1.239
CA-2018-107629,2018-12-14,2018-12-14,Same Day,DB-13060,Dave Brooks,Consumer,Skokie,Illinois,60076,Central,TEC-AC-10004510,Technology,Accessories,Logitech Desktop MK120 Mouse and keyboard Combo,39.264,3,0.2,-4.908
CA-2015-120096,2015-07-04,2015-07-07,First Class,KE-16420,Katrina Edelman,Corporate,Aurora,Colorado,80013,West,OFF-AP-10000692,Office Supplies,Appliances,Fellowes Mighty 8 Compact Surge Protector,32.432,2,0.2,3.2432
US-2018-101784,2018-07-06,2018-07-11,Standard Class,PO-18850,Patrick O'Brill,Consumer,Los Angeles,California,90008,West,FUR-CH-10001146,Furniture,Chairs,"Global Task Chair, Black",122.136,3,0.2,-13.7403
CA-2017-154767,2017-06-28,2017-06-30,Second Class,BP-11155,Becky Pak,Consumer,Paterson,New Jersey,07501,East,OFF-PA-10003039,Office Supplies,Paper,Xerox 1960,61.96,2,0.0,27.882
CA-2016-161445,2016-09-07,2016-09-09,Second Class,CC-12610,Corey Catlett,Corporate,Durham,North Carolina,27707,South,OFF-AR-10001953,Office Supplies,Art,Boston 1645 Deluxe Heavier-Duty Electric Pencil Sharpener,140.736,4,0.2,12.3144
CA-2016-145394,2016-11-16,2016-11-20,Standard Class,MC-17605,Matt Connell,Corporate,Chicago,Illinois,60610,Central,FUR-FU-10001215,Furniture,Furnishings,"Howard Miller 11-1/2"" Diameter Brentwood Wall Clock",34.504,2,0.6,-15.5268
CA-2017-118689,2017-10-02,2017-10-09,Standard Class,TC-20980,Tamara Chand,Corporate,Lafayette,Indiana,47905,Central,OFF-ST-10001558,Office Supplies,Storage,Acco Perma 4000 Stacking Storage Drawers,32.48,2,0.0,4.872
US-2018-162670,2018-12-23,2018-12-28,Second Class,MF-18250,Monica Federle,Corporate,Little Rock,Arkansas,72209,South,OFF-ST-10001522,Office Supplies,Storage,"Gould Plastics 18-Pocket Panel Bin, 34w x 5-1/4d x 20-1/2h",367.96,4,0.0,14.7184
US-2017-126452,2017-08-21,2017-08-28,Standard Class,SC-20230,Scot Coram,Corporate,Los Angeles,California,90004,West,TEC-PH-10003555,Technology,Phones,Motorola HK250 Universal Bluetooth Headset,91.96,5,0.2,-20.691
CA-2016-120677,2016-05-31,2016-06-04,Standard Class,BD-11320,Bill Donatelli,Consumer,Minneapolis,Minnesota,55407,Central,FUR-CH-10002320,Furniture,Chairs,Hon Pagoda Stacking Chairs,2567.84,8,0.0,770.352
CA-2018-120222,2018-04-25,2018-05-02,Standard Class,LL-16840,Lauren Leatherbury,Consumer,Los Angeles,California,90032,West,OFF-PA-10004675,Office Supplies,Paper,"Telephone Message Books with Fax/Mobile Section, 5 1/2"" x 3 3/16""",19.05,3,0.0,8.763
CA-2018-164756,2018-09-18,2018-09-22,Standard Class,SS-20140,Saphhira Shifley,Corporate,Columbus,Georgia,31907,South,TEC-PH-10001552,Technology,Phones,I Need's 3d Hello Kitty Hybrid Silicone Case Cover for HTC One X 4g with 3d Hello Kitty Stylus Pen Green/pink,95.68,8,0.0,26.7904
US-2018-135013,2018-07-24,2018-07-24,Same Day,HR-14830,Harold Ryan,Corporate,Huntington Beach,California,92646,West,TEC-CO-10001449,Technology,Copiers,Hewlett Packard LaserJet 3310 Copier,2399.96,5,0.2,839.986
CA-2016-130365,2016-04-25,2016-04-29,Standard Class,ZC-21910,Zuschuss Carroll,Consumer,Aurora,Illinois,60505,Central,FUR-CH-10003535,Furniture,Chairs,"Global Armless Task Chair, Royal Blue",128.058,3,0.3,-23.7822
CA-2016-129917,2016-10-02,2016-10-03,First Class,HM-14980,Henry MacAllister,Consumer,Los Angeles,California,90008,West,TEC-PH-10000369,Technology,Phones,HTC One Mini,503.96,5,0.2,50.396
CA-2017-157161,2017-07-16,2017-07-20,Second Class,JD-15895,Jonathan Doherty,Corporate,Columbia,South Carolina,29203,South,OFF-BI-10004728,Office Supplies,Binders,Wilson Jones Turn Tabs Binder Tool for Ring Binders,24.1,5,0.0,11.086
CA-2016-109386,2016-11-08,2016-11-13,Second Class,RH-19600,Rob Haberlin,Consumer,Hampton,Virginia,23666,South,TEC-PH-10002890,Technology,Phones,AT&T 17929 Lendline Telephone,226.2,5,0.0,58.812
CA-2016-132633,2016-02-03,2016-02-05,Second Class,KH-16630,Ken Heidel,Corporate,Pleasant Grove,Utah,84062,West,OFF-BI-10002432,Office Supplies,Binders,Wilson Jones Standard D-Ring Binders,12.144,3,0.2,4.0986
CA-2017-166282,2017-04-16,2017-04-22,Standard Class,PK-19075,Pete Kriz,Consumer,Nashville,Tennessee,37211,South,OFF-PA-10003022,Office Supplies,Paper,Standard Line “While You Were Out” Hardbound Telephone Message Book,123.088,7,0.2,40.0036
CA-2018-141439,2018-11-26,2018-12-01,Standard Class,TT-21460,Tonja Turnell,Home Office,Richmond,Indiana,47374,Central,TEC-PH-10001819,Technology,Phones,Innergie mMini Combo Duo USB Travel Charging Kit,89.98,2,0.0,43.1904
CA-2018-100412,2018-12-22,2018-12-26,Standard Class,SR-20425,Sharelle Roach,Home Office,Tuscaloosa,Alabama,35401,South,FUR-CH-10002647,Furniture,Chairs,"Situations Contoured Folding Chairs, 4/Set",141.96,2,0.0,35.49
CA-2018-133102,2018-08-17,2018-08-24,Standard Class,ED-13885,Emily Ducich,Home Office,Houston,Texas,77095,Central,OFF-AR-10003183,Office Supplies,Art,Avery Fluorescent Highlighter Four-Color Set,8.016,3,0.2,1.002
CA-2017-164399,2017-11-12,2017-11-15,First Class,DW-13480,Dianna Wilson,Home Office,San Diego,California,92024,West,TEC-PH-10004908,Technology,Phones,Panasonic KX TS3282W Corded phone,203.976,3,0.2,25.497
US-2016-156797,2016-08-11,2016-08-15,Standard Class,PO-19180,Philisse Overcash,Home Office,New York City,New York,10035,East,TEC-PH-10004614,Technology,Phones,AT&T 841000 Phone,138.0,2,0.0,34.5
CA-2017-104276,2017-11-27,2017-12-03,Standard Class,HF-14995,Herbert Flentye,Consumer,Fort Lauderdale,Florida,33311,South,TEC-PH-10001944,Technology,Phones,Wi-Ex zBoost YX540 Cellular Phone Signal Booster,116.76,1,0.2,14.595
CA-2016-136658,2016-09-10,2016-09-17,Standard Class,BO-11425,Bobby Odegard,Consumer,New York City,New York,10024,East,OFF-AR-10000817,Office Supplies,Art,Manco Dry-Lighter Erasable Highlighter,6.08,2,0.0,2.0672
CA-2016-150770,2016-05-03,2016-05-06,First Class,LC-16870,Lena Cacioppo,Consumer,San Francisco,California,94109,West,OFF-BI-10001575,Office Supplies,Binders,GBC Linen Binding Covers,49.568,2,0.2,17.3488
CA-2015-120670,2015-11-02,2015-11-06,Standard Class,JK-16120,Julie Kriz,Home Office,Fort Lauderdale,Florida,33311,South,TEC-AC-10004171,Technology,Accessories,Razer Kraken 7.1 Surround Sound Over Ear USB Gaming Headset,799.92,10,0.2,239.976
CA-2018-112172,2018-06-10,2018-06-14,Second Class,MM-18280,Muhammed MacIntyre,Corporate,New York City,New York,10024,East,OFF-FA-10004395,Office Supplies,Fasteners,Plymouth Boxed Rubber Bands by Plymouth,14.13,3,0.0,0.7065
CA-2016-139780,2016-12-31,2017-01-02,Second Class,AH-10690,Anna Häberlin,Corporate,Detroit,Michigan,48205,Central,OFF-BI-10004139,Office Supplies,Binders,Fellowes Presentation Covers for Comb Binding Machines,116.4,8,0.0,52.38
CA-2017-163594,2017-04-12,2017-04-14,First Class,JF-15295,Jason Fortune-,Consumer,Los Angeles,California,90036,West,OFF-BI-10003707,Office Supplies,Binders,Aluminum Screw Posts,36.624,3,0.2,13.734
CA-2017-127243,2017-11-28,2017-12-04,Standard Class,DS-13180,David Smith,Corporate,Philadelphia,Pennsylvania,19140,East,TEC-PH-10004539,Technology,Phones,Wireless Extenders zBoost YX545 SOHO Signal Booster,340.182,3,0.4,-73.7061
US-2018-123862,2018-01-07,2018-01-09,Second Class,JF-15190,Jamie Frazer,Consumer,Long Beach,California,90805,West,OFF-ST-10002301,Office Supplies,Storage,Tennsco Commercial Shelving,61.02,3,0.0,0.6102
CA-2018-121125,2018-05-30,2018-06-03,Standard Class,MG-17890,Michael Granlund,Home Office,Tigard,Oregon,97224,West,TEC-AC-10002323,Technology,Accessories,SanDisk Ultra 32 GB MicroSDHC Class 10 Memory Card,35.36,2,0.2,-3.094
US-2017-114013,2017-03-13,2017-03-15,Second Class,SC-20770,Stewart Carmichael,Corporate,Philadelphia,Pennsylvania,19134,East,OFF-PA-10004996,Office Supplies,Paper,"Speediset Carbonless Redi-Letter 7"" x 8 1/2""",41.24,5,0.2,13.9185
US-2017-114013,2017-03-13,2017-03-15,Second Class,SC-20770,Stewart Carmichael,Corporate,Philadelphia,Pennsylvania,19134,East,TEC-MA-10001148,Technology,Machines,Okidata MB491 Multifunction Printer,449.1,3,0.7,-643.71
US-2015-164763,2015-03-17,2015-03-21,Standard Class,MH-17440,Mark Haberlin,Corporate,Jackson,Mississippi,39212,South,OFF-BI-10000309,Office Supplies,Binders,"GBC Twin Loop Wire Binding Elements, 9/16"" Spine, Black",30.44,2,0.0,14.9156
US-2015-164763,2015-03-17,2015-03-21,Standard Class,MH-17440,Mark Haberlin,Corporate,Jackson,Mississippi,39212,South,OFF-PA-10003063,Office Supplies,Paper,EcoTones Memo Sheets,16.0,4,0.0,7.68
CA-2016-137974,2016-04-16,2016-04-18,First Class,LL-16840,Lauren Leatherbury,Consumer,Waynesboro,Virginia,22980,South,FUR-BO-10001519,Furniture,Bookcases,O'Sullivan 3-Shelf Heavy-Duty Bookcases,523.26,9,0.0,125.5824
CA-2015-167199,2015-01-06,2015-01-10,Standard Class,ME-17320,Maria Etezadi,Home Office,Henderson,Kentucky,42420,South,FUR-CH-10004063,Furniture,Chairs,Global Deluxe High-Back Manager's Chair,2573.82,9,0.0,746.4078
CA-2015-167199,2015-01-06,2015-01-10,Standard Class,ME-17320,Maria Etezadi,Home Office,Henderson,Kentucky,42420,South,OFF-AR-10001662,Office Supplies,Art,Rogers Handheld Barrel Pencil Sharpener,5.48,2,0.0,1.4796
US-2016-134558,2016-12-19,2016-12-24,Second Class,PM-19135,Peter McVee,Home Office,Dover,New Hampshire,03820,East,TEC-AC-10004145,Technology,Accessories,Logitech diNovo Edge Keyboard,2249.91,9,0.0,517.4793
CA-2018-121048,2018-07-14,2018-07-18,Standard Class,TC-21295,Toby Carlisle,Consumer,Westminster,California,92683,West,TEC-PH-10004977,Technology,Phones,GE 30524EE4,470.376,3,0.2,52.9173
CA-2017-107146,2017-06-17,2017-06-19,First Class,LC-16885,Lena Creighton,Consumer,Longmont,Colorado,80501,West,FUR-CH-10004853,Furniture,Chairs,"Global Manager's Adjustable Task Chair, Storm",483.136,4,0.2,54.3528
CA-2018-140802,2018-04-21,2018-04-23,First Class,KN-16390,Katherine Nockton,Corporate,Houston,Texas,77070,Central,OFF-PA-10001534,Office Supplies,Paper,Xerox 230,20.736,4,0.2,7.2576
CA-2015-163223,2015-03-21,2015-03-25,Standard Class,KH-16690,Kristen Hastings,Corporate,Springfield,Virginia,22153,South,OFF-PA-10000675,Office Supplies,Paper,Xerox 1919,122.97,3,0.0,60.2553
CA-2017-158778,2017-09-05,2017-09-09,Standard Class,DB-13210,Dean Braden,Consumer,Philadelphia,Pennsylvania,19134,East,FUR-FU-10000260,Furniture,Furnishings,"6"" Cubicle Wall Clock, Black",58.248,9,0.2,11.6496
CA-2016-164567,2016-06-15,2016-06-19,Standard Class,GK-14620,Grace Kelly,Corporate,Los Angeles,California,90004,West,TEC-PH-10002103,Technology,Phones,Jabra SPEAK 410,225.576,3,0.2,22.5576
CA-2015-131947,2015-09-17,2015-09-22,Standard Class,JA-15970,Joseph Airdo,Consumer,Springfield,Oregon,97477,West,OFF-AR-10001473,Office Supplies,Art,Newell 313,5.248,2,0.2,0.4592
CA-2017-101791,2017-05-27,2017-05-31,Standard Class,BS-11665,Brian Stugart,Consumer,Chicago,Illinois,60623,Central,FUR-FU-10002191,Furniture,Furnishings,G.E. Halogen Desk Lamp Bulbs,5.584,2,0.6,-1.6752
CA-2016-161452,2016-04-05,2016-04-11,Standard Class,CA-11965,Carol Adams,Corporate,Los Angeles,California,90036,West,FUR-CH-10003973,Furniture,Chairs,GuestStacker Chair with Chrome Finish Legs,892.224,3,0.2,89.2224
CA-2016-130974,2016-11-27,2016-11-29,Second Class,MA-17560,Matt Abelman,Home Office,Everett,Massachusetts,02149,East,TEC-AC-10003095,Technology,Accessories,Logitech G35 7.1-Channel Surround Sound Headset,259.98,2,0.0,88.3932
CA-2018-100237,2018-10-15,2018-10-19,Standard Class,SV-20815,Stuart Van,Corporate,Orem,Utah,84057,West,OFF-AR-10001761,Office Supplies,Art,Avery Hi-Liter Smear-Safe Highlighters,11.68,2,0.0,4.2048
US-2017-109260,2017-09-26,2017-10-01,Standard Class,TN-21040,Tanja Norvell,Home Office,Tallahassee,Florida,32303,South,TEC-AC-10002637,Technology,Accessories,Logitech VX Revolution Cordless Laser Mouse for Notebooks (Black),431.976,3,0.2,-75.5958
CA-2015-166961,2015-12-27,2015-12-31,Standard Class,CD-12790,Cynthia Delaney,Home Office,Moreno Valley,California,92553,West,OFF-AP-10001366,Office Supplies,Appliances,Staple holder,10.98,1,0.0,2.9646
CA-2017-162236,2017-11-04,2017-11-06,Second Class,ER-13855,Elpida Rittenbach,Corporate,Charlotte,North Carolina,28205,South,OFF-ST-10003442,Office Supplies,Storage,Eldon Portable Mobile Manager,45.248,2,0.2,3.9592
US-2017-137295,2017-01-08,2017-01-13,Standard Class,VS-21820,Vivek Sundaresam,Consumer,Raleigh,North Carolina,27604,South,TEC-PH-10004080,Technology,Phones,Avaya 5410 Digital phone,108.784,2,0.2,10.8784
CA-2016-127327,2016-02-03,2016-02-07,Standard Class,PW-19030,Pauline Webber,Corporate,Rome,New York,13440,East,FUR-CH-10004218,Furniture,Chairs,"Global Fabric Manager's Chair, Dark Gray",90.882,1,0.1,15.147
CA-2017-101672,2017-10-03,2017-10-07,Standard Class,DB-12910,Daniel Byrd,Home Office,Lake Forest,California,92630,West,OFF-PA-10001878,Office Supplies,Paper,Xerox 1891,97.82,2,0.0,45.9754
CA-2018-128363,2018-08-13,2018-08-18,Standard Class,DC-12850,Dan Campbell,Consumer,Memphis,Tennessee,38109,South,TEC-AC-10003709,Technology,Accessories,Maxell 4.7GB DVD-R 5/Pack,1.584,2,0.2,0.4752
CA-2018-134194,2018-12-25,2019-01-01,Standard Class,GA-14725,Guy Armstrong,Consumer,Dallas,Texas,75081,Central,OFF-BI-10001597,Office Supplies,Binders,"Wilson Jones Ledger-Size, Piano-Hinge Binder, 2"", Blue",40.98,5,0.8,-65.568
CA-2018-104864,2018-11-18,2018-11-23,Second Class,JS-15685,Jim Sink,Corporate,Miramar,Florida,33023,South,OFF-AP-10002684,Office Supplies,Appliances,"Acco 7-Outlet Masterpiece Power Center, Wihtout Fax/Phone Line Protection",389.056,4,0.2,48.632
US-2015-148194,2015-05-04,2015-05-07,First Class,BS-11365,Bill Shonely,Corporate,Seattle,Washington,98105,West,FUR-FU-10001852,Furniture,Furnishings,"Eldon Regeneration Recycled Desk Accessories, Smoke",12.18,7,0.0,3.8976
CA-2018-120168,2018-05-25,2018-05-25,Same Day,TB-21625,Trudy Brown,Consumer,New York City,New York,10009,East,FUR-FU-10000732,Furniture,Furnishings,Eldon 200 Class Desk Accessories,18.84,3,0.0,6.0288
CA-2018-167227,2018-11-02,2018-11-05,First Class,NP-18670,Nora Paige,Consumer,Saint Louis,Missouri,63116,Central,OFF-PA-10001838,Office Supplies,Paper,"Adams Telephone Message Book W/Dividers/Space For Phone Numbers, 5 1/4""X8 1/2"", 300/Messages",11.76,2,0.0,5.7624
CA-2016-132465,2016-09-11,2016-09-15,Second Class,DM-13525,Don Miller,Corporate,New York City,New York,10035,East,OFF-ST-10001932,Office Supplies,Storage,Fellowes Staxonsteel Drawer Files,772.68,4,0.0,108.1752
CA-2016-119690,2016-06-25,2016-06-28,First Class,MV-17485,Mark Van Huff,Consumer,Houston,Texas,77041,Central,OFF-BI-10000201,Office Supplies,Binders,"Avery Triangle Shaped Sheet Lifters, Black, 2/Pack",0.984,2,0.8,-1.476
CA-2018-121489,2018-08-21,2018-08-25,Second Class,CM-11815,Candace McMahon,Corporate,Seattle,Washington,98115,West,OFF-ST-10000025,Office Supplies,Storage,Fellowes Stor/Drawer Steel Plus Storage Drawers,572.58,6,0.0,34.3548
CA-2015-109904,2015-07-14,2015-07-17,Second Class,BF-10975,Barbara Fisher,Corporate,New York City,New York,10009,East,OFF-AR-10004999,Office Supplies,Art,Newell 315,17.94,3,0.0,4.485
CA-2016-156013,2016-09-20,2016-09-26,Standard Class,TC-20980,Tamara Chand,Corporate,Long Beach,New York,11561,East,OFF-PA-10001970,Office Supplies,Paper,Xerox 1881,61.4,5,0.0,28.858
CA-2016-127502,2016-12-10,2016-12-14,Standard Class,MT-17815,Meg Tillman,Consumer,San Francisco,California,94110,West,OFF-LA-10001613,Office Supplies,Labels,Avery File Folder Labels,5.76,2,0.0,2.8224
CA-2018-101014,2018-08-29,2018-09-04,Standard Class,RW-19540,Rick Wilson,Corporate,Los Angeles,California,90049,West,FUR-FU-10003374,Furniture,Furnishings,Electrix Fluorescent Magnifier Lamps & Weighted Base,148.02,3,0.0,41.4456
US-2018-113201,2018-06-30,2018-07-05,Standard Class,TT-21220,Thomas Thornton,Consumer,Los Angeles,California,90045,West,OFF-PA-10000675,Office Supplies,Paper,Xerox 1919,204.95,5,0.0,100.4255
US-2018-155866,2018-11-17,2018-11-21,Standard Class,CC-12370,Christopher Conant,Consumer,New York City,New York,10011,East,FUR-FU-10004091,Furniture,Furnishings,"Howard Miller 13"" Diameter Goldtone Round Wall Clock",187.76,4,0.0,76.9816
CA-2017-123050,2017-04-04,2017-04-08,Second Class,BC-11125,Becky Castell,Home Office,Troy,New York,12180,East,TEC-AC-10001109,Technology,Accessories,Logitech Trackman Marble Mouse,89.97,3,0.0,37.7874
CA-2018-102204,2018-05-01,2018-05-06,Standard Class,CJ-12010,Caroline Jumper,Consumer,Jacksonville,Florida,32216,South,FUR-CH-10002024,Furniture,Chairs,HON 5400 Series Task Chairs for Big and Tall,2803.92,5,0.2,0.0
CA-2018-103065,2018-10-20,2018-10-20,Same Day,PT-19090,Pete Takahito,Consumer,Jacksonville,Florida,32216,South,OFF-ST-10000617,Office Supplies,Storage,Woodgrain Magazine Files by Perma,4.768,2,0.2,-0.7748
CA-2018-152310,2018-08-12,2018-08-19,Standard Class,DK-12895,Dana Kaydos,Consumer,Seattle,Washington,98103,West,OFF-PA-10003134,Office Supplies,Paper,Xerox 1937,192.16,4,0.0,92.2368
CA-2016-104059,2016-06-13,2016-06-15,Second Class,FC-14245,Frank Carlisle,Home Office,Springfield,Ohio,45503,East,OFF-AR-10000634,Office Supplies,Art,Newell 320,3.424,1,0.2,0.2996
CA-2017-153269,2017-03-09,2017-03-12,First Class,PS-18760,Pamela Stobb,Consumer,Andover,Massachusetts,01810,East,OFF-BI-10004632,Office Supplies,Binders,GBC Binding covers,51.8,4,0.0,23.31
CA-2018-147207,2018-01-02,2018-01-04,Second Class,TS-21655,Trudy Schmidt,Consumer,El Paso,Texas,79907,Central,OFF-AP-10000027,Office Supplies,Appliances,Hoover Commercial SteamVac,5.432,2,0.8,-13.58
CA-2018-157273,2018-01-30,2018-02-02,First Class,SZ-20035,Sam Zeldin,Home Office,Seattle,Washington,98105,West,TEC-PH-10002275,Technology,Phones,Mitel 5320 IP Phone VoIP phone,604.768,4,0.2,60.4768
CA-2015-109918,2015-09-07,2015-09-12,Second Class,LR-17035,Lisa Ryan,Corporate,Santa Clara,California,95051,West,OFF-PA-10000174,Office Supplies,Paper,"Message Book, Wirebound, Four 5 1/2"" X 4"" Forms/Pg., 200 Dupl. Sets/Book",20.56,2,0.0,9.6632
CA-2017-154067,2017-02-01,2017-02-07,Standard Class,SM-20950,Suzanne McNair,Corporate,Los Angeles,California,90036,West,OFF-PA-10002254,Office Supplies,Paper,Xerox 1883,105.52,4,0.0,48.5392
CA-2017-130820,2017-11-15,2017-11-15,Same Day,ON-18715,Odella Nelson,Corporate,Burlington,North Carolina,27217,South,FUR-TA-10001768,Furniture,Tables,Hon Racetrack Conference Tables,630.024,4,0.4,-199.5076
CA-2017-147109,2017-12-17,2017-12-21,Standard Class,AH-10075,Adam Hart,Corporate,Arlington,Texas,76017,Central,OFF-PA-10001972,Office Supplies,Paper,Xerox 214,51.84,10,0.2,18.144
US-2015-113124,2015-03-30,2015-04-05,Standard Class,NC-18340,Nat Carroll,Consumer,Apple Valley,Minnesota,55124,Central,OFF-ST-10001511,Office Supplies,Storage,Space Solutions Commercial Steel Shelving,129.3,2,0.0,6.465
CA-2017-158302,2017-12-08,2017-12-12,Second Class,JB-16045,Julia Barnett,Home Office,Columbus,Ohio,43229,East,OFF-PA-10002615,Office Supplies,Paper,"Ampad Gold Fibre Wirebound Steno Books, 6"" x 9"", Gregg Ruled",10.584,3,0.2,3.4398
CA-2018-125451,2018-10-23,2018-10-24,First Class,AH-10075,Adam Hart,Corporate,Cranston,Rhode Island,02920,East,FUR-FU-10004963,Furniture,Furnishings,"Eldon 400 Class Desk Accessories, Black Carbon",35.0,4,0.0,14.7
US-2018-118556,2018-05-28,2018-06-02,Second Class,TH-21235,Tiffany House,Corporate,Chicago,Illinois,60653,Central,OFF-BI-10004364,Office Supplies,Binders,Storex Dura Pro Binders,3.564,3,0.8,-6.237
CA-2017-130400,2017-03-08,2017-03-12,Standard Class,SJ-20125,Sanjit Jacobs,Home Office,Dallas,Texas,75217,Central,OFF-BI-10001757,Office Supplies,Binders,Pressboard Hanging Data Binders for Unburst Sheets,8.856,9,0.8,-14.1696
CA-2017-103359,2017-12-22,2017-12-26,Standard Class,LC-16885,Lena Creighton,Consumer,New York City,New York,10035,East,OFF-BI-10004233,Office Supplies,Binders,"GBC Pre-Punched Binding Paper, Plastic, White, 8-1/2"" x 11""",25.584,2,0.2,8.9544
CA-2018-141614,2018-06-05,2018-06-09,Standard Class,NS-18640,Noel Staavos,Corporate,Orlando,Florida,32839,South,OFF-PA-10002787,Office Supplies,Paper,Xerox 227,20.736,4,0.2,7.2576
CA-2018-118003,2018-12-04,2018-12-10,Standard Class,DO-13645,Doug O'Connell,Consumer,Paterson,New Jersey,07501,East,FUR-FU-10002506,Furniture,Furnishings,"Tensor ""Hersey Kiss"" Styled Floor Lamp",12.99,1,0.0,1.5588
CA-2018-118003,2018-12-04,2018-12-10,Standard Class,DO-13645,Doug O'Connell,Consumer,Paterson,New Jersey,07501,East,FUR-CH-10004860,Furniture,Chairs,Global Low Back Tilter Chair,302.94,3,0.0,18.1764
CA-2017-156748,2017-11-30,2017-12-06,Standard Class,BS-11755,Bruce Stewart,Consumer,Detroit,Michigan,48227,Central,OFF-ST-10001370,Office Supplies,Storage,Sensible Storage WireTech Storage Systems,496.86,7,0.0,24.843
CA-2018-147354,2018-03-09,2018-03-13,Standard Class,KB-16315,Karl Braun,Consumer,Los Angeles,California,90008,West,TEC-CO-10000971,Technology,Copiers,Hewlett Packard 310 Color Digital Copier,479.984,2,0.2,59.998
CA-2017-119074,2017-03-27,2017-03-31,Standard Class,DS-13180,David Smith,Corporate,Columbus,Georgia,31907,South,FUR-FU-10003731,Furniture,Furnishings,"Eldon Expressions Wood and Plastic Desk Accessories, Oak",39.92,4,0.0,11.1776
CA-2016-117884,2016-03-22,2016-03-22,Same Day,DC-13285,Debra Catini,Consumer,Plantation,Florida,33317,South,OFF-ST-10002182,Office Supplies,Storage,"Iris 3-Drawer Stacking Bin, Black",150.408,9,0.2,-33.8418
CA-2018-126676,2018-09-29,2018-10-01,First Class,FH-14365,Fred Hopkins,Corporate,Hempstead,New York,11550,East,OFF-EN-10004846,Office Supplies,Envelopes,Letter or Legal Size Expandable Poly String Tie Envelopes,7.98,3,0.0,3.9102
CA-2018-118346,2018-07-23,2018-07-24,First Class,PO-19180,Philisse Overcash,Home Office,Kenosha,Wisconsin,53142,Central,TEC-AC-10000736,Technology,Accessories,Logitech G600 MMO Gaming Mouse,399.95,5,0.0,143.982
CA-2017-144015,2017-06-26,2017-06-26,Same Day,AH-10075,Adam Hart,Corporate,Los Angeles,California,90036,West,OFF-PA-10002870,Office Supplies,Paper,"Ampad Phone Message Book, Recycled, 400 Message Capacity, 5 ¾” x 11”",12.48,2,0.0,5.616
CA-2018-119284,2018-06-15,2018-06-20,Standard Class,TS-21205,Thomas Seio,Corporate,Nashville,Tennessee,37211,South,FUR-FU-10004351,Furniture,Furnishings,Staple-based wall hangings,31.168,4,0.2,9.3504
CA-2018-136623,2018-07-11,2018-07-16,Standard Class,TS-21430,Tom Stivers,Corporate,San Diego,California,92105,West,TEC-PH-10000004,Technology,Phones,Belkin iPhone and iPad Lightning Cable,71.952,6,0.2,5.3964
CA-2017-120824,2017-06-12,2017-06-16,Second Class,AW-10930,Arthur Wiediger,Home Office,Houston,Texas,77070,Central,OFF-PA-10000232,Office Supplies,Paper,Xerox 1975,15.552,3,0.2,5.6376
CA-2017-120824,2017-06-12,2017-06-16,Second Class,AW-10930,Arthur Wiediger,Home Office,Houston,Texas,77070,Central,OFF-BI-10001525,Office Supplies,Binders,"Acco Pressboard Covers with Storage Hooks, 14 7/8"" x 11"", Executive Red",1.524,2,0.8,-2.667
US-2017-135209,2017-12-29,2017-12-31,Second Class,MH-17290,Marc Harrigan,Home Office,Miami,Florida,33178,South,OFF-PA-10002986,Office Supplies,Paper,Xerox 1898,37.408,7,0.2,13.0928
CA-2018-148145,2018-03-18,2018-03-23,Standard Class,SW-20275,Scott Williamson,Consumer,Seattle,Washington,98115,West,OFF-AR-10003752,Office Supplies,Art,Deluxe Chalkboard Eraser Cleaner,46.2,4,0.0,21.252
CA-2018-126914,2018-06-15,2018-06-19,Standard Class,JE-15715,Joe Elijah,Consumer,Monroe,North Carolina,28110,South,FUR-BO-10000468,Furniture,Bookcases,O'Sullivan 2-Shelf Heavy-Duty Bookcases,77.728,2,0.2,-3.8864
US-2017-150140,2017-04-06,2017-04-10,Standard Class,VM-21685,Valerie Mitchum,Home Office,Burlington,Vermont,05401,East,TEC-PH-10002555,Technology,Phones,Nortel Meridian M5316 Digital phone,1294.75,5,0.0,336.635
CA-2015-109680,2015-10-06,2015-10-09,First Class,VP-21760,Victoria Pisteka,Corporate,Indianapolis,Indiana,46203,Central,OFF-ST-10001932,Office Supplies,Storage,Fellowes Staxonsteel Drawer Files,386.34,2,0.0,54.0876
US-2017-112396,2017-02-09,2017-02-13,Standard Class,JR-16210,Justin Ritter,Corporate,San Francisco,California,94110,West,TEC-AC-10004761,Technology,Accessories,Maxell 4.7GB DVD+RW 3/Pack,31.86,2,0.0,11.151
CA-2016-125934,2016-09-11,2016-09-18,Standard Class,SN-20560,Skye Norling,Home Office,Paterson,New Jersey,07501,East,OFF-PA-10000556,Office Supplies,Paper,Xerox 208,38.88,6,0.0,18.6624
CA-2017-157280,2017-11-05,2017-11-07,First Class,LW-17125,Liz Willingham,Consumer,Virginia Beach,Virginia,23464,South,FUR-FU-10003806,Furniture,Furnishings,"Tenex Chairmat w/ Average Lip, 45"" x 53""",756.8,5,0.0,75.68
CA-2015-166730,2015-12-30,2016-01-01,First Class,DD-13570,Dorothy Dickinson,Consumer,Memphis,Tennessee,38109,South,OFF-ST-10002554,Office Supplies,Storage,Tennsco Industrial Shelving,39.128,1,0.2,-8.8038
CA-2016-102855,2016-04-05,2016-04-06,Same Day,JF-15415,Jennifer Ferguson,Consumer,Spokane,Washington,99207,West,OFF-AR-10002467,Office Supplies,Art,Dixon Ticonderoga Pencils,23.84,8,0.0,6.4368
CA-2017-102127,2017-06-26,2017-07-02,Standard Class,VP-21760,Victoria Pisteka,Corporate,New York City,New York,10035,East,TEC-AC-10002018,Technology,Accessories,AmazonBasics 3-Button USB Wired Mouse,20.97,3,0.0,9.0171
CA-2016-166492,2016-04-07,2016-04-10,First Class,RP-19390,Resi Pölking,Consumer,New York City,New York,10035,East,OFF-PA-10002262,Office Supplies,Paper,Xerox 192,25.92,4,0.0,12.4416
CA-2017-168830,2017-11-07,2017-11-13,Standard Class,ML-17395,Marina Lichtenstein,Corporate,San Francisco,California,94122,West,TEC-AC-10003911,Technology,Accessories,NETGEAR AC1750 Dual Band Gigabit Smart WiFi Router,479.97,3,0.0,163.1898
CA-2018-137463,2018-12-16,2018-12-20,Second Class,KM-16225,Kalyca Meade,Corporate,Sunnyvale,California,94086,West,OFF-AR-10001988,Office Supplies,Art,Bulldog Table or Wall-Mount Pencil Sharpener,29.95,5,0.0,8.6855
CA-2018-137463,2018-12-16,2018-12-20,Second Class,KM-16225,Kalyca Meade,Corporate,Sunnyvale,California,94086,West,OFF-LA-10003498,Office Supplies,Labels,Avery 475,44.4,3,0.0,22.2
CA-2015-124513,2015-09-21,2015-09-25,Standard Class,SL-20155,Sara Luxemburg,Home Office,New York City,New York,10011,East,OFF-AR-10002956,Office Supplies,Art,Boston 16801 Nautilus Battery Pencil Sharpener,66.03,3,0.0,17.1678
CA-2017-108105,2017-02-16,2017-02-23,Standard Class,GW-14605,Giulietta Weimer,Consumer,Henderson,Kentucky,42420,South,FUR-FU-10003773,Furniture,Furnishings,Eldon Cleatmat Plus Chair Mats for High Pile Carpets,318.08,4,0.0,34.9888
CA-2018-169005,2018-11-02,2018-11-06,Standard Class,BG-11035,Barry Gonzalez,Consumer,Springfield,Virginia,22153,South,OFF-AR-10000246,Office Supplies,Art,Newell 318,5.56,2,0.0,1.4456
CA-2017-128916,2017-08-18,2017-08-20,Second Class,MA-17560,Matt Abelman,Home Office,Houston,Texas,77070,Central,FUR-FU-10000320,Furniture,Furnishings,OIC Stacking Trays,5.344,4,0.6,-2.1376
CA-2017-124254,2017-04-12,2017-04-17,Standard Class,TB-21175,Thomas Boland,Corporate,Wilson,North Carolina,27893,South,OFF-PA-10000807,Office Supplies,Paper,"TOPS ""Important Message"" Pads, Canary, 4-1/4 x 5-1/2, 50 Sheets per Pad",10.272,3,0.2,3.4668
CA-2018-156776,2018-08-07,2018-08-11,Standard Class,JL-15505,Jeremy Lonsdale,Consumer,Westminster,California,92683,West,OFF-BI-10000216,Office Supplies,Binders,"Mead 1st Gear 2"" Zipper Binder, Asst. Colors",31.128,3,0.2,11.673
CA-2016-141810,2016-11-02,2016-11-07,Standard Class,BB-10990,Barry Blumstein,Corporate,San Antonio,Texas,78207,Central,OFF-BI-10001524,Office Supplies,Binders,GBC Premium Transparent Covers with Diagonal Lined Pattern,29.372,7,0.8,-46.9952
CA-2017-126732,2017-09-02,2017-09-06,Standard Class,LR-16915,Lena Radford,Consumer,Los Angeles,California,90036,West,OFF-ST-10000321,Office Supplies,Storage,Akro Stacking Bins,23.67,3,0.0,0.9468
CA-2018-110310,2018-10-27,2018-11-02,Standard Class,NB-18655,Nona Balk,Corporate,Tallahassee,Florida,32303,South,OFF-PA-10001685,Office Supplies,Paper,Easy-staple paper,56.784,7,0.2,20.5842
CA-2018-130106,2018-05-22,2018-05-26,Standard Class,VF-21715,Vicky Freymann,Home Office,San Francisco,California,94109,West,OFF-AR-10003732,Office Supplies,Art,Newell 333,2.78,1,0.0,0.7228
CA-2017-127761,2017-11-10,2017-11-14,Standard Class,SW-20275,Scott Williamson,Consumer,New York City,New York,10009,East,TEC-PH-10003691,Technology,Phones,BlackBerry Q10,881.93,7,0.0,220.4825
CA-2016-102778,2016-11-21,2016-11-24,First Class,JH-15820,John Huston,Consumer,Monroe,North Carolina,28110,South,FUR-FU-10000087,Furniture,Furnishings,"Executive Impressions 14"" Two-Color Numerals Wall Clock",18.176,1,0.2,4.7712
US-2018-130687,2018-09-07,2018-09-10,First Class,PF-19225,Phillip Flathmann,Consumer,Edmonds,Washington,98026,West,OFF-AR-10004260,Office Supplies,Art,Boston 1799 Powerhouse Electric Pencil Sharpener,25.98,1,0.0,7.2744
CA-2018-148411,2018-09-24,2018-09-26,First Class,RO-19780,Rose O'Brian,Consumer,Chicago,Illinois,60623,Central,FUR-CH-10003973,Furniture,Chairs,GuestStacker Chair with Chrome Finish Legs,520.464,2,0.3,-14.8704
CA-2018-141663,2018-04-13,2018-04-17,Standard Class,DP-13105,Dave Poirier,Corporate,Philadelphia,Pennsylvania,19134,East,OFF-FA-10004076,Office Supplies,Fasteners,Translucent Push Pins by OIC,7.92,5,0.2,1.683
CA-2015-152618,2015-03-14,2015-03-17,First Class,RB-19465,Rick Bensley,Home Office,Chicago,Illinois,60653,Central,OFF-PA-10001215,Office Supplies,Paper,Xerox 1963,8.448,2,0.2,2.64
CA-2017-160479,2017-09-15,2017-09-20,Standard Class,AH-10585,Angele Hood,Consumer,Seattle,Washington,98105,West,OFF-AR-10002445,Office Supplies,Art,SANFORD Major Accent Highlighters,35.4,5,0.0,13.452
US-2015-154655,2015-10-12,2015-10-17,Standard Class,BP-11050,Barry Pond,Corporate,Chicago,Illinois,60623,Central,OFF-SU-10000898,Office Supplies,Supplies,"Acme Hot Forged Carbon Steel Scissors with Nickel-Plated Handles, 3 7/8"" Cut, 8""L",22.24,2,0.2,2.502
CA-2016-156566,2016-10-01,2016-10-04,First Class,EM-13960,Eric Murdock,Consumer,Portland,Oregon,97206,West,TEC-PH-10001817,Technology,Phones,Wilson Electronics DB Pro Signal Booster,572.8,2,0.2,50.12
US-2017-102232,2017-08-05,2017-08-11,Standard Class,MF-17665,Maureen Fritzler,Corporate,Huntsville,Alabama,35810,South,OFF-AR-10000538,Office Supplies,Art,"Boston Model 1800 Electric Pencil Sharpener, Gray",197.05,7,0.0,59.115
CA-2017-129280,2017-05-03,2017-05-05,First Class,SM-20905,Susan MacKendrick,Consumer,Newark,Ohio,43055,East,OFF-LA-10000081,Office Supplies,Labels,Avery 496,6.0,2,0.2,2.1
CA-2017-160598,2017-08-26,2017-08-28,First Class,SV-20815,Stuart Van,Corporate,Miami,Florida,33142,South,OFF-PA-10002319,Office Supplies,Paper,Xerox 1944,31.008,1,0.2,11.2404
US-2018-122672,2018-11-04,2018-11-09,Standard Class,HG-14965,Henry Goldwyn,Corporate,Lancaster,Ohio,43130,East,OFF-ST-10002344,Office Supplies,Storage,"Carina 42""Hx23 3/4""W Media Storage Unit",194.352,3,0.2,-43.7292
CA-2017-107104,2017-11-26,2017-11-30,Standard Class,MS-17365,Maribeth Schnelling,Consumer,Los Angeles,California,90045,West,OFF-AP-10000055,Office Supplies,Appliances,Belkin F9S820V06 8 Outlet Surge,64.96,2,0.0,19.488
CA-2018-145275,2018-04-02,2018-04-06,Standard Class,AH-10465,Amy Hunt,Consumer,Decatur,Alabama,35601,South,OFF-LA-10001569,Office Supplies,Labels,Avery 499,14.94,3,0.0,6.8724
CA-2016-130113,2016-12-27,2016-12-31,Standard Class,AH-10030,Aaron Hawkins,Corporate,San Francisco,California,94122,West,OFF-ST-10000046,Office Supplies,Storage,Fellowes Super Stor/Drawer Files,323.1,2,0.0,61.389
CA-2018-140536,2018-04-04,2018-04-05,First Class,TA-21385,Tom Ashbrook,Home Office,New York City,New York,10035,East,OFF-AR-10001545,Office Supplies,Art,Newell 326,7.04,4,0.0,2.0416
US-2017-144477,2017-08-12,2017-08-14,Second Class,DB-13270,Deborah Brumfield,Home Office,Philadelphia,Pennsylvania,19134,East,OFF-AR-10000914,Office Supplies,Art,Boston 16765 Mini Stand Up Battery Pencil Sharpener,37.312,4,0.2,2.7984
CA-2018-167395,2018-12-02,2018-12-04,First Class,KM-16720,Kunst Miller,Consumer,Lowell,Massachusetts,01852,East,OFF-AP-10001293,Office Supplies,Appliances,Belkin 8 Outlet Surge Protector,286.86,7,0.0,80.3208
CA-2018-129294,2018-03-16,2018-03-21,Standard Class,KD-16615,Ken Dana,Corporate,Los Angeles,California,90032,West,OFF-ST-10002615,Office Supplies,Storage,"Dual Level, Single-Width Filing Carts",310.12,2,0.0,80.6312
CA-2018-101959,2018-02-28,2018-03-06,Standard Class,DB-13660,Duane Benoit,Consumer,Middletown,Connecticut,06457,East,OFF-BI-10001757,Office Supplies,Binders,Pressboard Hanging Data Binders for Unburst Sheets,9.84,2,0.0,4.7232
CA-2015-169019,2015-07-26,2015-07-30,Standard Class,LF-17185,Luke Foster,Consumer,San Antonio,Texas,78207,Central,OFF-AP-10003281,Office Supplies,Appliances,Acco 6 Outlet Guardian Standard Surge Suppressor,4.836,2,0.8,-12.09
CA-2016-155635,2016-05-09,2016-05-13,Standard Class,ME-17725,Max Engle,Consumer,Louisville,Kentucky,40214,South,OFF-BI-10000962,Office Supplies,Binders,"Acco Flexible ACCOHIDE Square Ring Data Binder, Dark Blue, 11 1/2"" X 14"" 7/8""",48.81,3,0.0,23.9169
CA-2016-128608,2016-01-12,2016-01-17,Standard Class,CS-12490,Cindy Schnelling,Corporate,Toledo,Ohio,43615,East,TEC-AC-10000487,Technology,Accessories,SanDisk Cruzer 4 GB USB Flash Drive,10.384,2,0.2,2.2066
CA-2018-107209,2018-07-27,2018-08-01,Second Class,JW-15955,Joni Wasserman,Consumer,Raleigh,North Carolina,27604,South,FUR-CH-10001146,Furniture,Chairs,"Global Value Mid-Back Manager's Chair, Gray",194.848,4,0.2,12.178
CA-2016-162201,2016-06-08,2016-06-12,Standard Class,AG-10495,Andrew Gjertsen,Corporate,Saint Petersburg,Florida,33710,South,OFF-BI-10002429,Office Supplies,Binders,"Premier Elliptical Ring Binder, Black",18.264,2,0.7,-13.3936
US-2015-164406,2015-08-15,2015-08-19,Standard Class,BD-11605,Brian Dahlen,Consumer,San Francisco,California,94122,West,OFF-AP-10003287,Office Supplies,Appliances,Tripp Lite TLP810NET Broadband Surge for Modem/Fax,152.91,3,0.0,42.8148
CA-2015-120950,2015-11-06,2015-11-11,Standard Class,GA-14515,George Ashbrook,Consumer,Columbus,Georgia,31907,South,OFF-PA-10000587,Office Supplies,Paper,"Array Parchment Paper, Assorted Colors",43.68,6,0.0,20.9664
US-2016-116981,2016-03-26,2016-03-28,Second Class,SM-20950,Suzanne McNair,Corporate,New York City,New York,10009,East,OFF-AP-10000595,Office Supplies,Appliances,Disposable Triple-Filter Dust Bags,13.11,3,0.0,3.4086
CA-2017-100587,2017-12-10,2017-12-14,Standard Class,SL-20155,Sara Luxemburg,Home Office,New York City,New York,10024,East,OFF-PA-10004609,Office Supplies,Paper,Xerox 221,6.48,1,0.0,3.1104
US-2017-115441,2017-07-25,2017-07-28,Second Class,SH-19975,Sally Hughsby,Corporate,Milwaukee,Wisconsin,53209,Central,OFF-PA-10004996,Office Supplies,Paper,"Speediset Carbonless Redi-Letter 7"" x 8 1/2""",20.62,2,0.0,9.6914
US-2017-115441,2017-07-25,2017-07-28,Second Class,SH-19975,Sally Hughsby,Corporate,Milwaukee,Wisconsin,53209,Central,FUR-FU-10001756,Furniture,Furnishings,"Eldon Expressions Desk Accessory, Wood Photo Frame, Mahogany",95.2,5,0.0,27.608
CA-2017-112830,2017-06-06,2017-06-10,Standard Class,LP-17095,Liz Preis,Consumer,Fairfield,Ohio,45014,East,FUR-FU-10004306,Furniture,Furnishings,Electrix Halogen Magnifier Lamp,466.32,3,0.2,34.974
CA-2018-121559,2018-06-01,2018-06-03,Second Class,HW-14935,Helen Wasserman,Corporate,Indianapolis,Indiana,46203,Central,OFF-BI-10002072,Office Supplies,Binders,Cardinal Slant-D Ring Binders,17.38,2,0.0,8.69
CA-2016-141593,2016-12-14,2016-12-16,Second Class,DB-12970,Darren Budd,Corporate,Los Angeles,California,90045,West,OFF-BI-10000948,Office Supplies,Binders,"GBC Laser Imprintable Binding System Covers, Desert Sand",34.248,3,0.2,11.5587
US-2015-143287,2015-11-11,2015-11-17,Standard Class,KN-16705,Kristina Nunn,Home Office,New Rochelle,New York,10801,East,OFF-SU-10001574,Office Supplies,Supplies,Acme Value Line Scissors,7.3,2,0.0,2.19
CA-2018-137421,2018-10-06,2018-10-11,Standard Class,AJ-10945,Ashley Jarboe,Consumer,Chandler,Arizona,85224,West,OFF-AR-10001761,Office Supplies,Art,Avery Hi-Liter Smear-Safe Highlighters,9.344,2,0.2,1.8688
US-2017-157728,2017-09-22,2017-09-28,Standard Class,RC-19960,Ryan Crowe,Consumer,Grand Rapids,Michigan,49505,Central,TEC-PH-10001305,Technology,Phones,Panasonic KX TS208W Corded phone,97.98,2,0.0,27.4344
