date,appliances,lights,t1,rh_1,t2,rh_2,t3,rh_3,t4,rh_4,t5,rh_5,t6,rh_6,t7,rh_7,t8,rh_8,t9,rh_9,t_out,press_mm_hg,rh_out,windspeed,visibility,tdewpoint
2016-01-11 17:00:00,55.0,35.0,19.89,46.503,19.2,44.626,19.79,44.898,18.933,45.739,17.167,55.117,6.587,84.26,17.178,41.4,18.15,48.71,17.017,45.447,6.308,733.75,92.0,6.167,53.417,5.05
2016-01-11 18:00:00,176.667,51.667,19.898,45.879,19.269,44.439,19.77,44.863,18.908,46.067,17.111,54.978,6.18,87.204,17.23,42.047,18.094,48.597,16.982,45.29,5.942,734.267,91.583,5.417,40.0,4.658
2016-01-11 19:00:00,173.333,25.0,20.496,52.805,19.926,46.062,20.052,47.228,18.97,47.816,17.136,55.87,5.858,88.132,17.85,45.018,18.156,49.213,16.902,45.311,6.0,734.792,89.75,6.0,40.0,4.392
2016-01-11 20:00:00,125.0,35.0,20.961,48.453,20.251,45.632,20.214,47.269,19.191,49.228,17.616,74.028,5.469,86.934,17.632,42.92,18.773,50.196,16.89,45.119,6.0,735.283,87.583,6.0,40.0,4.017
2016-01-11 21:00:00,103.333,23.333,21.312,45.768,20.588,44.961,20.373,46.164,19.426,47.919,18.427,69.038,5.579,86.13,17.864,43.618,19.153,49.542,16.89,44.808,5.833,735.567,87.417,6.0,40.0,3.817
2016-01-11 22:00:00,266.667,21.667,21.572,44.664,20.906,44.119,20.47,45.829,20.109,47.507,19.113,53.129,5.83,85.256,17.775,42.945,19.343,49.016,16.856,44.528,5.725,736.008,87.583,6.417,40.0,3.742
2016-01-11 23:00:00,56.667,18.333,21.532,44.271,20.934,43.712,20.318,45.696,20.91,46.551,19.275,50.923,5.739,86.439,17.7,43.241,19.384,50.272,16.89,45.241,5.65,736.55,89.083,6.583,32.5,3.925
2016-01-12 00:00:00,141.667,16.667,21.266,44.961,20.637,44.018,20.144,45.542,20.514,47.113,19.156,50.396,5.463,89.107,17.755,44.59,19.397,51.696,16.89,45.875,5.217,737.15,92.0,6.0,29.5,4.017
2016-01-12 01:00:00,168.333,8.333,20.964,45.613,20.333,44.273,20.133,45.54,21.506,46.947,18.97,50.076,4.81,91.045,17.79,45.729,19.28,53.248,16.89,46.308,5.142,737.833,92.0,5.583,40.0,3.942
2016-01-12 02:00:00,45.0,0.0,20.697,46.198,20.067,44.503,20.171,45.454,21.143,45.906,18.813,50.122,4.25,92.69,17.846,46.019,19.192,54.868,16.976,47.263,5.033,738.55,92.0,4.583,40.0,3.833
2016-01-12 03:00:00,35.0,0.0,20.462,46.24,19.792,44.56,20.23,45.428,20.417,46.109,18.656,50.05,4.011,93.738,17.879,46.11,19.2,54.93,17.022,48.083,4.842,739.192,92.417,4.833,40.0,3.683
2016-01-12 04:00:00,45.0,0.0,20.229,46.484,19.6,44.651,20.285,45.525,19.951,46.397,18.522,50.0,4.697,94.729,17.89,45.788,19.1,54.477,17.055,48.828,4.942,739.725,92.167,5.583,40.0,3.717
2016-01-12 05:00:00,43.333,0.0,20.039,46.339,19.414,44.77,20.323,45.59,19.655,46.639,18.422,49.929,4.799,94.24,17.89,45.614,19.07,54.077,17.1,49.422,4.958,740.067,92.667,4.583,40.0,3.808
2016-01-12 06:00:00,40.0,3.333,19.896,46.513,19.263,45.066,20.301,45.549,19.416,46.715,18.318,50.065,4.992,95.863,17.89,45.84,19.006,53.79,17.139,49.916,4.983,740.633,94.167,4.417,35.417,4.1
2016-01-12 07:00:00,56.667,18.333,19.807,47.212,19.162,45.219,20.144,45.29,19.25,46.422,18.218,51.028,4.961,96.064,17.868,45.286,18.941,53.362,17.192,49.706,5.1,741.392,92.167,5.0,33.583,3.975
2016-01-12 08:00:00,86.667,10.0,19.857,48.599,19.054,45.087,20.13,45.238,19.144,45.596,18.047,52.292,4.917,95.397,17.904,44.339,18.745,51.24,17.089,47.92,4.975,742.008,91.0,5.0,40.0,3.633
2016-01-12 09:00:00,43.333,0.0,19.781,46.296,18.988,44.744,20.072,45.08,19.067,44.884,17.951,51.95,4.144,94.917,17.771,42.387,18.633,49.947,17.022,46.482,5.008,742.508,91.0,5.0,35.417,3.608
2016-01-12 10:00:00,230.0,1.667,19.783,47.156,18.962,44.375,19.927,44.869,19.564,45.106,18.022,49.64,5.019,96.44,17.7,41.457,18.522,49.251,17.011,45.54,5.758,743.008,88.917,5.0,33.583,4.025
2016-01-12 11:00:00,55.0,0.0,19.982,46.156,19.097,44.4,19.942,44.77,20.144,44.429,18.089,49.188,5.968,94.49,17.782,40.82,18.488,48.524,17.092,45.215,6.65,743.383,83.917,5.833,35.0,4.117
2016-01-12 12:00:00,186.667,0.0,20.072,45.485,19.2,43.947,19.963,44.76,19.993,43.887,17.985,49.641,6.873,84.514,17.951,39.973,18.564,47.452,17.1,44.936,7.208,743.5,80.167,7.0,33.0,4.042
2016-01-12 13:00:00,151.667,0.0,20.072,45.756,19.117,43.708,19.89,44.827,19.804,43.874,17.829,50.848,7.53,79.572,17.918,39.586,18.5,47.233,17.122,44.451,7.292,743.5,79.833,7.417,40.0,4.017
2016-01-12 14:00:00,136.667,0.0,20.0,44.268,19.072,43.295,19.899,44.9,19.644,43.292,17.765,51.0,7.308,77.307,18.102,39.165,18.488,46.919,17.1,44.115,6.958,743.625,78.917,6.75,40.0,3.483
2016-01-12 15:00:00,36.667,0.0,19.999,43.941,19.032,43.038,19.89,44.828,19.489,43.066,17.7,51.0,6.756,79.617,18.138,38.933,18.533,46.721,17.122,43.77,6.65,743.842,78.5,4.583,40.0,3.15
2016-01-12 16:00:00,40.0,0.0,20.1,43.451,19.102,42.585,19.862,44.73,19.415,42.669,17.644,50.988,6.472,74.966,18.371,38.053,18.72,45.818,17.167,43.573,6.383,744.025,79.083,5.25,35.417,3.0
2016-01-12 17:00:00,218.333,20.0,20.022,42.942,18.945,42.543,19.829,44.62,19.319,42.996,17.589,50.817,5.976,79.179,18.071,38.2,18.556,45.938,17.094,43.089,6.042,744.408,79.167,7.0,33.583,2.633
2016-01-12 18:00:00,58.333,16.667,20.039,43.97,19.014,43.342,19.823,44.41,20.153,43.247,17.517,50.927,5.014,85.918,18.18,39.264,18.655,46.748,17.011,42.794,5.15,744.825,87.5,6.583,40.0,3.225
2016-01-12 19:00:00,55.0,0.0,20.089,43.941,19.37,42.84,19.79,44.151,19.777,42.545,17.5,51.01,4.854,90.695,17.985,39.025,18.556,46.832,16.945,42.82,4.675,745.083,91.833,6.417,40.0,3.4
2016-01-12 20:00:00,51.667,0.0,20.016,43.286,19.298,42.463,19.79,44.29,19.533,42.494,17.482,50.777,4.469,92.684,17.807,38.944,18.427,47.388,16.89,42.879,4.583,745.492,92.167,6.583,40.0,3.4
2016-01-12 21:00:00,41.667,5.0,19.846,42.716,19.107,42.267,19.765,44.167,19.329,42.504,17.39,50.437,4.451,94.097,17.697,39.042,18.323,47.346,16.857,42.851,4.95,746.025,89.75,6.417,35.417,3.442
2016-01-12 22:00:00,46.667,1.667,19.677,42.798,18.948,42.184,19.735,44.233,19.22,43.041,17.39,50.428,5.074,94.002,17.836,40.646,18.534,48.989,16.902,44.396,5.383,746.367,86.333,6.583,33.583,3.25
2016-01-12 23:00:00,43.333,0.0,19.522,43.088,18.807,42.835,19.807,44.604,19.1,43.488,17.312,51.049,5.601,86.858,17.818,41.853,18.645,51.024,17.0,46.091,5.708,746.933,82.333,6.833,40.0,2.817
2016-01-13 00:00:00,31.667,0.0,19.396,43.286,18.685,43.281,19.879,44.82,18.939,43.661,17.29,51.53,5.771,83.71,17.855,42.961,18.776,52.018,17.0,47.046,5.708,747.733,83.333,8.0,34.583,3.033
2016-01-13 01:00:00,48.333,0.0,19.296,43.568,18.565,43.556,19.835,44.819,18.84,43.875,17.29,51.826,5.449,88.209,17.89,43.845,18.708,53.0,17.028,48.078,5.3,748.492,89.25,8.0,24.5,3.667
2016-01-13 02:00:00,45.0,0.0,19.215,43.796,18.497,43.795,19.902,44.978,18.755,44.061,17.255,52.067,5.529,87.705,17.996,44.697,18.726,54.865,17.089,49.143,5.383,749.358,90.167,8.0,22.25,3.858
2016-01-13 03:00:00,31.667,0.0,19.1,44.019,18.41,43.802,19.862,44.994,18.689,44.164,17.2,52.296,5.714,84.207,18.022,44.733,18.724,54.483,17.1,49.639,5.458,750.5,89.0,8.0,24.0,3.758
2016-01-13 04:00:00,45.0,0.0,19.011,44.092,18.31,43.91,19.851,45.04,18.594,44.179,17.2,52.519,5.746,80.158,18.018,44.778,18.715,54.022,17.167,49.886,5.317,751.492,89.417,8.0,23.167,3.658
2016-01-13 05:00:00,41.667,0.0,18.902,44.22,18.235,43.997,19.908,45.085,18.511,44.2,17.178,52.706,5.463,78.885,18.002,44.98,18.7,53.614,17.2,50.131,5.117,752.275,90.0,7.583,22.417,3.517
2016-01-13 06:00:00,66.667,5.0,18.869,44.75,18.192,44.22,19.794,44.776,18.414,44.139,17.696,63.564,5.565,78.971,18.036,45.505,18.675,53.276,17.2,50.303,5.042,753.258,89.583,6.583,30.083,3.4
2016-01-13 07:00:00,63.333,3.333,18.807,44.603,18.1,44.034,19.522,43.987,18.362,44.0,19.005,67.603,5.59,79.61,17.988,44.507,18.558,52.121,17.183,49.696,5.058,754.067,89.417,5.583,31.667,3.4
2016-01-13 08:00:00,208.333,16.667,18.79,44.004,18.0,43.487,19.451,43.786,18.403,43.785,18.255,56.618,5.518,79.397,17.772,41.656,18.375,50.195,17.083,47.592,5.0,754.675,89.167,4.583,23.75,3.317
2016-01-13 09:00:00,220.0,26.667,19.03,44.341,18.296,43.525,19.457,43.657,19.775,43.657,18.174,55.884,5.56,79.227,17.751,41.69,18.26,49.174,17.0,45.861,5.0,755.492,88.0,4.417,33.583,3.158
2016-01-13 10:00:00,66.667,15.0,19.22,44.26,18.686,43.602,19.457,43.784,20.046,42.582,17.915,54.385,5.688,78.985,17.644,41.183,18.152,48.846,17.067,46.673,5.208,756.233,85.083,5.0,35.417,2.808
2016-01-13 11:00:00,60.0,8.333,19.25,45.098,18.704,43.2,19.397,43.574,19.697,42.364,17.735,53.452,6.158,74.751,17.511,39.951,17.999,47.519,16.939,45.307,5.708,756.908,78.917,5.417,33.583,2.275
2016-01-13 12:00:00,41.667,0.0,19.183,43.591,18.533,41.952,19.393,43.677,19.392,42.818,17.628,52.351,6.827,66.022,17.479,39.025,17.902,46.597,16.89,43.492,5.792,757.408,76.833,5.583,35.417,2.017
2016-01-13 13:00:00,35.0,0.0,19.061,41.878,18.439,41.095,19.28,43.008,19.144,41.772,17.517,51.154,7.03,61.74,17.427,38.181,17.829,45.672,16.89,42.399,6.083,757.658,75.083,5.0,28.167,1.9
2016-01-13 14:00:00,45.0,0.0,19.006,41.244,18.396,40.458,19.26,42.728,19.022,41.645,17.427,50.204,6.888,59.798,17.612,37.568,17.882,44.881,16.879,41.907,6.65,757.475,70.167,5.417,32.417,1.525
2016-01-13 15:00:00,41.667,0.0,19.198,40.855,18.594,39.912,19.301,42.403,19.154,40.919,17.39,49.44,7.774,52.507,18.415,36.332,18.408,43.544,16.927,41.318,6.342,757.342,66.5,5.167,40.0,0.542
2016-01-13 16:00:00,80.0,0.0,19.379,40.673,18.775,39.68,19.29,41.989,19.217,40.262,17.373,49.013,6.77,52.994,18.891,36.631,18.978,43.788,17.022,40.963,5.817,757.358,66.333,3.583,40.0,-0.017
2016-01-13 17:00:00,96.667,3.333,19.301,40.728,18.7,39.725,19.29,42.035,18.975,39.977,17.29,48.845,4.836,58.963,18.619,36.428,19.251,44.49,16.963,40.25,4.458,757.3,73.5,3.0,40.0,0.058
2016-01-13 18:00:00,111.667,8.333,19.28,40.784,18.7,39.932,19.225,41.967,18.802,40.092,17.27,48.681,3.274,68.77,18.272,35.826,19.702,44.786,16.864,40.014,3.283,757.3,82.0,3.0,35.417,0.417
2016-01-13 19:00:00,213.333,16.667,19.362,41.73,18.834,40.228,19.26,41.884,18.678,40.261,17.502,57.563,2.129,75.986,18.23,36.919,19.79,45.018,16.79,40.0,2.908,757.133,88.583,3.833,29.0,1.167
2016-01-13 20:00:00,248.333,20.0,19.533,41.456,19.033,40.554,19.2,42.351,19.054,41.331,18.31,81.961,1.644,82.74,18.463,38.173,19.76,45.134,16.725,40.204,3.117,756.9,88.417,5.0,33.583,1.4
2016-01-13 21:00:00,313.333,5.0,19.6,41.646,19.122,40.881,19.387,43.853,19.597,40.862,18.556,88.172,1.343,85.374,18.34,37.985,19.77,45.651,16.67,40.121,2.875,756.692,88.583,5.0,35.417,1.192
2016-01-13 22:00:00,131.667,1.667,19.567,42.091,19.022,40.763,20.846,45.907,19.234,39.943,19.164,80.183,1.37,88.147,18.22,37.907,19.688,46.288,16.6,40.299,2.908,756.192,87.167,5.417,33.583,0.942
2016-01-13 23:00:00,41.667,0.0,19.392,42.114,18.814,41.283,20.574,44.2,18.94,41.018,18.524,70.136,1.88,89.581,18.133,39.025,19.6,47.885,16.611,42.274,3.033,755.733,87.25,5.583,35.417,1.083
2016-01-14 00:00:00,46.667,0.0,19.219,42.08,18.611,41.314,20.225,43.528,18.74,41.386,18.218,67.256,1.542,89.887,18.1,40.229,19.555,49.362,16.636,43.573,2.842,755.167,89.417,5.0,28.167,1.283
2016-01-14 01:00:00,36.667,0.0,19.05,42.07,18.439,41.27,20.009,43.33,18.6,41.627,17.962,65.716,1.938,92.25,18.1,41.442,19.373,50.679,16.678,44.926,2.858,754.367,91.25,5.0,27.417,1.525
2016-01-14 02:00:00,43.333,0.0,18.904,42.145,18.26,41.339,19.857,43.25,18.457,41.808,17.75,64.396,2.556,93.112,18.1,42.289,19.28,51.07,16.7,46.223,2.967,753.483,91.333,5.417,33.0,1.658
2016-01-14 03:00:00,45.0,0.0,18.755,42.235,18.139,41.486,19.79,43.294,18.351,41.972,17.656,63.528,2.994,92.309,18.1,42.399,19.178,50.762,16.7,46.839,3.283,752.567,89.0,5.583,35.0,1.683
2016-01-14 04:00:00,35.0,0.0,18.661,42.29,18.039,41.56,19.719,43.305,18.265,42.1,17.499,62.796,3.045,91.234,18.047,42.334,19.067,50.476,16.71,47.396,3.358,751.642,89.417,5.417,28.417,1.8
2016-01-14 05:00:00,45.0,0.0,18.556,42.41,17.92,41.674,19.725,43.225,18.158,42.257,17.394,62.294,3.124,90.765,18.0,42.476,18.997,50.403,16.73,47.806,3.342,750.667,90.0,5.583,28.167,1.842
2016-01-14 06:00:00,40.0,1.667,18.439,42.53,17.815,41.792,19.79,43.32,18.1,42.487,17.312,62.043,3.73,89.874,17.988,42.65,18.884,50.499,16.72,48.109,3.65,749.908,89.583,6.667,27.417,2.108
2016-01-14 07:00:00,226.667,8.333,18.39,43.482,17.79,42.309,19.669,43.228,18.331,42.827,17.255,60.848,3.802,89.755,17.945,42.672,18.787,50.155,16.748,48.026,3.875,749.25,90.25,8.583,24.667,2.442
2016-01-14 08:00:00,160.0,5.0,18.39,43.646,17.71,42.563,19.417,42.81,18.695,41.92,17.2,57.914,3.677,92.872,17.78,40.594,18.6,48.299,16.7,46.336,2.7,749.15,94.5,5.917,26.25,1.875
2016-01-14 09:00:00,168.333,16.667,18.497,43.329,17.977,42.16,19.249,42.322,18.561,41.643,17.327,51.474,2.44,94.067,17.628,39.316,18.392,46.59,16.722,45.695,1.55,749.167,96.75,4.25,37.083,1.083
2016-01-14 10:00:00,538.333,13.333,18.745,43.546,18.462,41.921,19.498,43.699,18.725,42.288,17.362,51.218,2.367,94.938,17.493,38.593,18.24,45.686,16.857,46.29,2.067,748.783,94.167,5.167,40.0,1.242
2016-01-14 11:00:00,238.333,11.667,19.185,43.574,18.989,40.938,21.35,47.095,18.84,42.308,17.183,53.05,2.908,95.586,17.402,38.173,18.1,45.118,16.914,45.978,2.55,748.775,92.583,4.417,40.0,1.467
2016-01-14 12:00:00,283.333,1.667,20.154,45.049,19.758,40.473,21.837,45.674,18.963,42.874,17.1,53.2,3.476,95.931,17.39,37.978,18.0,44.814,17.044,46.03,3.442,748.475,90.333,5.417,40.0,1.992
2016-01-14 13:00:00,70.0,0.0,21.076,43.098,20.304,39.964,22.187,44.294,18.974,43.341,17.089,53.188,4.012,96.424,17.432,37.994,18.05,44.692,17.158,47.106,4.45,748.092,86.75,6.0,40.0,2.442
2016-01-14 14:00:00,130.0,0.0,21.348,41.079,20.631,39.452,21.642,42.85,19.042,43.403,17.047,53.267,5.111,96.074,17.482,38.102,18.028,44.983,17.22,47.216,5.092,747.633,84.583,6.0,40.0,2.708
2016-01-14 15:00:00,51.667,0.0,21.572,40.147,21.016,39.143,21.403,41.674,18.824,42.524,17.089,53.454,5.29,90.113,17.402,38.008,17.933,44.818,17.139,45.53,5.458,747.483,81.917,6.0,40.0,2.583
2016-01-14 16:00:00,308.333,0.0,21.45,39.901,20.905,38.597,21.239,41.794,18.71,42.242,17.1,53.285,5.276,78.206,17.424,37.874,17.95,44.807,17.067,44.249,5.067,747.725,77.75,6.417,40.0,1.458
2016-01-14 17:00:00,405.0,5.0,21.811,44.419,21.177,39.107,22.231,44.657,18.704,44.508,17.1,53.314,4.741,75.242,17.667,38.586,18.329,45.782,17.0,43.306,4.558,747.983,76.0,6.583,40.0,0.658
2016-01-14 18:00:00,216.667,8.333,22.133,41.362,21.667,38.967,22.312,42.96,18.782,44.924,17.1,53.933,4.554,73.031,17.7,38.421,18.712,45.572,16.939,42.718,4.292,748.267,76.417,6.417,40.0,0.475
2016-01-14 19:00:00,231.667,10.0,22.461,44.206,21.74,39.611,22.072,42.618,18.823,45.406,17.117,54.126,4.074,73.847,17.74,38.513,18.909,45.049,16.88,41.842,3.75,748.625,80.75,7.417,40.0,0.717
2016-01-14 20:00:00,110.0,20.0,22.72,43.543,21.762,40.556,22.0,43.486,18.926,46.94,18.331,71.47,4.102,71.12,18.536,41.39,19.116,45.847,16.991,43.727,3.65,748.925,79.333,8.833,40.0,0.342
2016-01-14 21:00:00,116.667,16.667,22.765,41.906,21.813,40.986,21.869,43.141,19.149,46.602,19.383,63.472,3.96,62.18,19.524,42.466,19.578,45.94,16.902,42.242,3.792,749.267,70.0,9.167,40.0,-1.208
2016-01-14 22:00:00,48.333,1.667,23.106,40.546,22.213,40.012,21.642,42.952,19.111,45.597,19.277,53.784,3.319,66.066,19.03,39.803,19.72,45.836,16.98,43.355,2.625,749.542,79.167,7.583,32.917,-0.75
2016-01-14 23:00:00,38.333,0.0,23.543,39.853,22.698,39.584,21.369,43.086,18.83,44.562,18.813,55.782,1.776,83.909,18.712,40.713,19.7,47.95,17.1,45.762,1.15,749.475,92.833,7.833,35.083,0.175
2016-01-15 00:00:00,53.333,0.0,23.725,39.451,22.79,39.352,21.2,43.244,18.678,43.973,18.68,55.7,1.14,92.284,18.6,41.686,19.622,48.838,17.106,46.247,0.467,749.258,96.5,9.417,44.5,0.0
2016-01-15 01:00:00,51.667,0.0,23.709,39.082,22.76,39.139,21.2,43.32,18.544,43.566,18.6,55.305,0.561,94.592,18.544,42.141,19.482,49.286,17.2,46.902,0.167,749.283,99.583,10.0,45.667,0.083
2016-01-15 02:00:00,46.667,0.0,23.473,39.149,22.536,39.035,21.2,43.422,18.476,43.343,18.506,55.018,0.987,94.669,18.5,42.388,19.39,49.496,17.21,47.419,0.775,749.692,96.083,10.417,45.75,0.2
2016-01-15 03:00:00,43.333,0.0,23.159,39.453,22.175,39.075,21.25,43.519,18.379,43.11,18.42,54.652,1.505,94.817,18.5,42.504,19.384,49.55,17.28,47.666,1.883,750.392,88.25,10.583,23.833,0.117
2016-01-15 04:00:00,50.0,0.0,22.804,39.502,21.8,39.121,21.29,43.639,18.34,42.944,18.312,54.397,1.944,95.473,18.494,42.579,19.29,49.283,17.29,47.663,2.825,751.008,80.083,10.0,31.25,-0.375
2016-01-15 05:00:00,50.0,0.0,22.467,39.527,21.466,39.191,21.29,43.55,18.255,42.667,18.24,54.119,2.262,95.984,18.402,42.218,19.27,49.13,17.34,47.633,3.083,751.508,74.333,10.0,40.0,-1.108
2016-01-15 06:00:00,45.0,0.0,22.171,39.709,21.197,39.317,21.29,43.575,18.189,42.404,18.144,53.893,2.428,93.438,18.427,42.528,19.167,48.794,17.39,47.7,3.2,752.008,73.667,9.583,40.0,-1.067
2016-01-15 07:00:00,51.667,8.333,21.892,40.083,20.928,39.354,21.214,43.343,18.111,42.29,18.05,54.573,2.439,89.809,18.463,42.92,19.117,48.928,17.427,47.416,3.2,752.508,76.833,8.583,40.0,-0.475
2016-01-15 08:00:00,235.0,11.667,21.14,34.352,19.598,34.012,19.872,37.07,18.22,42.35,17.933,55.842,2.476,86.058,18.295,41.184,18.957,47.711,17.357,46.113,3.2,752.967,78.833,8.833,40.0,-0.175
2016-01-15 09:00:00,206.667,8.333,20.78,35.984,19.829,35.707,20.167,38.294,20.041,41.34,17.848,54.122,2.617,84.909,18.061,38.395,18.793,45.602,17.29,44.287,3.2,753.408,80.833,9.583,40.0,0.125
2016-01-15 10:00:00,125.0,10.0,20.896,37.892,20.186,37.621,20.314,39.306,20.155,40.241,17.79,52.862,3.007,80.986,17.933,37.314,18.639,44.124,17.29,43.372,3.492,753.95,82.0,8.583,35.417,0.633
2016-01-15 11:00:00,125.0,8.333,20.957,38.51,20.351,38.198,20.463,39.797,20.117,40.199,17.74,52.484,3.801,78.884,17.873,36.897,18.514,43.427,17.28,42.669,3.817,754.467,84.5,8.417,25.667,1.392
2016-01-15 12:00:00,210.0,3.333,20.962,39.183,20.501,38.024,20.521,39.917,20.136,40.319,17.715,51.973,4.409,75.802,17.786,36.712,18.434,43.14,17.28,42.22,3.783,754.825,87.583,8.583,37.667,1.842
2016-01-15 13:00:00,196.667,1.667,21.25,38.996,20.933,38.036,20.522,40.2,20.154,40.438,17.76,51.464,4.774,73.115,17.786,36.536,18.39,43.109,17.347,43.354,4.025,755.0,86.583,8.0,47.667,1.983
2016-01-15 14:00:00,63.333,1.667,21.532,38.904,21.223,37.905,20.589,40.245,20.172,40.557,18.772,46.559,5.186,69.706,17.787,36.414,18.362,42.836,17.636,46.211,4.325,755.125,85.167,8.0,33.583,2.058
2016-01-15 15:00:00,56.667,1.667,21.918,38.327,21.51,37.42,20.794,39.929,20.191,40.676,19.483,43.621,5.062,73.151,17.767,36.314,18.3,42.62,17.533,44.138,3.333,755.675,89.0,7.583,32.083,1.625
2016-01-15 16:00:00,56.667,0.0,22.303,38.013,21.852,37.236,21.144,39.792,20.21,40.796,20.033,42.378,4.176,85.181,17.731,36.442,18.287,42.724,17.488,42.753,1.908,756.367,95.167,7.0,37.667,1.183
2016-01-15 17:00:00,98.333,5.0,22.39,37.802,21.886,37.116,21.2,39.602,20.228,40.915,20.21,41.798,2.14,95.594,17.703,36.459,19.05,44.974,17.376,41.932,2.492,756.892,93.583,6.167,45.167,1.55
2016-01-15 18:00:00,278.333,8.333,22.408,39.949,21.901,37.322,21.296,40.242,20.246,41.034,20.365,41.893,2.422,95.107,17.694,36.488,19.425,45.45,17.301,41.406,2.733,757.592,93.0,5.833,39.667,1.733
2016-01-15 19:00:00,220.0,20.0,22.561,45.167,22.0,39.117,21.374,43.623,20.318,41.848,20.451,44.423,2.234,94.746,17.871,38.338,19.558,45.343,17.29,41.157,2.5,758.333,94.667,6.167,63.417,1.75
2016-01-15 20:00:00,233.333,20.0,22.752,40.909,22.098,39.28,21.25,42.467,20.237,43.265,20.762,55.207,2.251,94.614,18.756,40.609,20.102,45.006,17.282,41.134,2.375,759.008,97.0,4.583,64.0,1.933
2016-01-15 21:00:00,230.0,18.333,23.156,39.65,22.414,39.13,21.28,41.981,20.829,42.48,20.904,45.398,1.484,94.206,19.032,39.441,20.445,44.347,17.2,40.696,2.2,759.592,96.583,4.0,46.917,1.658
2016-01-15 22:00:00,218.333,8.333,23.22,39.13,22.427,38.428,21.209,41.814,21.143,42.935,21.374,74.824,2.358,94.53,19.056,39.419,20.738,44.59,17.363,42.477,2.408,760.25,95.583,3.583,30.083,1.767
2016-01-15 23:00:00,63.333,8.333,23.117,39.658,22.314,38.519,21.089,41.944,21.394,43.375,20.534,67.262,2.238,94.513,18.881,40.272,20.689,46.592,17.74,46.26,2.575,760.808,95.833,3.0,35.0,1.958
2016-01-16 00:00:00,40.0,0.0,22.853,40.135,22.029,39.067,20.982,41.906,20.953,43.73,20.126,58.524,2.055,94.491,18.745,40.532,20.567,47.852,17.89,47.02,2.338,761.246,96.583,3.417,30.5,1.796
2016-01-16 01:00:00,53.333,0.0,22.611,40.29,21.767,39.485,20.884,42.05,20.474,43.521,19.822,54.975,2.139,94.53,18.7,41.24,20.313,48.361,17.89,47.015,2.188,761.596,95.583,4.417,36.5,1.546
2016-01-16 02:00:00,46.667,0.0,22.37,40.215,21.468,39.56,20.745,41.857,20.138,43.387,19.589,53.019,1.85,94.422,18.7,41.732,20.2,49.489,17.89,47.108,1.85,761.967,95.0,3.75,40.0,1.15
2016-01-16 03:00:00,41.667,0.0,22.122,40.07,21.208,39.576,20.589,41.758,19.882,43.255,19.392,51.95,0.625,94.538,18.7,41.688,20.1,49.62,17.89,47.25,1.125,762.242,95.833,2.0,32.917,0.55
2016-01-16 04:00:00,50.0,0.0,21.869,39.967,20.962,39.53,20.5,41.74,19.698,43.142,19.219,51.299,-0.517,94.844,18.7,41.738,19.968,49.08,17.902,47.26,0.6,762.425,96.583,2.417,21.75,0.117
2016-01-16 05:00:00,40.0,0.0,21.665,39.888,20.75,39.51,20.522,41.92,19.535,42.967,19.111,50.921,-0.483,94.928,18.667,41.76,19.88,49.059,17.902,47.28,0.558,762.475,96.0,3.0,20.0,-0.042
2016-01-16 06:00:00,51.667,0.0,21.427,39.915,20.574,39.611,20.544,42.133,19.357,42.802,18.982,50.645,0.262,94.973,18.6,41.781,19.79,49.08,17.89,47.29,0.708,762.342,96.0,3.0,37.917,0.108
2016-01-16 07:00:00,246.667,5.0,21.235,39.946,20.386,39.638,20.639,42.235,19.45,42.86,18.894,50.094,0.822,95.147,18.6,42.155,19.75,49.397,17.89,47.339,1.083,762.442,96.0,3.0,63.0,0.483
2016-01-16 08:00:00,140.0,6.667,21.391,40.825,20.585,40.245,20.714,42.09,21.092,42.683,19.375,46.741,1.13,95.199,18.6,42.221,19.72,49.477,17.879,47.034,1.242,762.625,96.417,3.0,63.0,0.683
2016-01-16 09:00:00,61.667,0.0,21.715,41.485,21.011,40.54,20.71,42.201,20.791,42.608,19.873,45.627,1.523,95.388,18.6,42.534,19.661,49.488,17.857,46.276,1.592,763.008,96.167,3.0,45.083,0.967
2016-01-16 10:00:00,71.667,0.0,21.939,40.994,21.314,40.421,20.801,42.228,20.506,42.472,20.156,44.72,1.715,95.562,18.667,43.019,19.606,49.619,17.823,45.517,2.625,763.342,94.167,3.0,20.0,1.7
2016-01-16 11:00:00,53.333,0.0,22.133,41.062,21.522,40.477,20.999,42.52,20.511,42.214,20.265,44.557,2.45,95.961,19.03,43.173,19.735,50.076,17.89,45.137,4.0,763.608,90.5,3.0,21.25,2.525
2016-01-16 12:00:00,75.0,0.0,22.118,41.072,21.511,40.242,21.067,42.482,20.419,41.752,20.424,50.38,3.539,96.227,19.542,43.342,20.012,50.781,17.963,44.934,5.2,763.817,78.25,3.833,24.667,1.575
2016-01-16 13:00:00,86.667,0.0,21.957,39.49,21.1,38.343,20.976,40.906,20.177,40.549,20.772,79.096,4.184,96.053,19.902,40.798,20.371,48.676,18.016,44.032,5.858,763.7,71.833,4.583,32.417,1.042
2016-01-16 14:00:00,71.667,1.667,21.89,39.476,21.044,38.771,20.945,41.259,20.368,41.872,19.956,65.352,4.716,96.21,20.348,39.968,20.556,46.694,18.172,44.003,5.55,763.7,74.583,5.25,40.0,1.208
2016-01-16 15:00:00,208.333,11.667,21.794,39.118,20.847,38.463,20.818,41.363,20.436,41.389,19.578,57.85,4.013,96.134,20.579,38.449,20.39,44.153,18.128,43.511,4.742,764.158,68.667,5.75,50.417,-0.683
2016-01-16 16:00:00,75.0,11.667,21.592,38.544,20.667,37.981,20.755,41.402,21.414,40.53,19.335,54.763,3.58,96.173,20.38,36.984,20.215,42.651,18.078,42.785,3.058,764.633,78.083,3.583,54.583,-0.55
2016-01-16 17:00:00,265.0,25.0,21.403,38.361,20.462,37.627,20.656,41.208,20.996,39.705,19.162,53.017,2.331,95.933,20.042,36.564,20.264,42.726,17.951,41.818,1.975,764.525,83.833,4.667,40.0,-0.533
2016-01-16 18:00:00,473.333,23.333,21.539,39.798,20.661,37.806,20.656,40.576,20.857,39.286,18.973,52.225,1.352,95.986,19.823,37.018,20.776,42.896,17.857,41.014,2.292,764.867,81.75,5.333,40.0,-0.542
2016-01-16 19:00:00,391.667,18.333,22.87,41.913,21.783,38.963,21.824,44.554,20.846,40.284,18.89,52.122,0.497,96.257,19.631,36.387,20.952,42.448,17.79,40.459,1.5,765.017,89.083,2.167,40.0,-0.067
2016-01-16 20:00:00,118.333,36.667,23.29,39.717,22.108,38.364,22.64,44.136,20.859,40.614,18.868,52.086,0.55,96.371,20.059,37.661,21.156,42.456,17.79,40.182,0.633,764.983,93.667,2.667,29.167,-0.217
2016-01-16 21:00:00,120.0,23.333,23.275,38.637,22.133,38.078,22.228,42.374,21.061,40.38,18.796,51.64,1.044,96.416,20.056,36.774,21.178,42.171,17.755,39.988,0.442,764.975,96.833,3.75,17.75,0.025
2016-01-16 22:00:00,170.0,21.667,23.071,38.258,22.031,37.772,21.817,41.744,21.522,40.36,18.73,51.394,1.168,96.489,19.879,37.064,21.372,42.133,17.708,39.963,0.708,764.675,95.917,2.417,25.5,0.117
2016-01-16 23:00:00,55.0,6.667,22.728,39.038,21.729,37.93,21.522,42.014,21.469,40.786,18.622,52.33,0.789,96.456,19.786,38.582,21.5,44.374,17.71,40.986,0.792,764.5,94.25,2.583,25.25,0.0
2016-01-17 00:00:00,46.667,0.0,22.36,39.373,21.4,38.192,21.402,42.284,20.974,41.246,18.592,53.0,0.462,96.429,19.683,39.314,21.357,46.702,17.71,42.261,0.625,764.5,96.0,2.417,38.75,0.083
2016-01-17 01:00:00,51.667,0.0,22.054,39.631,21.137,38.345,21.39,42.421,20.622,41.464,18.506,53.547,0.406,96.422,19.611,40.192,21.188,47.23,17.782,43.408,0.883,764.625,94.75,3.0,47.5,0.117
2016-01-17 02:00:00,43.333,0.0,21.784,39.768,20.893,38.569,21.385,42.554,20.381,41.73,18.42,53.821,0.9,96.295,19.58,40.642,21.058,48.163,17.79,44.267,0.75,764.675,95.083,3.417,24.25,0.042
2016-01-17 03:00:00,50.0,0.0,21.556,39.931,20.693,38.836,21.29,42.657,20.193,41.875,18.379,53.9,0.928,96.108,19.511,41.06,20.904,48.98,17.79,44.906,0.483,764.417,97.583,3.167,31.833,0.1
2016-01-17 04:00:00,51.667,0.0,21.346,40.078,20.51,39.051,21.25,42.735,20.05,41.956,18.315,53.9,1.056,96.061,19.511,40.989,20.75,50.008,17.79,45.347,0.558,764.217,96.583,2.417,40.0,0.058
2016-01-17 05:00:00,43.333,0.0,21.155,40.245,20.334,39.196,21.235,42.745,19.88,41.961,18.28,53.875,0.767,96.05,19.466,40.932,20.688,50.368,17.801,45.664,0.458,764.1,96.417,3.0,35.0,0.0
2016-01-17 06:00:00,45.0,0.0,20.976,40.398,20.182,39.344,21.167,42.664,19.77,41.94,18.2,53.699,0.731,96.074,19.396,41.154,20.606,49.724,17.846,45.909,0.442,764.183,96.583,3.0,28.0,-0.042
2016-01-17 07:00:00,348.333,6.667,20.823,40.72,20.039,39.497,21.1,42.681,20.23,41.954,18.194,53.59,0.3,96.125,19.39,41.215,20.494,49.34,17.841,45.964,-0.042,764.467,96.0,2.583,26.333,-0.642
2016-01-17 08:00:00,271.667,8.333,20.796,41.449,20.017,39.954,21.029,42.601,21.682,40.644,18.1,53.474,-0.925,95.687,19.296,41.026,20.373,48.89,17.801,45.455,-0.8,764.742,94.75,2.0,25.667,-1.567
2016-01-17 09:00:00,291.667,1.667,21.09,42.341,20.347,39.606,22.033,44.866,21.385,39.029,18.1,52.432,-1.229,95.504,19.188,38.986,20.219,46.949,17.75,43.408,-0.383,764.925,91.75,1.583,28.417,-1.592
2016-01-17 10:00:00,90.0,0.0,21.712,39.754,21.116,38.297,22.102,42.331,21.572,39.628,18.1,51.143,-1.042,95.451,19.155,37.831,20.1,45.562,17.78,42.341,0.658,765.225,88.75,1.0,29.0,-1.008
2016-01-17 11:00:00,318.333,0.0,22.044,38.419,21.203,36.072,21.915,41.088,21.792,39.12,18.1,50.093,-0.039,96.277,19.386,37.706,20.218,45.352,17.879,41.473,1.758,765.483,82.417,1.417,29.0,-0.975
2016-01-17 12:00:00,118.333,0.0,22.089,38.25,21.259,36.26,22.305,39.921,21.6,38.692,18.111,48.987,0.656,96.619,19.878,37.335,20.517,44.549,18.0,40.716,2.608,765.558,73.917,2.0,33.583,-1.708
2016-01-17 13:00:00,170.0,0.0,22.044,38.139,21.147,36.588,22.009,39.22,21.463,38.774,18.1,48.669,1.262,96.965,20.368,35.78,21.282,43.353,18.126,40.273,2.942,765.458,67.667,2.0,40.0,-2.625
2016-01-17 14:00:00,138.333,1.667,21.808,33.707,20.106,31.683,21.384,36.453,21.251,36.508,18.1,47.538,1.733,97.233,20.718,33.671,21.606,40.748,18.34,40.038,3.042,765.317,61.333,2.0,40.0,-3.833
2016-01-17 15:00:00,81.667,0.0,21.7,34.35,20.17,33.71,20.966,36.386,21.2,35.562,18.083,46.085,1.728,97.263,21.572,32.265,22.074,39.255,18.39,39.346,2.933,765.158,59.417,1.583,40.0,-4.3
2016-01-17 16:00:00,81.667,1.667,21.73,35.528,20.388,35.322,21.117,36.897,21.06,35.701,18.042,46.136,1.041,96.663,21.78,30.92,22.662,39.126,18.25,39.025,1.908,765.017,65.417,1.417,40.0,-4.008
2016-01-17 17:00:00,455.0,13.333,21.6,37.427,20.162,36.478,20.856,37.256,21.078,36.664,18.005,46.094,-0.688,95.001,21.45,31.115,22.489,38.46,18.1,37.196,0.133,764.858,77.167,2.0,40.0,-3.517
2016-01-17 18:00:00,268.333,20.0,21.9,42.97,20.133,40.686,20.772,38.817,22.172,37.314,18.414,54.594,-2.498,91.683,21.05,31.864,22.632,41.081,18.122,38.309,-0.883,764.8,81.333,2.0,40.0,-3.775
2016-01-17 19:00:00,101.667,8.333,22.291,44.996,20.491,41.861,20.951,40.453,21.526,36.903,19.199,49.788,-3.451,90.924,20.728,31.674,22.413,40.647,17.94,38.242,-1.083,764.8,76.5,2.0,40.0,-4.758
2016-01-17 20:00:00,110.0,20.0,22.427,41.473,20.805,39.965,20.951,40.509,21.189,37.329,20.19,72.029,-3.633,91.102,20.481,32.176,22.308,39.754,17.857,37.852,-1.325,764.675,75.917,2.417,34.167,-5.067
2016-01-17 21:00:00,130.0,13.333,22.5,38.972,20.968,39.221,20.939,40.103,21.089,37.074,20.812,79.132,-4.02,89.575,20.605,34.33,22.091,39.498,17.792,37.216,-1.667,764.458,80.833,2.583,26.833,-4.6
2016-01-17 22:00:00,55.0,11.667,22.323,39.001,20.831,39.208,20.642,39.833,21.094,38.981,20.264,79.213,-4.35,89.114,20.477,35.435,21.922,41.038,17.71,37.218,-2.067,764.275,82.417,2.0,28.417,-4.725
2016-01-17 23:00:00,63.333,11.667,22.036,39.854,20.473,39.734,20.42,39.75,21.15,39.727,19.7,71.095,-4.606,88.51,20.32,36.274,21.745,43.14,17.656,38.12,-2.508,763.933,84.25,2.0,27.333,-4.9
2016-01-18 00:00:00,45.0,8.333,21.696,40.088,20.051,40.031,20.298,39.755,21.106,39.925,19.353,66.284,-4.586,88.752,20.255,37.1,21.656,45.15,17.611,38.498,-3.008,763.408,86.0,2.0,26.25,-5.108
2016-01-18 01:00:00,43.333,1.667,21.356,40.797,19.703,40.067,20.2,39.72,20.833,39.284,19.089,63.642,-4.842,87.689,20.177,37.32,21.384,45.776,17.611,39.165,-3.592,762.792,87.25,2.0,25.917,-5.442
2016-01-18 02:00:00,43.333,0.0,21.02,40.651,19.422,40.103,20.24,39.939,20.439,38.654,18.87,62.207,-5.108,87.419,20.083,37.583,21.215,46.849,17.611,39.865,-4.0,762.25,88.167,2.0,23.833,-5.667
2016-01-18 03:00:00,41.667,0.0,20.803,40.58,19.166,40.358,20.252,40.139,20.177,38.249,18.687,61.19,-5.289,87.192,19.972,37.471,21.056,47.47,17.611,40.414,-4.0,761.692,86.583,2.417,25.833,-5.983
2016-01-18 04:00:00,45.0,0.0,20.585,40.576,18.939,40.4,20.27,40.375,19.934,37.998,18.539,60.413,-5.474,86.382,19.879,37.772,20.902,47.507,17.6,41.08,-4.0,761.15,85.167,3.0,27.0,-6.183
2016-01-18 05:00:00,33.333,0.0,20.346,40.653,18.719,40.351,20.265,40.565,19.745,37.863,18.368,59.784,-5.515,86.237,19.79,37.98,20.813,47.253,17.6,41.594,-4.208,760.592,85.25,3.0,24.917,-6.342
2016-01-18 06:00:00,55.0,3.333,20.194,41.094,18.556,40.584,20.15,40.682,19.567,37.888,18.26,59.474,-5.411,86.81,19.703,38.072,20.667,47.018,17.6,41.762,-4.625,760.175,87.417,2.583,22.0,-6.442
2016-01-18 07:00:00,55.0,3.333,20.086,41.47,18.381,41.372,20.1,40.77,19.408,38.317,18.227,58.85,-5.27,86.759,19.64,38.066,20.545,46.752,17.522,41.284,-4.675,759.917,87.583,2.0,21.167,-6.458
2016-01-18 08:00:00,35.0,0.0,19.951,41.4,18.245,41.57,19.986,40.804,19.264,38.297,18.1,58.569,-5.036,87.658,19.433,36.978,20.34,45.346,17.414,39.95,-4.333,759.717,86.583,2.0,20.833,-6.275
2016-01-18 09:00:00,45.0,0.0,19.781,41.232,18.139,41.717,19.879,40.78,19.144,38.121,17.988,58.108,-4.316,89.732,19.279,36.301,20.165,44.339,17.329,39.125,-3.85,759.475,86.417,1.583,22.417,-5.808
2016-01-18 10:00:00,31.667,0.0,19.667,41.141,18.111,41.76,19.827,40.695,19.1,37.945,17.89,57.741,-2.984,92.4,19.167,35.819,20.002,43.659,17.29,38.639,-2.958,759.133,84.083,1.833,30.083,-5.358
2016-01-18 11:00:00,45.0,0.0,19.6,41.167,18.23,41.592,19.755,40.682,19.094,38.022,17.818,57.258,-1.519,94.41,19.089,35.485,19.857,43.14,17.27,38.318,-1.867,758.692,77.5,3.0,40.0,-5.383
2016-01-18 12:00:00,40.0,0.0,19.506,41.29,18.29,41.52,19.78,40.7,19.022,38.112,17.765,56.842,-0.552,94.854,19.022,35.143,19.78,42.819,17.25,38.25,-1.275,758.15,73.167,3.0,40.0,-5.542
2016-01-18 13:00:00,40.0,0.0,19.457,41.339,18.258,41.464,19.722,40.7,18.97,38.235,17.7,56.434,0.205,95.36,19.0,34.784,19.722,42.586,17.25,38.084,-0.892,757.592,71.167,3.0,40.0,-5.558
2016-01-18 14:00:00,41.667,0.0,19.39,41.336,18.28,41.494,19.7,40.7,18.89,38.302,17.631,55.993,0.718,95.546,19.0,34.656,19.667,42.354,17.23,37.933,-0.517,757.175,68.75,3.0,35.417,-5.625
2016-01-18 15:00:00,33.333,0.0,19.312,41.4,18.2,41.417,19.667,40.651,18.835,38.292,17.579,55.628,0.828,95.863,19.0,34.676,19.608,41.975,17.2,37.775,-0.442,756.917,68.25,2.583,33.583,-5.633
2016-01-18 16:00:00,46.667,0.0,19.29,41.327,18.146,41.482,19.575,40.628,18.73,38.119,17.5,55.235,0.069,94.69,18.907,34.33,19.565,41.839,17.15,37.547,-0.792,756.717,75.0,2.0,35.417,-4.817
2016-01-18 17:00:00,35.0,0.0,19.172,41.176,17.962,41.53,19.5,40.694,18.617,38.085,17.401,54.821,-1.449,90.028,18.774,34.383,19.425,41.788,17.072,37.273,-1.533,756.6,84.083,2.417,26.917,-3.958
2016-01-18 18:00:00,300.0,8.333,19.1,41.076,17.812,41.528,19.357,40.324,18.457,38.157,17.348,54.53,-2.148,90.369,18.65,34.547,19.445,42.152,17.0,37.186,-2.208,756.6,85.333,3.0,24.0,-4.358
2016-01-18 19:00:00,195.0,8.333,19.574,42.058,18.264,42.204,19.489,40.266,18.318,38.393,17.414,57.866,-2.739,90.026,18.518,34.834,19.975,43.375,16.914,37.404,-2.5,756.725,80.917,3.0,25.25,-5.333
2016-01-18 20:00:00,558.333,10.0,20.258,41.407,19.101,42.038,20.197,43.094,18.612,38.591,18.658,81.303,-3.077,89.675,18.32,33.475,20.168,43.174,17.01,39.33,-2.708,756.858,80.083,2.583,25.75,-5.675
2016-01-18 21:00:00,345.0,11.667,20.642,40.165,19.584,40.143,21.029,45.407,21.14,37.362,18.175,82.302,-3.739,86.933,18.124,31.7,20.312,42.215,16.846,37.392,-3.417,756.717,84.25,2.0,22.333,-5.75
2016-01-18 22:00:00,56.667,13.333,20.73,38.439,19.7,38.479,20.589,41.801,21.04,36.784,17.806,70.883,-4.748,83.585,18.0,31.657,20.23,42.248,16.993,39.177,-4.375,756.6,86.833,1.583,38.333,-6.308
2016-01-18 23:00:00,45.0,13.333,20.567,38.816,19.443,39.059,20.207,40.813,20.514,37.786,17.639,66.417,-5.551,82.974,18.0,33.11,20.158,43.534,16.933,39.176,-4.733,756.6,87.583,1.0,64.417,-6.475
2016-01-19 00:00:00,46.667,3.333,20.304,39.314,19.03,39.294,19.882,40.218,20.123,38.457,17.505,64.57,-5.928,83.558,17.944,33.601,20.087,44.417,16.86,39.141,-4.542,756.6,88.667,1.0,65.0,-6.133
2016-01-19 01:00:00,45.0,0.0,20.037,39.253,18.632,39.06,19.781,40.276,19.586,38.456,17.39,63.217,-5.525,85.566,17.882,33.763,19.898,44.766,16.846,39.698,-4.475,756.433,89.75,1.0,46.25,-5.942
2016-01-19 02:00:00,33.333,0.0,19.756,39.103,18.337,39.124,19.823,40.454,19.18,38.428,17.293,62.234,-5.352,85.68,17.795,33.849,19.739,45.35,16.823,40.161,-4.383,756.325,89.25,1.0,38.333,-5.917
2016-01-19 03:00:00,46.667,0.0,19.488,38.958,18.078,39.245,19.77,40.53,18.881,38.26,17.208,61.2,-5.196,86.054,17.732,33.898,19.673,45.415,16.801,40.721,-4.333,756.375,90.167,1.0,64.0,-5.758
2016-01-19 04:00:00,33.333,0.0,19.313,38.954,17.87,39.408,19.74,40.635,18.698,38.188,17.118,60.445,-4.988,86.336,17.68,33.943,19.558,45.117,16.79,41.177,-4.1,756.242,89.0,1.0,64.0,-5.7
2016-01-19 05:00:00,45.0,0.0,19.156,39.072,17.693,39.536,19.617,40.466,18.518,38.09,17.049,59.757,-5.213,84.58,17.6,33.888,19.45,44.978,16.79,41.47,-4.267,756.342,89.833,1.0,63.583,-5.742
2016-01-19 06:00:00,46.667,3.333,19.011,39.665,17.533,39.871,19.55,40.33,18.34,38.035,16.984,58.685,-5.542,83.98,17.514,33.9,19.374,44.811,16.79,41.657,-4.417,756.442,90.583,1.0,63.417,-5.758
2016-01-19 07:00:00,41.667,5.0,18.92,40.109,17.402,40.676,19.38,39.924,18.215,38.178,17.01,55.189,-5.14,86.13,17.454,33.858,19.248,44.722,16.77,41.404,-4.3,756.625,89.583,1.0,64.0,-5.783
2016-01-19 08:00:00,41.667,0.0,18.84,40.48,17.296,40.993,19.28,39.999,18.1,38.551,16.862,56.787,-5.393,83.812,17.388,33.877,19.058,43.732,16.678,40.162,-4.55,756.967,90.667,1.0,63.167,-5.9
2016-01-19 09:00:00,33.333,0.0,18.715,40.544,17.2,40.998,19.167,39.841,17.945,38.21,16.78,56.999,-5.642,82.172,17.31,33.902,18.884,43.0,16.6,39.192,-4.4,757.242,92.167,1.0,62.0,-5.525
2016-01-19 10:00:00,45.0,0.0,18.604,40.512,17.192,40.997,19.078,39.804,17.914,38.09,16.708,56.849,-5.42,83.687,17.294,33.738,18.76,42.41,16.506,38.704,-3.158,757.342,86.833,1.0,62.833,-5.125
2016-01-19 11:00:00,33.333,0.0,18.707,40.477,17.514,40.768,19.022,39.814,18.249,37.988,16.666,56.588,-3.773,88.297,17.442,33.304,18.775,41.923,16.6,38.503,-2.067,757.483,78.5,1.0,45.667,-5.383
2016-01-19 12:00:00,43.333,0.0,18.874,40.232,17.77,40.499,19.0,39.869,18.29,37.83,16.6,56.228,-2.231,90.942,17.658,32.792,18.868,41.358,16.694,38.795,-0.933,757.6,70.417,1.0,20.833,-5.708
2016-01-19 13:00:00,33.333,0.0,19.0,39.933,17.801,40.422,19.034,39.82,18.155,37.366,16.581,55.907,-1.305,91.758,18.082,32.338,19.244,40.776,16.803,38.228,-0.083,757.475,65.667,1.0,22.0,-5.792
2016-01-19 14:00:00,45.0,0.0,19.07,39.9,17.812,40.385,18.991,39.698,18.139,37.269,16.504,55.588,-0.552,93.382,18.52,32.163,19.411,40.42,16.818,38.163,0.592,757.258,63.417,1.0,24.083,-5.667
2016-01-19 15:00:00,38.333,0.0,19.273,40.09,18.021,40.46,19.066,39.592,18.245,37.571,16.486,55.317,-0.375,93.85,19.199,31.919,19.902,39.946,16.832,38.527,1.117,757.242,59.083,1.0,27.0,-6.025
2016-01-19 16:00:00,41.667,0.0,19.323,40.15,18.083,40.336,19.044,39.5,18.188,37.477,16.409,55.052,-0.769,92.566,19.224,31.677,20.1,39.7,16.89,38.557,-0.033,757.342,67.0,1.0,24.917,-5.575
2016-01-19 17:00:00,71.667,5.0,19.21,39.651,17.905,40.28,19.0,39.594,17.975,37.297,16.363,54.831,-2.502,85.387,18.978,31.695,19.876,39.749,16.818,38.247,-1.125,757.525,77.75,1.0,21.167,-4.617
2016-01-19 18:00:00,175.0,8.333,19.056,39.108,17.667,39.839,18.753,38.733,17.796,37.476,16.294,54.598,-3.986,83.577,18.676,31.806,20.014,41.422,16.725,38.085,-2.292,757.783,85.083,1.0,38.333,-4.458
2016-01-19 19:00:00,353.333,10.0,19.067,40.19,17.773,40.152,18.914,39.517,17.65,37.217,16.274,55.248,-4.792,83.137,18.314,31.481,20.272,42.491,16.602,37.326,-2.825,758.025,88.417,0.583,63.167,-4.483
2016-01-19 20:00:00,448.333,15.0,19.376,40.698,18.253,40.406,20.292,42.741,18.033,36.596,17.346,61.073,-5.247,82.882,17.956,30.194,20.393,40.908,16.451,36.009,-3.625,758.2,91.083,0.833,61.583,-4.933
2016-01-19 21:00:00,153.333,13.333,19.672,39.757,18.818,39.858,20.23,40.595,20.136,36.154,17.928,47.697,-5.638,82.857,17.682,29.531,20.5,39.978,16.323,35.03,-4.125,758.2,92.75,1.583,61.0,-5.192
2016-01-19 22:00:00,56.667,1.667,19.79,38.46,18.921,38.497,19.762,39.548,19.397,35.884,18.495,73.445,-5.554,83.61,17.511,30.04,20.418,39.452,16.351,37.314,-3.767,758.325,91.0,1.0,61.417,-5.067
2016-01-19 23:00:00,46.667,0.0,19.79,38.596,18.933,38.88,19.31,39.155,18.773,36.92,17.95,57.62,-5.914,82.226,17.5,31.65,20.335,41.531,16.39,39.016,-4.208,758.625,92.25,1.0,61.167,-5.342
2016-01-20 00:00:00,36.667,0.0,19.719,38.853,18.736,39.116,19.111,39.05,18.384,37.772,17.687,51.984,-5.272,86.323,17.402,32.25,20.144,43.552,16.379,39.723,-4.625,758.758,94.0,1.417,55.417,-5.525
2016-01-20 01:00:00,45.0,0.0,19.514,39.136,18.383,39.262,18.92,38.857,18.1,38.152,17.457,50.026,-5.032,84.868,17.329,32.63,19.893,44.478,16.39,40.557,-4.828,758.728,93.583,1.861,50.667,-5.77
2016-01-20 02:00:00,31.667,0.0,19.283,39.243,18.066,39.22,18.89,38.927,17.904,38.245,17.265,49.169,-5.627,82.485,17.275,32.812,19.677,45.558,16.379,41.086,-4.894,758.794,92.583,1.528,54.667,-5.936
2016-01-20 03:00:00,43.333,0.0,19.049,39.14,17.771,39.282,18.902,39.131,17.742,38.314,17.129,48.793,-5.788,82.905,17.199,32.845,19.544,45.594,16.368,41.486,-4.961,758.861,91.583,1.194,58.667,-6.103
2016-01-20 04:00:00,41.667,0.0,18.81,38.95,17.504,39.388,18.988,39.29,17.567,38.27,16.975,48.596,-5.202,85.782,17.111,32.911,19.351,45.338,16.368,41.763,-4.583,758.983,90.583,1.0,61.0,-5.867
2016-01-20 05:00:00,38.333,0.0,18.644,38.989,17.293,39.461,18.951,39.191,17.451,38.329,16.835,48.627,-4.22,89.414,17.056,32.978,19.24,45.139,16.362,42.128,-3.583,759.017,90.0,1.833,61.0,-4.983
2016-01-20 06:00:00,116.667,5.0,18.511,39.457,17.128,39.747,18.864,39.28,17.323,38.438,16.792,47.995,-3.509,90.521,16.975,32.941,19.092,45.073,16.307,42.362,-2.917,758.9,90.0,2.583,61.0,-4.358
2016-01-20 07:00:00,53.333,1.667,18.406,39.154,16.975,39.128,18.666,38.795,17.245,38.086,16.801,49.063,-3.55,89.772,16.772,31.173,18.91,43.755,16.258,40.771,-2.633,759.025,88.333,2.0,61.417,-4.342
2016-01-20 08:00:00,160.0,8.333,18.27,37.948,16.823,38.142,18.589,38.473,17.089,37.047,16.588,49.236,-3.414,90.368,16.643,30.275,18.769,42.506,16.089,38.116,-2.317,759.45,86.833,2.833,61.583,-4.192
2016-01-20 09:00:00,66.667,6.667,18.2,38.208,16.92,39.042,18.45,37.907,16.945,36.703,16.619,53.022,-2.618,92.55,16.539,30.05,18.696,42.22,15.963,36.84,-2.117,759.883,88.417,3.167,59.75,-3.775
2016-01-20 10:00:00,78.333,6.667,18.21,38.242,16.862,38.811,18.488,38.042,16.927,37.428,17.76,80.141,-1.508,94.304,16.443,29.982,18.713,42.501,15.875,36.196,-1.875,760.25,88.583,2.417,58.417,-3.517
2016-01-20 11:00:00,81.667,1.667,18.104,36.876,16.79,37.614,18.335,37.375,16.823,37.163,17.064,65.964,-0.3,95.399,16.618,32.867,19.049,41.351,15.788,37.264,-1.367,760.6,86.333,3.0,59.833,-3.358
2016-01-20 12:00:00,131.667,1.667,18.022,36.341,16.79,37.404,18.27,37.436,16.768,36.368,16.794,58.78,0.653,95.96,16.502,31.698,19.126,41.05,15.875,39.245,-0.692,760.6,83.583,2.583,61.0,-3.133
2016-01-20 13:00:00,75.0,0.0,17.868,35.75,16.72,36.83,18.215,37.417,16.683,35.968,16.633,55.309,1.725,96.562,16.423,30.903,19.486,40.697,15.815,37.272,-0.108,760.475,82.167,2.0,61.417,-2.775
2016-01-20 14:00:00,55.0,0.0,17.745,36.052,16.683,36.51,18.164,37.399,16.611,35.811,16.489,53.567,2.262,97.081,16.386,30.696,19.641,40.543,15.8,36.239,0.425,760.3,80.583,2.0,62.0,-2.558
2016-01-20 15:00:00,80.0,0.0,17.617,36.275,16.586,36.555,18.0,37.361,16.506,35.944,16.371,52.585,2.136,97.217,16.3,30.76,19.764,40.537,15.692,35.828,0.6,760.3,81.25,2.0,61.583,-2.292
2016-01-20 16:00:00,70.0,0.0,17.517,36.491,16.476,36.715,17.976,37.472,16.402,36.076,16.259,51.945,2.029,97.284,16.246,30.884,20.075,41.78,15.63,35.669,0.475,760.3,84.667,2.0,59.75,-1.833
2016-01-20 17:00:00,185.0,1.667,17.408,36.867,16.396,36.941,17.835,37.331,16.312,36.307,16.166,51.657,1.374,96.75,16.2,31.106,20.145,41.621,15.583,35.621,0.217,760.467,88.25,2.0,55.083,-1.475
2016-01-20 18:00:00,225.0,5.0,17.461,37.651,16.624,37.636,17.79,37.23,16.2,36.437,16.084,51.582,0.979,96.59,16.103,31.273,20.145,41.028,15.5,35.7,-0.025,760.7,91.25,2.0,49.75,-1.258
2016-01-20 19:00:00,395.0,36.667,18.241,43.472,17.734,39.301,18.63,41.618,16.144,36.695,16.024,51.453,0.756,96.565,16.1,31.664,20.163,40.597,15.396,35.735,-0.075,760.908,91.75,1.583,51.333,-1.242
2016-01-20 20:00:00,283.333,26.667,19.062,40.381,18.684,38.483,19.768,42.438,16.495,37.865,17.46,55.476,0.839,96.773,16.1,31.79,20.237,40.936,15.606,38.658,0.183,761.325,90.0,1.417,58.083,-1.217
2016-01-20 21:00:00,260.0,13.333,19.67,38.59,19.294,37.573,19.337,39.869,19.412,37.566,17.974,66.611,0.908,96.933,16.1,31.858,20.139,41.025,15.894,41.042,0.3,761.5,89.583,2.0,61.0,-1.225
2016-01-20 22:00:00,141.667,13.333,19.927,37.893,19.579,37.248,18.984,39.517,19.697,37.298,17.336,59.085,0.878,96.944,16.127,32.58,19.905,42.53,16.011,41.153,0.3,761.625,88.583,2.0,61.0,-1.442
2016-01-20 23:00:00,51.667,11.667,19.917,38.038,19.492,37.677,18.73,39.602,19.719,37.651,16.998,58.106,0.733,96.818,16.193,33.254,19.789,44.348,15.911,40.485,0.175,761.8,88.0,2.0,61.0,-1.625
2016-01-21 00:00:00,41.667,0.0,19.632,38.327,19.097,37.969,18.672,39.648,18.922,37.97,16.784,57.868,0.622,96.827,16.2,33.551,19.692,45.827,15.89,40.807,-0.417,761.967,88.833,2.0,58.917,-2.05
2016-01-21 01:00:00,55.0,0.0,19.337,38.738,18.654,38.202,18.665,39.714,18.296,38.08,16.609,57.444,0.667,96.906,16.2,33.706,19.578,46.641,15.89,41.411,-1.417,762.2,91.667,2.0,51.833,-2.608
2016-01-21 02:00:00,41.667,0.0,19.1,38.75,18.293,38.27,18.765,39.886,17.934,38.07,16.45,56.969,0.683,96.993,16.2,33.848,19.36,46.828,15.89,42.098,-1.5,762.242,92.75,1.583,52.25,-2.567
2016-01-21 03:00:00,50.0,0.0,18.815,38.605,17.997,38.339,18.7,40.04,17.676,38.08,16.35,56.506,0.522,96.842,16.173,33.87,19.256,47.166,15.89,42.587,-0.758,762.258,90.583,1.0,60.167,-2.1
2016-01-21 04:00:00,40.0,0.0,18.6,38.602,17.77,38.492,18.699,40.09,17.488,38.07,16.259,56.058,0.267,96.626,16.126,33.856,19.17,47.047,15.89,42.73,-0.908,762.283,89.167,1.417,59.833,-2.433
2016-01-21 05:00:00,51.667,0.0,18.415,38.693,17.556,38.65,18.633,40.206,17.335,38.05,16.199,55.557,-0.455,95.449,16.104,33.9,19.047,46.606,15.89,43.118,-1.617,762.525,88.417,2.0,56.833,-3.275
2016-01-21 06:00:00,45.0,3.333,18.27,39.348,17.392,38.812,18.614,40.133,17.209,38.03,16.113,55.179,-1.87,93.381,16.094,33.89,18.934,46.467,15.89,43.61,-2.033,762.7,89.417,2.0,52.667,-3.55
2016-01-21 07:00:00,46.667,8.333,18.178,39.528,17.224,38.899,18.482,39.912,17.072,37.645,16.073,54.164,-2.46,93.032,16.006,33.253,18.786,45.583,15.855,42.949,-2.217,762.95,90.417,1.583,55.833,-3.575
2016-01-21 08:00:00,31.667,0.0,18.044,38.706,17.021,37.997,18.315,39.179,16.88,36.754,16.163,49.776,-3.019,91.116,15.849,32.127,18.511,42.746,15.731,40.209,-3.425,763.467,91.833,1.0,50.333,-4.6
2016-01-21 09:00:00,53.333,10.0,17.851,38.046,16.857,37.363,18.189,38.856,16.796,36.386,16.239,46.616,-3.226,90.497,15.783,31.54,18.284,41.14,15.63,38.342,-3.133,763.908,91.75,1.0,46.417,-4.342
2016-01-21 10:00:00,55.0,15.0,17.79,37.651,16.904,36.885,18.056,38.563,17.22,37.073,16.287,45.064,-2.338,92.549,15.73,31.304,18.134,40.271,15.6,37.084,-0.458,764.325,84.167,1.0,57.333,-2.917
2016-01-21 11:00:00,51.667,11.667,17.882,37.68,17.144,36.72,18.1,38.782,17.839,37.084,16.292,43.552,-0.655,95.103,15.88,31.051,18.098,39.503,15.66,36.506,1.5,764.5,71.833,1.0,44.917,-3.133
2016-01-21 12:00:00,53.333,3.333,18.022,37.399,17.285,36.56,18.089,38.667,17.963,36.899,16.372,42.414,0.699,95.202,16.2,30.425,18.116,38.291,15.702,36.454,2.783,764.375,61.833,1.0,20.583,-3.975
2016-01-21 13:00:00,173.333,0.0,18.111,37.094,17.29,36.293,18.083,38.55,17.991,36.5,16.418,41.238,2.132,96.226,16.704,29.673,18.572,37.479,15.851,36.114,3.933,764.075,56.0,1.417,38.75,-4.208
2016-01-21 14:00:00,63.333,0.0,18.396,36.597,17.604,36.03,18.044,38.052,18.484,35.378,16.704,39.983,3.152,96.874,17.18,28.97,18.736,36.754,15.957,36.594,4.525,763.817,53.917,1.583,46.25,-4.175
2016-01-21 15:00:00,45.0,0.0,19.264,36.771,18.497,35.617,18.315,37.765,18.485,36.234,17.494,39.347,3.41,96.633,17.996,28.362,19.274,36.18,16.0,37.162,4.617,763.867,54.75,1.0,20.833,-3.867
2016-01-21 16:00:00,41.667,0.0,19.862,36.832,19.219,36.176,18.532,38.073,18.422,36.816,18.018,39.738,2.591,93.938,18.255,28.894,19.72,36.638,16.1,37.851,3.583,764.183,64.167,1.0,39.917,-2.7
2016-01-21 17:00:00,35.0,1.667,19.782,37.12,19.06,36.7,18.589,38.26,18.089,36.841,18.01,39.866,0.421,89.94,17.986,29.694,19.432,37.353,16.064,38.205,1.467,764.467,72.917,1.0,65.0,-2.95
2016-01-21 18:00:00,328.333,20.0,19.617,35.9,18.614,35.236,18.459,37.974,17.816,36.419,17.888,38.609,-1.227,90.653,17.523,28.917,19.271,37.869,15.988,37.542,-0.158,764.617,79.917,1.0,64.583,-3.258
2016-01-21 19:00:00,325.0,11.667,19.94,44.651,18.814,35.435,18.502,38.67,17.628,37.125,18.059,39.824,-1.84,91.806,17.155,28.304,19.452,37.198,15.988,36.814,-0.717,764.583,84.0,1.417,63.583,-3.117
2016-01-21 20:00:00,283.333,10.0,20.24,38.941,19.32,36.803,18.781,39.754,17.672,38.9,18.274,40.059,-1.798,93.742,16.947,29.019,19.658,38.328,16.017,38.523,0.108,764.617,83.167,2.833,62.583,-2.417
2016-01-21 21:00:00,213.333,1.667,20.439,37.584,19.652,36.748,20.235,42.628,17.474,38.292,18.55,39.83,-1.349,95.055,16.776,29.543,19.673,39.558,15.927,38.03,0.808,764.625,83.25,3.583,62.0,-1.683
2016-01-21 22:00:00,55.0,1.667,20.739,37.144,20.032,36.504,20.394,40.632,17.266,37.699,18.538,40.435,-2.111,93.548,16.7,30.343,19.567,41.858,15.842,37.773,-0.017,764.8,87.083,2.583,60.75,-1.925
2016-01-21 23:00:00,43.333,0.0,20.622,36.876,19.886,36.462,19.842,40.294,17.078,37.909,17.891,42.635,-1.974,94.332,16.694,31.5,19.521,43.11,15.902,39.789,-0.35,764.925,89.167,2.833,59.833,-1.933
2016-01-22 00:00:00,40.0,1.667,20.343,37.081,19.496,36.682,19.469,40.008,16.976,38.05,17.565,43.888,-1.656,94.82,16.646,32.027,19.439,44.002,15.89,40.568,-0.125,765.1,88.417,3.583,61.0,-1.783
2016-01-22 01:00:00,36.667,0.0,20.027,37.264,19.076,36.845,19.186,39.627,16.862,38.133,17.301,44.675,-1.899,94.386,16.597,32.315,19.29,44.585,15.957,41.34,-0.3,764.85,88.583,3.0,61.417,-1.983
2016-01-22 02:00:00,38.333,0.0,19.708,37.26,18.711,37.01,19.1,39.657,16.775,38.145,17.137,45.315,-1.827,94.426,16.517,32.526,19.136,45.032,16.0,41.843,-0.425,764.583,88.0,3.0,62.0,-2.225
2016-01-22 03:00:00,40.0,0.0,19.439,37.314,18.393,37.264,19.1,39.884,16.689,38.2,16.95,45.864,-2.161,93.732,16.496,32.688,18.962,46.083,15.988,42.192,-0.683,764.45,87.583,3.0,62.0,-2.525
2016-01-22 04:00:00,36.667,0.0,19.169,37.446,18.144,37.327,19.144,40.05,16.606,38.2,16.832,46.317,-2.009,94.045,16.401,32.728,18.874,46.79,15.988,42.443,-0.967,764.1,87.0,3.0,62.0,-2.867
2016-01-22 05:00:00,38.333,0.0,18.933,37.606,17.935,37.494,19.144,40.203,16.511,38.2,16.711,46.604,-1.666,94.439,16.382,32.799,18.823,46.401,15.988,42.673,-1.117,763.892,86.167,3.0,62.833,-3.142
2016-01-22 06:00:00,38.333,1.667,18.75,37.725,17.728,37.63,19.122,40.314,16.402,38.198,16.612,46.792,-1.874,93.462,16.3,32.9,18.704,46.044,15.975,42.891,-1.125,763.517,84.583,2.583,64.417,-3.408
2016-01-22 07:00:00,45.0,5.0,18.628,38.252,17.572,37.912,18.95,40.049,16.301,38.2,16.527,47.08,-1.866,93.171,16.285,32.914,18.582,45.464,16.0,43.07,-1.092,763.358,82.75,2.417,46.25,-3.7
2016-01-22 08:00:00,50.0,8.333,18.556,38.888,17.445,38.507,18.868,39.714,16.26,38.347,16.424,47.326,-1.254,93.887,16.208,32.908,18.391,43.961,15.988,42.449,-0.508,763.133,79.75,3.417,20.417,-3.658
2016-01-22 09:00:00,103.333,0.0,18.439,38.443,17.314,38.328,18.639,39.225,16.215,38.593,16.385,47.494,-0.489,94.373,16.2,32.908,18.227,43.008,15.898,41.523,-0.017,762.858,78.417,4.0,20.583,-3.392
2016-01-22 10:00:00,43.333,0.0,18.335,38.509,17.29,38.498,18.589,39.27,16.2,38.458,16.299,47.571,0.592,94.71,16.2,32.956,18.097,42.38,15.8,40.53,0.558,762.717,77.75,4.0,20.417,-2.933
2016-01-22 11:00:00,156.667,0.0,18.34,38.702,17.414,38.639,18.5,39.27,16.312,38.498,16.283,47.58,2.051,92.219,16.213,33.012,18.061,41.971,15.84,40.061,1.825,762.392,73.917,4.417,21.417,-2.45
2016-01-22 12:00:00,31.667,0.0,18.39,38.785,17.464,38.833,18.5,39.27,16.312,38.478,16.211,47.563,3.255,90.653,16.248,33.102,18.001,41.643,15.871,39.788,3.033,761.85,70.583,5.417,22.833,-1.85
2016-01-22 13:00:00,45.0,0.0,18.433,38.735,17.47,38.943,18.5,39.255,16.285,38.565,16.2,47.59,4.285,89.385,16.29,33.214,17.942,41.532,15.815,39.514,3.583,761.25,69.583,6.0,23.583,-1.5
2016-01-22 14:00:00,28.333,0.0,18.396,38.765,17.373,38.988,18.47,39.282,16.2,38.585,16.169,47.601,4.636,88.651,16.276,33.33,17.852,41.474,15.8,39.263,3.7,760.775,71.917,6.0,22.167,-0.958
2016-01-22 15:00:00,43.333,0.0,18.335,38.897,17.27,39.234,18.39,39.333,16.128,38.721,16.106,47.716,4.596,94.338,16.213,33.597,17.752,41.622,15.776,39.189,3.408,760.6,81.0,5.583,37.667,0.383
2016-01-22 16:00:00,31.667,0.0,18.24,39.183,17.156,39.618,18.329,39.442,16.036,39.022,16.068,47.792,4.061,97.895,16.194,34.064,17.644,42.06,15.69,39.294,3.0,760.475,90.083,5.417,56.417,1.533
2016-01-22 17:00:00,43.333,0.0,18.142,39.573,17.067,39.963,18.29,39.572,15.951,39.351,16.0,47.888,3.827,98.994,16.109,34.526,17.547,42.511,15.64,39.467,3.083,760.3,94.25,6.0,46.667,2.25
2016-01-22 18:00:00,28.333,0.0,18.05,39.897,16.982,40.398,18.24,39.663,15.89,39.629,15.995,48.042,3.893,99.46,16.1,34.925,17.446,42.8,15.6,39.678,3.367,760.425,95.583,6.0,49.917,2.725
2016-01-22 19:00:00,38.333,0.0,17.982,40.233,16.884,40.778,18.189,39.792,15.81,39.891,15.9,48.162,3.92,99.575,16.053,35.216,17.356,43.113,15.567,39.91,3.642,760.808,95.833,6.417,50.583,3.025
2016-01-22 20:00:00,36.667,0.0,17.868,40.471,16.801,41.017,18.106,39.897,15.757,40.142,15.883,48.272,3.68,99.478,16.0,35.434,17.282,43.32,15.506,40.045,3.7,761.35,97.0,6.583,46.417,3.2
2016-01-22 21:00:00,33.333,0.0,17.78,40.651,16.732,41.19,18.072,40.04,15.69,40.34,15.838,48.299,3.752,99.51,15.977,35.628,17.206,43.424,15.488,40.18,3.7,761.867,97.417,5.583,49.333,3.283
2016-01-22 22:00:00,38.333,0.0,17.71,40.886,16.7,41.486,18.0,40.092,15.645,40.534,15.792,48.366,4.071,99.591,15.898,35.866,17.127,43.639,15.39,40.284,3.867,762.267,98.833,5.0,22.583,3.692
2016-01-22 23:00:00,31.667,0.0,17.644,41.088,16.6,41.641,17.982,40.226,15.589,40.74,15.764,48.418,4.364,99.679,15.89,36.155,17.051,43.899,15.39,40.488,4.267,762.708,100.0,5.0,8.0,4.267
2016-01-23 00:00:00,43.333,0.0,17.561,41.368,16.6,41.868,17.89,40.38,15.533,41.02,15.707,48.512,4.769,99.808,15.882,36.428,16.982,44.166,15.329,40.735,4.542,763.25,100.0,4.583,6.333,4.542
2016-01-23 01:00:00,31.667,0.0,17.5,41.693,16.517,42.167,17.836,40.428,15.5,41.285,15.687,48.575,5.291,99.9,15.825,36.691,16.899,44.516,15.3,41.069,4.725,763.808,100.0,3.583,3.167,4.725
2016-01-23 02:00:00,35.0,0.0,17.42,41.986,16.5,42.449,17.79,40.58,15.494,41.618,15.653,48.657,5.549,99.9,15.8,37.029,16.847,44.86,15.3,41.408,4.983,764.517,100.0,3.0,2.0,4.983
2016-01-23 03:00:00,38.333,0.0,17.39,42.321,16.456,42.646,17.75,40.696,15.39,41.776,15.614,48.713,5.572,99.9,15.8,37.284,16.792,45.09,15.239,41.631,5.058,765.433,99.583,3.0,2.417,5.017
2016-01-23 04:00:00,30.0,0.0,17.335,42.661,16.427,42.875,17.728,40.851,15.39,42.028,15.6,48.779,5.593,99.9,15.79,37.544,16.729,45.374,15.19,41.862,5.042,766.067,99.417,3.417,6.333,4.983
2016-01-23 05:00:00,43.333,0.0,17.29,42.893,16.39,43.053,17.7,41.02,15.34,42.274,15.583,48.858,6.039,99.9,15.715,37.81,16.696,45.654,15.19,42.097,5.433,766.425,100.0,4.0,10.167,5.433
2016-01-23 06:00:00,30.0,0.0,17.275,43.21,16.312,43.341,17.633,41.253,15.3,42.539,15.532,48.962,6.464,99.9,15.693,38.14,16.64,46.007,15.157,42.454,5.9,766.933,99.583,4.0,21.5,5.817
2016-01-23 07:00:00,40.0,0.0,17.21,43.284,16.29,43.573,17.544,41.454,15.3,42.841,15.5,49.029,6.241,99.9,15.69,38.407,16.597,46.275,15.13,42.777,5.775,767.567,99.0,3.583,40.667,5.617
2016-01-23 08:00:00,115.0,13.333,17.183,43.376,16.245,43.708,17.589,41.553,15.294,42.999,15.496,49.13,5.731,99.9,15.687,38.559,16.531,46.4,15.1,42.928,5.6,768.05,99.417,3.417,31.333,5.542
2016-01-23 09:00:00,153.333,13.333,17.1,43.509,16.2,43.785,17.6,41.688,15.215,43.014,15.491,49.273,5.781,99.9,15.653,38.596,16.5,46.499,15.1,43.015,5.767,768.692,99.583,3.583,25.0,5.725
2016-01-23 10:00:00,131.667,10.0,17.067,43.688,16.2,43.888,17.511,41.76,15.19,43.109,15.435,49.468,6.542,99.9,15.608,38.722,16.459,46.625,15.1,43.139,6.125,769.433,99.417,3.417,36.5,6.067
2016-01-23 11:00:00,131.667,10.0,17.0,43.784,16.2,43.978,17.457,41.808,15.19,43.331,15.404,49.556,7.208,99.9,15.603,38.916,16.394,46.805,15.078,43.314,6.508,769.983,99.167,4.417,35.5,6.383
2016-01-23 12:00:00,156.667,10.0,17.0,44.014,16.2,44.094,17.39,41.93,15.19,43.553,15.39,49.639,7.835,99.9,15.6,39.164,16.364,47.081,15.06,43.555,6.925,770.183,97.583,4.167,44.0,6.583
2016-01-23 13:00:00,145.0,10.0,16.908,44.375,16.2,44.301,17.357,42.214,15.19,43.797,15.39,49.695,8.568,99.9,15.6,39.433,16.58,48.879,15.056,43.833,7.225,770.217,96.167,3.833,56.417,6.658
2016-01-23 14:00:00,171.667,10.0,16.89,44.677,16.2,44.476,17.323,42.432,15.19,44.071,15.39,49.879,8.792,99.9,15.6,39.696,17.076,50.251,15.05,44.116,7.442,770.183,95.0,4.583,63.167,6.642
2016-01-23 15:00:00,101.667,8.333,16.879,45.122,16.139,44.982,17.301,42.641,15.155,44.2,15.39,50.19,7.951,99.9,15.6,39.801,17.584,50.544,15.0,44.271,7.125,770.467,96.25,4.0,57.417,6.533
2016-01-23 16:00:00,70.0,5.0,16.812,45.696,16.1,45.54,17.344,43.101,15.12,44.309,15.382,50.761,7.331,99.9,15.581,39.923,17.979,50.894,15.0,44.377,6.558,770.658,98.0,4.0,48.5,6.258
2016-01-23 17:00:00,245.0,11.667,16.79,45.271,16.1,45.338,17.245,42.668,15.1,44.738,15.367,50.733,6.922,99.9,15.498,40.803,18.004,49.678,15.0,44.709,5.875,770.558,97.583,3.167,49.167,5.533
2016-01-23 18:00:00,91.667,5.0,16.932,45.792,16.254,45.552,17.275,42.996,15.14,45.596,15.348,50.797,6.354,99.9,15.461,41.253,18.166,50.553,15.0,45.586,5.542,770.583,96.583,2.417,57.917,5.058
2016-01-23 19:00:00,83.333,8.333,17.551,46.328,17.24,44.991,17.419,43.51,15.278,47.316,15.368,51.013,6.455,99.9,15.41,41.259,18.394,50.502,15.0,45.326,6.133,770.617,93.917,3.417,44.5,5.2
2016-01-23 20:00:00,105.0,0.0,18.524,45.063,18.185,43.826,17.622,43.977,15.508,48.557,15.401,51.28,5.911,99.9,15.41,40.953,18.667,50.145,14.957,44.996,5.9,770.417,90.583,4.417,21.25,4.417
2016-01-23 21:00:00,96.667,0.0,19.142,43.586,18.783,42.597,17.79,43.887,15.728,48.722,15.468,51.303,5.796,99.9,15.479,40.765,19.07,49.445,14.89,44.695,5.733,770.217,90.417,5.0,22.167,4.258
2016-01-23 22:00:00,73.333,1.667,19.39,42.418,19.0,41.527,17.899,43.828,15.885,48.411,15.496,51.131,5.69,99.9,15.496,40.559,19.297,49.063,15.008,45.144,5.458,770.017,91.0,4.583,21.417,4.158
2016-01-23 23:00:00,70.0,0.0,19.229,41.893,18.806,41.29,17.993,43.796,15.927,47.886,15.446,51.05,5.492,99.9,15.532,40.265,19.465,50.111,15.1,46.33,5.275,769.775,91.417,4.417,22.417,4.017
2016-01-24 00:00:00,35.0,0.0,18.969,41.86,18.439,41.339,18.161,43.723,15.89,47.476,15.432,51.052,5.51,99.9,15.57,40.087,19.5,51.355,15.14,46.852,5.183,769.558,92.0,4.583,23.417,3.983
2016-01-24 01:00:00,43.333,0.0,18.697,42.028,18.094,41.513,18.21,43.645,15.875,47.158,15.413,51.019,5.632,99.9,15.6,39.984,19.199,51.717,15.202,47.194,5.3,769.333,92.0,4.0,23.583,4.1
2016-01-24 02:00:00,31.667,0.0,18.474,42.243,17.772,41.704,18.323,43.584,15.83,46.793,15.391,51.001,5.67,99.9,15.6,39.84,18.9,51.55,15.282,47.55,5.342,768.892,92.0,4.0,23.0,4.142
2016-01-24 03:00:00,45.0,0.0,18.25,42.393,17.537,41.824,18.346,43.58,15.788,46.535,15.39,51.0,5.784,99.9,15.602,39.803,18.707,52.543,15.305,47.808,5.567,768.433,91.583,4.0,24.667,4.325
2016-01-24 04:00:00,31.667,0.0,18.06,42.66,17.34,42.079,18.403,43.545,15.708,46.428,15.39,51.0,6.18,99.9,15.654,39.952,18.56,53.304,15.38,48.034,5.925,768.158,91.0,4.0,26.583,4.583
2016-01-24 05:00:00,40.0,0.0,17.869,42.792,17.167,42.329,18.457,43.596,15.69,46.4,15.387,51.054,6.478,99.9,15.65,39.956,18.424,53.334,15.39,48.26,6.392,767.975,89.333,4.833,31.833,4.7
2016-01-24 06:00:00,35.0,0.0,17.74,42.886,17.056,42.52,18.433,43.639,15.68,46.388,15.383,51.09,6.366,99.9,15.667,39.974,18.322,53.263,15.488,48.55,6.467,767.758,89.5,6.417,49.167,4.825
2016-01-24 07:00:00,71.667,1.667,17.632,43.042,16.914,42.688,18.413,43.688,15.61,46.302,15.361,51.162,6.02,99.9,15.676,40.028,18.226,53.464,15.488,48.707,6.042,767.533,94.25,7.0,62.833,5.208
2016-01-24 08:00:00,608.333,15.0,17.643,44.201,16.933,43.188,18.382,43.95,17.1,46.028,15.369,51.025,6.123,99.9,15.608,40.634,18.087,52.941,15.5,48.789,6.308,767.383,95.583,6.167,54.0,5.625
2016-01-24 09:00:00,355.0,16.667,18.129,46.423,17.459,44.054,19.528,46.199,19.347,43.721,15.39,51.442,6.343,99.9,15.6,41.206,17.948,52.452,15.5,48.336,6.558,767.625,94.583,5.417,40.0,5.717
2016-01-24 10:00:00,320.0,31.667,18.535,45.523,17.884,44.219,19.34,44.235,18.58,44.115,15.422,52.002,6.58,99.9,15.6,41.624,17.914,52.873,15.572,48.594,6.5,767.925,95.667,5.583,49.167,5.85
2016-01-24 11:00:00,295.0,33.333,19.097,44.763,18.448,43.87,19.244,44.417,18.987,44.739,16.998,81.907,6.907,99.9,15.619,41.948,18.116,53.848,15.69,49.095,6.542,768.1,98.417,5.0,56.167,6.283
2016-01-24 12:00:00,206.667,31.667,19.583,44.571,18.984,43.71,19.181,44.988,18.902,45.33,16.335,84.243,7.412,99.9,15.642,42.373,18.643,53.48,15.68,48.53,6.767,767.975,99.0,4.583,42.167,6.567
2016-01-24 13:00:00,401.667,13.333,20.204,47.042,19.573,43.806,19.592,47.336,18.843,46.056,16.145,74.336,8.037,99.9,15.681,42.976,18.973,52.585,15.632,48.188,7.167,767.8,99.0,4.0,33.583,6.967
2016-01-24 14:00:00,180.0,26.667,20.848,45.357,20.352,43.932,21.204,49.472,18.479,46.678,16.635,65.204,8.33,99.9,15.75,43.915,19.272,52.482,15.729,48.54,7.608,767.675,98.167,4.0,44.667,7.325
2016-01-24 15:00:00,85.0,10.0,21.376,45.112,20.765,43.926,20.987,46.652,18.187,46.866,18.107,55.342,8.439,99.9,15.833,44.371,19.612,52.482,15.702,48.765,7.858,767.458,97.0,4.417,61.0,7.458
2016-01-24 16:00:00,65.0,3.333,21.492,45.024,20.88,44.263,20.708,45.829,17.905,46.889,18.485,53.36,8.304,99.9,15.89,44.533,19.858,51.808,15.69,48.62,7.842,767.442,96.583,5.0,61.833,7.358
2016-01-24 17:00:00,78.333,11.667,21.611,44.683,20.957,43.8,20.569,46.006,17.72,46.7,18.871,51.698,8.097,99.9,15.922,44.543,19.717,51.086,15.715,48.564,7.942,767.5,96.0,4.583,63.417,7.342
2016-01-24 18:00:00,66.667,5.0,21.689,43.486,20.964,42.831,20.735,45.118,17.611,46.582,19.079,49.651,7.95,99.9,16.0,44.496,19.356,50.453,15.83,48.93,7.958,767.5,96.0,3.583,63.583,7.358
2016-01-24 19:00:00,163.333,21.667,21.796,42.997,20.996,42.497,20.73,44.595,17.699,46.859,19.294,49.016,7.933,99.9,16.032,44.529,19.086,50.251,15.8,48.574,7.942,767.625,95.583,3.0,63.0,7.3
2016-01-24 20:00:00,151.667,8.333,22.085,42.048,21.365,41.58,20.653,44.199,19.161,46.914,20.038,76.451,8.056,99.9,16.105,44.634,18.801,49.887,15.993,49.22,8.042,767.633,95.0,3.417,62.167,7.342
2016-01-24 21:00:00,81.667,1.667,22.156,41.845,21.511,41.263,20.667,44.08,18.612,46.643,19.429,74.79,8.214,99.9,16.187,44.811,18.637,49.893,16.1,49.233,8.1,767.442,95.0,4.0,61.417,7.358
2016-01-24 22:00:00,176.667,6.667,21.9,41.776,21.246,41.11,20.486,44.22,18.369,46.87,18.851,63.596,8.282,99.9,16.2,44.746,18.505,49.972,16.176,49.172,8.017,767.333,95.0,3.583,62.0,7.258
2016-01-24 23:00:00,38.333,0.0,21.597,42.273,20.833,41.396,20.332,44.228,18.212,47.127,18.51,59.071,8.385,99.9,16.202,44.283,18.392,49.978,16.29,49.607,7.942,767.058,95.0,2.583,62.0,7.2
2016-01-25 00:00:00,48.333,0.0,21.337,42.351,20.478,41.738,20.287,44.332,18.022,47.02,18.277,57.582,8.414,99.9,16.268,44.08,18.299,50.066,16.29,49.782,8.042,766.917,94.583,2.0,62.0,7.2
2016-01-25 01:00:00,48.333,0.0,21.122,42.422,20.187,42.086,20.481,44.665,17.902,47.07,18.094,56.847,8.39,99.9,16.29,43.936,18.228,50.028,16.368,50.082,8.1,766.592,94.0,2.0,62.417,7.2
2016-01-25 02:00:00,41.667,0.0,20.929,42.467,19.962,42.418,20.511,44.858,17.785,47.015,17.946,56.46,8.414,99.9,16.287,43.857,18.142,50.012,16.402,50.324,8.142,766.175,94.0,2.833,63.0,7.242
2016-01-25 03:00:00,48.333,0.0,20.72,42.589,19.702,42.667,20.511,44.956,17.7,47.07,17.815,56.174,8.375,99.9,16.29,43.791,18.079,50.058,16.42,50.716,8.283,765.833,94.0,3.583,63.417,7.383
2016-01-25 04:00:00,38.333,0.0,20.561,42.697,19.521,42.892,20.578,44.956,17.661,47.117,17.716,55.982,7.673,99.9,16.29,43.756,18.0,50.0,16.5,51.018,8.025,765.433,95.25,3.0,62.75,7.292
2016-01-25 05:00:00,50.0,0.0,20.37,42.796,19.374,43.065,20.5,45.049,17.6,47.05,17.625,55.74,6.667,99.9,16.29,43.556,17.94,49.872,16.511,51.112,7.333,765.033,96.167,3.0,62.25,6.708
2016-01-25 06:00:00,45.0,3.333,20.219,43.326,19.225,43.478,20.42,44.754,17.556,47.226,17.729,53.34,6.036,99.9,16.29,43.322,17.883,49.662,16.6,50.796,6.85,764.675,95.0,3.0,64.417,6.092
2016-01-25 07:00:00,41.667,0.0,20.044,43.688,19.089,43.941,20.273,44.455,17.5,47.084,17.876,51.123,6.239,99.9,16.29,43.162,17.813,49.486,16.544,50.251,6.625,764.333,95.0,3.0,46.667,5.925
2016-01-25 08:00:00,48.333,0.0,19.939,43.807,18.976,44.117,20.2,44.345,17.39,46.836,17.89,50.319,6.467,99.9,16.29,43.105,17.787,49.487,16.5,49.851,7.008,764.058,94.167,3.0,23.5,6.183
2016-01-25 09:00:00,38.333,0.0,19.812,43.928,18.89,44.26,20.178,44.171,17.39,46.725,17.89,49.776,6.822,99.9,16.29,43.091,17.712,49.482,16.464,49.443,7.967,763.833,89.667,3.0,32.417,6.342
2016-01-25 10:00:00,50.0,0.0,19.78,44.086,19.064,44.107,20.1,44.163,17.646,46.398,17.9,49.326,7.631,99.9,16.398,42.896,17.782,49.226,16.528,49.108,9.608,763.475,77.917,3.417,40.0,5.733
2016-01-25 11:00:00,38.333,0.0,19.98,44.174,19.362,43.518,20.189,44.239,18.152,45.718,18.049,48.809,8.874,97.537,16.634,42.329,17.974,48.517,16.622,48.682,11.225,763.3,63.0,4.0,40.0,4.258
2016-01-25 12:00:00,48.333,0.0,20.142,43.842,19.494,43.204,20.156,44.265,18.21,45.181,18.138,48.302,10.233,86.898,17.108,41.715,18.279,47.76,16.7,48.351,12.058,763.133,57.667,4.833,40.0,3.833
2016-01-25 13:00:00,50.0,0.0,20.301,43.592,19.5,43.09,20.225,44.357,18.167,44.987,18.221,47.921,11.287,80.096,17.902,40.846,19.201,46.784,16.858,48.864,12.292,762.65,58.333,5.583,40.0,4.217
2016-01-25 14:00:00,38.333,0.0,20.496,43.343,19.522,43.09,20.29,44.357,18.235,45.002,18.292,47.713,11.818,76.74,18.531,39.992,19.566,45.908,17.0,48.9,12.867,762.217,55.583,5.0,40.0,4.183
2016-01-25 15:00:00,48.333,0.0,20.85,43.22,19.783,43.206,20.336,44.325,18.416,44.921,18.5,47.868,11.911,77.754,19.429,39.28,20.173,45.35,17.061,48.961,12.85,762.017,57.5,5.0,40.0,4.633
2016-01-25 16:00:00,50.0,0.0,21.0,43.096,20.033,43.198,20.488,44.388,18.482,44.741,18.736,47.758,11.179,80.07,19.667,38.881,20.414,45.13,17.1,48.917,11.708,762.067,64.333,5.417,40.0,5.058
2016-01-25 17:00:00,40.0,0.0,20.88,43.114,19.82,43.181,20.463,44.422,18.329,44.802,18.677,47.432,9.855,84.297,19.289,38.955,20.072,45.495,17.1,48.95,10.392,762.3,70.667,5.583,40.0,5.167
2016-01-25 18:00:00,46.667,0.0,20.687,43.127,19.622,43.26,20.465,44.451,18.178,45.028,18.591,47.271,9.322,89.103,18.906,39.166,19.76,45.983,17.111,48.931,9.975,762.425,73.833,4.583,40.0,5.483
2016-01-25 19:00:00,156.667,5.0,20.498,43.184,19.451,43.381,20.488,44.383,18.056,45.221,18.49,47.193,8.902,91.216,18.578,39.398,19.491,46.224,17.1,48.298,9.675,762.683,76.25,4.0,40.0,5.683
2016-01-25 20:00:00,221.667,11.667,20.451,43.406,19.518,43.252,20.341,44.113,20.007,44.531,18.534,46.994,8.818,93.796,18.254,39.699,19.234,46.176,17.1,47.614,9.625,763.133,78.417,4.417,40.0,5.967
2016-01-25 21:00:00,78.333,15.0,20.719,43.488,19.996,42.828,20.492,44.258,20.022,43.838,18.26,48.735,8.781,95.774,18.035,40.211,19.04,46.358,17.028,47.176,9.8,763.642,80.25,4.583,35.417,6.45
2016-01-25 22:00:00,63.333,5.0,21.075,43.333,20.48,42.75,20.687,44.896,19.588,44.783,18.08,50.03,9.591,97.469,17.908,40.954,18.856,46.851,17.0,47.12,10.008,764.033,82.0,4.417,29.0,7.008
2016-01-25 23:00:00,200.0,18.333,21.225,43.21,20.708,42.696,20.544,44.54,19.55,45.142,17.989,50.768,10.185,98.383,17.811,41.776,18.751,47.476,17.0,47.273,10.3,764.333,82.833,4.583,28.167,7.467
2016-01-26 00:00:00,196.667,21.667,21.255,43.12,20.698,42.54,20.594,44.433,21.773,44.541,17.892,51.388,9.547,97.838,17.79,42.018,18.695,48.044,17.0,47.549,9.8,764.183,86.5,4.0,25.75,7.617
2016-01-26 01:00:00,43.333,1.667,21.128,43.476,20.505,42.81,20.606,44.327,21.574,44.376,17.804,51.985,9.484,99.9,17.79,42.038,18.602,48.271,17.0,47.797,9.392,764.508,89.167,3.583,23.583,7.667
2016-01-26 02:00:00,45.0,0.0,20.951,43.81,20.24,43.029,20.628,44.454,20.646,44.72,17.787,52.34,9.784,99.9,17.742,42.199,18.549,48.583,17.0,48.262,9.592,764.675,88.833,3.417,23.0,7.858
2016-01-26 03:00:00,35.0,1.667,20.782,43.999,20.032,43.274,20.7,44.539,20.064,45.213,17.716,52.545,8.792,99.249,17.704,42.29,18.495,48.762,17.011,48.623,8.675,764.333,91.25,3.583,22.583,7.383
2016-01-26 04:00:00,48.333,1.667,20.622,43.911,19.831,43.459,20.6,44.351,19.745,45.534,17.7,52.648,7.868,99.738,17.694,42.298,18.408,48.734,17.028,48.913,8.092,763.975,93.417,2.583,39.5,7.133
2016-01-26 05:00:00,46.667,0.0,20.487,43.972,19.672,43.695,20.499,44.292,19.485,45.707,17.662,52.732,8.248,99.9,17.616,42.312,18.375,48.826,17.089,49.15,8.542,763.758,94.0,2.417,64.417,7.6
2016-01-26 06:00:00,33.333,0.0,20.329,44.108,19.528,43.936,20.374,44.12,19.264,45.863,17.6,52.782,8.451,99.9,17.6,42.423,18.31,48.982,17.1,49.362,8.6,763.575,94.0,3.0,64.167,7.642
2016-01-26 07:00:00,105.0,5.0,20.225,44.291,19.408,44.125,20.446,44.208,19.156,46.039,17.6,52.804,8.641,99.9,17.585,42.534,18.287,49.13,17.1,49.53,8.683,763.317,94.0,3.0,62.583,7.783
2016-01-26 08:00:00,65.0,6.667,20.106,44.934,19.323,44.438,20.5,44.265,19.922,46.004,17.591,52.899,8.907,99.9,17.51,42.686,18.238,49.269,17.111,49.307,8.925,763.075,94.0,3.417,62.0,8.025
2016-01-26 09:00:00,43.333,0.0,20.1,45.176,19.28,44.782,20.5,44.335,19.691,46.033,17.563,52.975,9.177,99.9,17.5,42.899,18.198,49.403,17.108,49.01,9.183,762.775,94.0,4.417,61.583,8.283
2016-01-26 10:00:00,41.667,0.0,20.022,45.228,19.2,44.875,20.5,44.4,19.37,46.286,17.512,53.0,9.724,99.9,17.496,43.113,18.168,49.624,17.1,48.857,9.592,762.475,92.75,5.417,62.25,8.483
2016-01-26 11:00:00,33.333,0.0,19.957,45.354,19.2,44.983,20.488,44.329,19.225,46.465,17.504,52.993,10.478,99.9,17.5,43.364,18.124,49.861,17.111,48.79,10.042,762.217,90.167,6.417,45.667,8.517
2016-01-26 12:00:00,45.0,0.0,19.89,45.494,19.2,45.09,20.439,44.329,19.106,46.689,17.504,52.98,11.054,98.442,17.5,43.497,18.108,50.0,17.129,48.715,10.267,761.933,86.083,7.417,22.917,8.025
2016-01-26 13:00:00,41.667,0.0,19.879,45.489,19.2,45.02,20.5,44.382,19.022,46.696,17.562,52.907,11.806,86.919,17.538,43.453,18.183,49.919,17.189,48.607,10.75,761.45,79.5,8.0,27.0,7.292
2016-01-26 14:00:00,33.333,0.0,19.89,45.351,19.255,44.853,20.445,44.225,19.044,46.43,17.594,52.821,12.206,78.486,17.686,43.218,18.256,49.584,17.26,48.456,10.975,760.975,75.167,8.833,27.833,6.75
2016-01-26 15:00:00,43.333,0.0,19.951,45.3,19.29,44.74,20.457,44.235,19.0,45.978,17.6,52.732,11.376,78.155,17.79,42.856,18.312,49.262,17.29,48.29,10.508,760.717,75.25,9.167,33.583,6.317
2016-01-26 16:00:00,45.0,0.0,19.902,45.51,19.25,44.614,20.466,44.181,18.957,45.989,17.589,52.677,10.429,80.602,17.762,42.581,18.29,49.048,17.26,48.073,9.975,760.433,76.583,8.0,40.0,6.033
2016-01-26 17:00:00,33.333,0.0,19.857,45.384,19.144,44.599,20.416,44.077,18.84,46.139,17.518,52.592,9.541,81.651,17.703,42.392,18.258,48.817,17.255,47.908,9.8,760.075,75.167,8.417,40.0,5.592
2016-01-26 18:00:00,41.667,0.0,19.775,45.133,19.028,44.582,20.368,44.01,18.755,46.09,17.5,52.532,9.348,82.129,17.644,42.149,18.192,48.596,17.2,47.715,9.842,759.942,74.0,9.0,40.0,5.383
2016-01-26 19:00:00,33.333,0.0,19.694,45.085,18.908,44.608,20.374,43.966,18.644,46.08,17.5,52.49,9.488,84.44,17.6,42.061,18.102,48.662,17.156,47.582,9.775,760.0,75.667,9.0,40.0,5.708
2016-01-26 20:00:00,221.667,3.333,19.6,45.172,18.818,44.706,20.28,43.835,18.589,46.07,17.492,52.342,9.493,86.771,17.536,42.15,18.056,48.714,17.1,47.5,9.475,760.0,81.333,8.583,33.333,6.417
2016-01-26 21:00:00,66.667,5.0,19.994,53.46,19.218,49.385,20.335,44.988,18.5,46.06,17.5,53.451,9.385,93.183,17.482,42.677,17.968,48.974,17.088,47.488,9.383,759.875,86.0,8.417,24.833,7.083
2016-01-26 22:00:00,93.333,5.0,20.639,48.73,20.151,47.099,20.55,45.74,18.5,46.239,17.5,53.854,9.39,94.259,18.086,45.322,17.898,49.266,17.094,47.56,9.583,759.575,84.75,9.0,31.833,7.075
2016-01-26 23:00:00,276.667,35.0,21.143,46.263,20.717,44.961,20.696,45.372,20.165,45.707,18.121,73.411,9.504,91.302,18.729,45.504,17.89,49.302,17.067,47.607,9.783,759.442,81.75,9.417,40.0,6.733
2016-01-27 00:00:00,45.0,8.333,21.245,44.992,20.708,43.982,20.75,44.729,21.126,44.95,17.946,65.503,9.702,88.218,18.368,45.112,17.886,49.196,17.067,47.559,9.858,759.333,80.417,10.0,40.0,6.542
2016-01-27 01:00:00,35.0,0.0,21.026,44.384,20.48,43.523,20.508,43.582,20.297,45.387,17.822,61.854,9.739,88.239,18.267,45.651,17.878,49.225,17.1,48.196,9.883,758.85,81.0,10.0,40.0,6.683
2016-01-27 02:00:00,40.0,0.0,20.793,44.12,20.197,43.498,20.329,43.616,19.817,45.742,17.788,59.789,9.85,88.646,18.206,46.321,17.842,49.309,17.1,48.542,10.042,758.5,80.583,10.0,40.0,6.758
2016-01-27 03:00:00,31.667,0.0,20.599,44.167,19.924,43.617,20.17,43.481,19.52,45.966,17.714,58.527,9.981,88.322,18.2,46.767,17.806,49.339,17.145,48.852,10.1,758.375,80.417,10.0,40.0,6.825
2016-01-27 04:00:00,41.667,0.0,20.392,44.317,19.73,43.76,19.933,43.507,19.319,46.189,17.7,57.644,10.011,88.878,18.2,47.323,17.794,49.45,17.172,49.108,10.1,757.992,81.417,9.583,40.0,7.042
2016-01-27 05:00:00,33.333,0.0,20.23,44.52,19.589,43.896,19.772,43.718,19.188,46.333,17.687,56.983,9.919,89.054,18.2,47.373,17.79,49.506,17.2,49.34,10.183,757.575,81.583,9.417,40.0,7.1
2016-01-27 06:00:00,38.333,1.667,20.067,44.799,19.427,44.172,19.7,44.009,19.061,46.433,17.612,56.459,10.176,86.208,18.2,47.381,17.789,49.592,17.24,49.533,10.3,757.358,80.583,10.0,35.417,7.017
2016-01-27 07:00:00,98.333,5.0,19.933,45.625,19.29,44.629,19.668,44.226,18.988,46.557,17.604,56.126,10.041,89.208,18.199,47.029,17.781,49.691,17.258,49.565,10.008,757.342,83.75,9.583,43.583,7.275
2016-01-27 08:00:00,60.0,0.0,19.796,46.03,19.2,44.949,19.745,44.711,18.89,46.762,17.6,55.909,9.603,96.625,18.098,45.959,17.772,49.919,17.21,49.252,9.683,757.358,88.167,9.417,47.75,7.758
2016-01-27 09:00:00,155.0,0.0,19.79,45.928,19.139,45.155,19.851,44.961,18.79,46.802,17.598,55.66,9.71,97.34,17.998,45.45,17.744,50.097,17.2,49.05,9.758,757.342,88.667,10.0,33.333,7.95
2016-01-27 10:00:00,28.333,0.0,19.705,46.14,19.067,45.363,19.921,45.02,18.728,46.963,17.573,55.471,9.804,99.116,17.915,45.269,17.724,50.279,17.15,48.989,9.95,757.525,89.333,10.0,38.333,8.258
2016-01-27 11:00:00,43.333,0.0,19.71,46.07,19.0,45.509,19.857,45.131,18.7,47.145,17.526,55.308,10.379,95.24,17.89,45.2,17.707,50.44,17.184,48.928,10.508,757.408,86.167,10.0,29.0,8.283
2016-01-27 12:00:00,31.667,0.0,19.74,46.0,18.956,45.627,19.902,45.188,18.617,47.188,17.515,55.14,11.008,88.453,17.834,45.081,17.707,50.552,17.15,48.9,10.967,756.833,83.75,10.417,33.583,8.317
2016-01-27 13:00:00,41.667,0.0,19.715,46.0,18.896,45.765,19.846,45.139,18.6,47.285,17.511,54.986,11.385,83.709,17.79,44.996,17.7,50.59,17.1,48.842,11.158,756.392,82.0,10.167,35.417,8.2
2016-01-27 14:00:00,41.667,0.0,19.7,46.01,18.89,45.845,19.89,45.2,18.544,47.375,17.5,54.81,11.574,81.038,17.79,44.936,17.703,50.658,17.1,48.79,11.183,755.85,81.583,9.417,33.583,8.2
2016-01-27 15:00:00,31.667,0.0,19.689,46.1,18.807,45.875,19.862,45.21,18.5,47.478,17.5,54.648,11.566,79.884,17.768,44.904,17.703,50.719,17.1,48.79,11.217,755.417,81.0,9.583,40.0,8.117
2016-01-27 16:00:00,41.667,0.0,19.617,46.015,18.77,45.933,19.84,45.245,18.479,47.48,17.5,54.548,11.323,80.209,17.714,44.885,17.7,50.787,17.1,48.755,10.975,755.217,81.417,9.0,40.0,7.917
2016-01-27 17:00:00,33.333,0.0,19.544,46.102,18.7,46.04,19.89,45.28,18.396,47.467,17.5,54.482,10.632,87.172,17.703,44.866,17.7,50.787,17.1,48.715,10.55,755.017,84.5,9.0,32.917,7.967
2016-01-27 18:00:00,40.0,0.0,19.488,46.25,18.689,46.173,19.835,45.188,18.379,47.597,17.487,54.402,10.171,94.398,17.7,44.9,17.7,50.812,17.1,48.775,10.117,754.942,89.25,9.0,39.667,8.325
2016-01-27 19:00:00,40.0,0.0,19.386,46.373,18.63,46.282,19.846,45.238,18.307,47.704,17.443,54.325,9.82,99.196,17.684,44.963,17.673,50.942,17.09,48.793,9.833,755.0,91.833,8.583,63.833,8.5
2016-01-27 20:00:00,30.0,0.0,19.29,46.606,18.589,46.432,19.832,45.228,18.29,47.851,17.408,54.222,9.64,99.9,17.618,45.006,17.639,51.004,17.0,48.79,9.6,755.0,93.417,8.417,46.667,8.542
2016-01-27 21:00:00,41.667,0.0,19.29,46.803,18.506,46.608,19.79,45.275,18.22,47.897,17.39,54.14,9.6,99.9,17.6,45.097,17.6,51.086,17.0,48.875,9.683,755.083,94.0,8.583,37.667,8.683
2016-01-27 22:00:00,38.333,0.0,19.225,46.876,18.5,46.758,19.79,45.29,18.2,48.02,17.39,54.09,9.615,99.9,17.6,45.258,17.604,51.216,17.0,48.989,9.8,755.325,94.417,7.583,62.25,8.925
2016-01-27 23:00:00,33.333,0.0,19.2,47.018,18.5,46.92,19.79,45.255,18.139,48.174,17.39,54.064,9.757,99.9,17.565,45.438,17.6,51.361,17.0,49.081,9.8,755.625,95.417,6.583,62.75,9.142
2016-01-28 00:00:00,43.333,0.0,19.122,47.196,18.414,47.017,19.79,45.339,18.1,48.333,17.39,54.0,9.8,99.9,17.52,45.611,17.589,51.537,16.988,49.235,9.883,756.133,95.583,5.167,46.833,9.2
2016-01-28 01:00:00,30.0,0.0,19.1,47.422,18.39,47.203,19.79,45.388,18.1,48.51,17.377,53.992,9.652,99.9,17.5,45.72,17.592,51.686,16.963,49.382,9.917,756.892,92.917,4.417,32.417,8.783
2016-01-28 02:00:00,41.667,0.0,19.05,47.45,18.368,47.157,19.77,45.454,18.067,48.488,17.359,53.921,9.136,99.9,17.5,45.565,17.57,51.639,16.954,49.363,9.467,757.925,88.75,5.417,34.583,7.658
2016-01-28 03:00:00,41.667,0.0,19.0,47.241,18.362,46.996,19.79,45.461,18.011,48.217,17.313,53.808,8.458,99.9,17.484,45.098,17.526,51.327,16.89,49.139,8.708,758.967,87.833,5.167,27.833,6.775
2016-01-28 04:00:00,33.333,0.0,18.969,47.044,18.262,46.84,19.655,45.245,17.988,47.976,17.29,53.66,7.891,99.596,17.442,44.698,17.502,51.003,16.89,48.797,8.008,759.617,88.167,4.417,33.583,6.142
2016-01-28 05:00:00,41.667,0.0,18.89,46.845,18.156,46.676,19.528,45.081,17.911,47.728,17.29,53.458,7.226,99.73,17.39,44.333,17.482,50.707,16.862,48.501,7.058,760.617,88.667,3.75,35.417,5.292
2016-01-28 06:00:00,30.0,0.0,18.857,46.673,18.111,46.59,19.656,45.127,17.884,47.538,17.29,53.276,6.583,99.351,17.39,44.046,17.45,50.436,16.79,48.157,6.258,761.575,90.583,2.0,29.0,4.875
2016-01-28 07:00:00,40.0,0.0,18.79,46.53,18.044,46.54,19.633,45.0,17.801,47.225,17.287,53.171,5.44,96.94,17.356,43.751,17.39,50.06,16.79,47.847,5.783,762.433,89.583,2.0,29.0,4.2
2016-01-28 08:00:00,31.667,0.0,18.75,46.395,17.945,46.416,19.7,44.862,17.76,46.97,17.279,53.056,3.779,95.624,17.294,43.402,17.39,49.705,16.742,47.513,4.575,763.192,91.083,2.0,28.583,3.208
2016-01-28 09:00:00,43.333,0.0,18.7,46.203,17.89,46.28,19.617,44.586,17.7,46.693,17.229,52.858,3.24,96.72,17.29,43.06,17.352,49.347,16.71,47.151,4.075,763.975,93.583,2.0,28.417,3.092
2016-01-28 10:00:00,31.667,0.0,18.689,46.293,18.025,46.479,19.667,44.57,17.816,46.431,17.219,52.738,3.814,98.664,17.29,42.766,17.38,49.03,16.76,46.831,5.225,764.75,90.083,2.0,29.0,3.667
2016-01-28 11:00:00,41.667,0.0,18.824,46.306,18.268,45.957,19.617,44.488,18.179,45.954,17.21,52.566,5.253,99.9,17.442,42.176,17.479,48.463,16.84,46.633,6.35,765.183,81.833,1.583,33.583,3.4
2016-01-28 12:00:00,41.667,0.0,18.975,45.956,18.39,45.508,19.692,44.619,18.2,45.682,17.2,52.434,6.162,99.208,17.692,41.7,17.71,47.944,16.902,46.74,6.95,765.258,75.167,1.417,40.0,2.783
2016-01-28 13:00:00,33.333,0.0,19.156,45.774,18.476,45.24,19.7,44.52,18.2,45.518,17.2,52.291,6.495,94.49,18.08,41.211,18.177,47.31,17.044,46.676,7.3,765.242,72.75,2.0,40.0,2.65
2016-01-28 14:00:00,43.333,0.0,19.24,45.327,18.5,45.067,19.72,44.5,18.2,45.3,17.2,52.182,6.647,85.327,18.277,40.552,18.315,46.591,17.1,46.654,7.258,765.217,70.583,2.0,35.417,2.175
2016-01-28 15:00:00,28.333,0.0,19.404,45.246,18.638,44.858,19.79,44.439,18.24,45.003,17.2,52.083,6.567,83.842,18.724,39.942,18.675,46.003,17.144,46.618,7.117,765.1,69.583,2.0,33.583,1.833
2016-01-28 16:00:00,43.333,0.0,19.583,45.03,18.846,44.514,19.797,44.573,18.29,44.614,17.2,52.083,6.076,83.467,19.147,39.37,19.037,45.352,17.27,46.963,6.375,765.1,72.333,2.0,40.0,1.683
2016-01-28 17:00:00,41.667,0.0,19.539,44.828,18.745,44.238,19.845,44.596,18.182,43.802,17.2,52.039,4.371,85.341,19.02,39.017,18.885,45.152,17.24,46.358,4.333,765.183,81.167,2.0,40.0,1.383
2016-01-28 18:00:00,33.333,0.0,19.42,44.307,18.544,44.28,19.813,44.213,18.033,44.284,17.189,52.0,2.388,89.154,18.722,38.963,18.684,45.317,17.15,46.042,2.325,765.467,88.667,2.417,34.583,0.633
2016-01-28 19:00:00,40.0,0.0,19.27,44.119,18.38,44.198,19.79,44.029,17.903,44.388,17.125,51.932,1.681,92.364,18.48,38.926,18.486,45.468,17.089,45.534,2.467,765.742,89.75,3.417,27.0,0.9
2016-01-28 20:00:00,33.333,0.0,19.144,44.02,18.224,44.127,19.72,43.728,17.796,44.251,17.1,51.904,1.154,93.459,18.263,39.0,18.29,45.41,17.006,45.01,2.983,765.883,89.25,3.583,27.0,1.35
2016-01-28 21:00:00,41.667,0.0,19.005,43.85,18.083,44.151,19.7,43.657,17.7,44.127,17.094,51.866,1.022,94.743,18.098,39.069,18.153,45.393,16.914,44.607,2.525,765.875,90.583,3.417,27.417,1.083
2016-01-28 22:00:00,28.333,0.0,18.873,43.775,17.982,44.114,19.672,43.424,17.611,43.956,17.027,51.686,0.803,95.185,17.946,39.0,18.03,45.35,16.857,44.262,2.867,765.7,88.333,4.417,33.0,1.117
2016-01-28 23:00:00,41.667,0.0,18.801,43.631,17.873,44.102,19.583,43.09,17.556,43.885,17.0,51.536,0.822,95.996,17.837,38.98,17.896,45.312,16.79,43.954,3.058,765.492,86.0,5.0,40.0,0.958
2016-01-29 00:00:00,33.333,0.0,18.715,43.515,17.79,44.09,19.531,43.007,17.457,43.755,16.991,51.418,1.0,96.799,17.719,38.926,17.798,45.208,16.708,43.735,3.167,765.158,84.75,5.0,40.0,0.817
2016-01-29 01:00:00,43.333,0.0,18.611,43.411,17.71,44.102,19.439,42.718,17.39,43.621,16.919,51.298,1.214,97.334,17.64,38.834,17.708,45.179,16.672,43.517,3.317,765.1,83.417,5.0,40.0,0.7
2016-01-29 02:00:00,41.667,0.0,18.556,43.29,17.622,44.03,19.414,42.637,17.329,43.59,16.89,51.174,1.573,97.9,17.532,38.79,17.616,45.016,16.6,43.265,3.492,764.85,82.333,5.417,40.0,0.7
2016-01-29 03:00:00,30.0,0.0,18.5,43.28,17.539,43.964,19.31,42.423,17.28,43.54,16.879,51.041,2.365,98.534,17.45,38.768,17.553,45.0,16.522,43.176,4.025,764.625,80.833,6.0,40.0,0.95
2016-01-29 04:00:00,40.0,0.0,18.394,43.099,17.433,43.833,19.117,42.351,17.2,43.456,16.852,50.917,3.372,99.092,17.383,38.779,17.48,45.026,16.5,43.09,4.325,764.675,81.583,6.0,40.0,1.383
2016-01-29 05:00:00,33.333,0.0,18.29,43.09,17.329,43.78,19.067,42.283,17.144,43.5,16.79,50.749,3.485,96.998,17.297,38.836,17.411,45.043,16.414,43.03,4.417,764.333,81.417,6.833,40.0,1.5
2016-01-29 06:00:00,43.333,0.0,18.225,43.07,17.28,43.897,19.161,42.266,17.1,43.555,16.79,50.634,3.294,95.402,17.264,38.857,17.363,45.09,16.39,43.012,4.425,764.142,82.0,7.167,40.0,1.625
2016-01-29 07:00:00,28.333,0.0,18.178,43.222,17.22,44.07,19.189,42.077,17.006,43.52,16.749,50.588,4.39,93.968,17.2,38.846,17.292,45.18,16.351,43.08,4.725,764.033,81.583,6.833,40.0,1.842
2016-01-29 08:00:00,41.667,0.0,18.1,43.351,17.189,44.139,19.144,42.09,16.982,43.596,16.7,50.508,4.724,90.267,17.138,38.901,17.241,45.24,16.29,43.108,5.067,763.842,81.0,8.0,40.0,2.067
2016-01-29 09:00:00,31.667,0.0,18.056,43.387,17.1,44.2,19.134,42.012,16.902,43.721,16.7,50.5,5.557,88.29,17.1,38.997,17.2,45.334,16.29,43.239,5.55,763.942,81.417,8.417,40.0,2.592
2016-01-29 10:00:00,41.667,0.0,18.0,43.483,17.128,44.2,19.1,42.035,16.89,43.839,16.7,50.427,6.473,84.951,17.089,39.122,17.192,45.442,16.29,43.327,6.275,763.875,81.167,8.583,40.0,3.25
2016-01-29 11:00:00,30.0,0.0,18.0,43.672,17.167,44.245,19.083,42.028,16.89,44.008,16.696,50.299,7.566,83.208,17.035,39.264,17.146,45.698,16.28,43.496,7.05,763.783,81.25,8.417,40.0,4.058
2016-01-29 12:00:00,41.667,0.0,17.951,43.937,17.139,44.403,19.0,42.018,16.818,44.23,16.678,50.267,8.208,83.42,17.015,39.514,17.104,46.087,16.23,43.708,7.65,763.775,82.167,9.417,40.0,4.783
2016-01-29 13:00:00,30.0,0.0,17.918,44.212,17.133,44.607,19.011,42.127,16.801,44.475,16.635,50.217,8.528,82.152,17.0,39.765,17.099,46.406,16.21,43.964,8.125,763.35,81.833,10.417,40.0,5.15
2016-01-29 14:00:00,45.0,0.0,17.89,44.442,17.111,44.774,19.0,42.171,16.79,44.695,16.605,50.197,8.608,83.38,17.0,40.035,17.061,46.7,16.215,44.218,8.3,762.875,83.833,10.583,40.0,5.667
2016-01-29 15:00:00,28.333,0.0,17.89,44.782,17.1,45.048,18.986,42.355,16.78,44.97,16.6,50.2,8.684,84.73,16.948,40.326,17.026,47.012,16.205,44.508,8.383,762.617,84.583,10.0,40.0,5.9
2016-01-29 16:00:00,46.667,1.667,17.997,46.15,17.33,46.184,18.879,43.191,16.71,45.23,16.6,50.325,8.776,84.251,16.875,40.754,16.983,47.356,16.2,44.74,8.542,762.375,83.583,10.0,40.0,5.9
2016-01-29 17:00:00,65.0,3.333,18.468,46.095,18.078,45.51,19.033,43.647,16.7,45.453,16.6,50.454,8.815,84.94,16.806,41.252,16.97,48.331,16.144,44.974,8.683,762.2,83.417,9.583,40.0,6.025
2016-01-29 18:00:00,85.0,5.0,19.128,45.639,18.829,44.686,19.192,43.808,16.7,45.677,16.607,50.714,8.83,85.174,16.79,41.606,17.538,50.315,16.122,45.29,8.883,762.242,83.167,9.417,40.0,6.158
2016-01-29 19:00:00,88.333,5.0,19.707,44.82,19.349,43.995,19.531,43.838,16.694,45.785,16.65,51.05,8.982,84.214,16.79,41.812,17.893,50.485,16.183,45.951,9.0,762.258,82.0,10.0,40.0,6.1
2016-01-29 20:00:00,76.667,0.0,20.098,44.309,19.75,43.587,19.74,43.79,16.684,45.869,16.696,51.392,9.0,84.004,16.79,41.979,18.259,50.249,16.2,46.005,9.042,762.075,82.417,9.583,40.0,6.183
2016-01-29 21:00:00,80.0,1.667,20.346,44.097,19.951,43.284,19.939,43.839,16.7,46.059,16.717,51.6,9.1,84.951,16.79,42.261,18.138,49.084,16.2,46.055,9.1,761.733,83.0,9.417,40.0,6.3
2016-01-29 22:00:00,70.0,0.0,20.335,43.756,19.928,43.064,19.98,43.995,16.7,46.24,16.719,51.665,9.022,85.04,16.805,42.316,18.431,50.752,16.28,46.896,9.058,761.167,83.0,10.0,40.0,6.3
2016-01-29 23:00:00,58.333,0.0,20.16,43.684,19.671,43.116,19.92,44.374,16.656,46.317,16.713,51.779,8.942,86.195,16.808,42.33,19.042,51.349,16.28,47.351,9.042,760.492,82.583,9.583,40.0,6.258
2016-01-30 00:00:00,43.333,0.0,19.957,43.755,19.377,43.257,19.957,44.59,16.6,46.29,16.703,51.79,9.087,85.114,16.803,42.406,19.076,51.863,16.29,47.829,9.1,759.95,82.0,9.417,40.0,6.158
2016-01-30 01:00:00,33.333,0.0,19.735,43.84,19.092,43.384,20.011,44.704,16.6,46.369,16.703,51.78,9.094,84.471,16.815,42.425,18.942,52.343,16.301,48.239,8.975,759.267,83.667,10.0,34.167,6.267
2016-01-30 02:00:00,45.0,0.0,19.564,43.862,18.869,43.56,19.988,44.804,16.6,46.4,16.7,51.746,8.938,86.252,16.834,42.501,18.757,52.418,16.362,48.438,8.883,758.425,84.75,10.417,31.833,6.417
2016-01-30 03:00:00,36.667,0.0,19.392,43.999,18.688,43.72,19.914,44.814,16.579,46.462,16.7,51.656,9.078,84.419,16.81,42.51,18.688,53.346,16.39,48.623,9.042,757.4,82.583,11.0,40.0,6.258
2016-01-30 04:00:00,35.0,0.0,19.25,44.114,18.542,43.857,19.812,44.708,16.578,46.509,16.703,51.65,8.972,85.884,16.823,42.512,18.588,53.71,16.39,48.75,8.933,756.45,84.5,11.417,40.0,6.45
2016-01-30 05:00:00,41.667,0.0,19.106,44.308,18.391,44.118,19.892,44.848,16.5,46.639,16.7,51.722,8.842,91.412,16.83,42.682,18.496,54.035,16.39,48.987,8.617,755.85,90.5,11.583,42.5,7.092
2016-01-30 06:00:00,41.667,0.0,18.994,44.536,18.275,44.434,20.0,45.0,16.5,46.878,16.7,51.776,8.458,98.432,16.848,42.921,18.5,54.578,16.39,49.183,8.417,755.167,94.0,11.0,37.25,7.458
2016-01-30 07:00:00,31.667,0.0,18.884,44.862,18.167,44.732,19.945,45.07,16.488,47.073,16.7,51.86,8.288,99.9,16.849,43.065,18.42,54.534,16.407,49.43,8.383,754.533,92.75,11.417,24.583,7.275
2016-01-30 08:00:00,46.667,3.333,18.79,45.252,18.089,45.042,19.892,45.094,16.482,47.238,16.7,51.918,8.276,99.9,16.828,43.152,18.35,54.714,16.488,49.635,8.542,753.925,90.167,12.0,30.667,7.017
2016-01-30 09:00:00,43.333,0.0,18.846,46.146,18.197,45.44,19.633,44.444,16.436,47.362,16.7,51.9,8.382,99.9,16.79,43.589,18.29,54.336,16.421,49.329,8.558,753.15,90.25,11.583,31.667,7.025
2016-01-30 10:00:00,56.667,0.0,19.12,46.161,18.831,45.231,19.66,44.599,16.39,47.55,17.342,62.421,8.439,99.9,16.79,43.863,18.26,54.415,16.414,48.949,8.5,752.55,92.0,11.0,38.75,7.2
2016-01-30 11:00:00,76.667,3.333,19.651,46.785,19.412,45.417,19.915,44.884,16.414,47.829,18.229,56.48,8.504,99.9,16.802,44.206,18.243,54.542,16.402,48.861,8.542,752.033,92.0,11.0,62.083,7.283
2016-01-30 12:00:00,96.667,3.333,19.934,47.444,19.55,45.339,20.004,45.236,16.5,48.31,19.423,85.759,8.236,99.9,16.853,44.356,18.468,55.244,16.402,48.793,7.85,752.217,90.333,10.167,42.583,6.4
2016-01-30 13:00:00,328.333,5.0,19.988,45.895,19.517,44.86,19.89,45.159,17.074,48.1,18.462,85.611,6.558,99.9,16.805,43.214,18.95,53.445,16.39,48.108,6.633,752.467,88.833,6.917,28.917,4.958
2016-01-30 14:00:00,263.333,1.667,20.104,45.201,19.719,43.967,20.021,45.772,19.285,46.284,18.055,77.701,6.596,99.9,16.81,42.81,19.358,52.193,16.379,47.388,6.442,751.875,92.083,4.417,35.417,5.233
2016-01-30 15:00:00,178.333,1.667,20.581,44.87,20.294,43.561,20.111,45.229,19.57,45.991,17.78,66.539,6.721,99.9,16.828,42.715,19.716,51.114,16.346,47.17,6.417,751.992,89.583,5.417,33.583,4.783
2016-01-30 16:00:00,241.667,1.667,20.917,43.661,20.567,42.64,20.264,44.641,18.904,45.32,17.696,61.194,5.884,99.9,16.878,41.596,19.898,49.979,16.368,46.567,6.175,752.442,81.167,6.0,40.0,3.167
2016-01-30 17:00:00,570.0,21.667,21.033,43.448,20.594,41.802,21.401,47.145,20.13,44.809,17.651,58.454,4.892,99.647,16.884,40.607,20.101,49.08,16.29,45.652,5.75,752.792,80.0,5.583,40.0,2.492
2016-01-30 18:00:00,200.0,16.667,21.15,43.091,20.619,41.479,22.074,45.978,21.899,42.523,17.6,56.892,4.139,99.344,16.89,39.915,20.28,48.323,16.29,44.962,5.025,753.533,81.25,4.167,40.0,2.075
2016-01-30 19:00:00,415.0,5.0,21.677,53.895,21.14,42.964,21.731,46.773,21.09,41.389,17.642,56.75,3.085,97.45,16.89,39.533,20.56,48.095,16.29,44.42,3.75,754.25,85.917,3.0,34.583,1.608
2016-01-30 20:00:00,98.333,5.0,21.989,48.908,21.365,44.442,21.452,47.715,20.231,41.168,18.115,56.406,2.147,96.366,16.89,39.062,20.624,47.3,16.29,44.059,2.783,754.475,88.75,3.417,27.833,1.117
2016-01-30 21:00:00,96.667,0.0,22.23,44.001,21.611,42.397,21.156,45.395,19.681,41.98,19.271,50.531,1.416,95.86,16.892,38.181,20.827,46.42,16.29,43.352,3.025,754.425,85.75,4.417,29.0,0.875
2016-01-30 22:00:00,65.0,3.333,22.111,42.334,21.508,41.152,20.986,44.417,19.202,42.058,19.311,48.896,2.188,97.843,16.92,38.104,20.79,46.728,16.319,43.525,3.533,754.642,85.667,5.0,28.583,1.283
2016-01-30 23:00:00,46.667,0.0,21.803,42.061,21.108,40.977,20.79,44.454,18.87,42.539,18.646,51.564,3.38,99.067,16.992,39.078,20.794,48.643,16.5,46.693,4.208,754.7,87.583,5.0,28.417,2.267
2016-01-31 00:00:00,46.667,0.0,21.52,42.163,20.696,41.3,20.84,44.645,18.622,43.086,18.353,53.291,3.881,99.344,17.0,39.468,20.704,50.654,16.533,47.408,4.417,754.783,86.583,4.583,33.583,2.375
2016-01-31 01:00:00,35.0,0.0,21.221,42.111,20.356,41.439,20.951,44.51,18.445,43.292,18.168,54.07,3.94,99.259,17.0,39.592,20.578,51.015,16.6,48.036,4.008,754.775,88.083,4.0,40.0,2.2
2016-01-31 02:00:00,45.0,0.0,20.974,41.944,20.078,41.583,20.796,44.481,18.324,43.45,18.012,54.403,3.198,98.318,17.008,39.693,20.452,51.407,16.672,48.802,3.767,754.683,91.0,4.0,40.0,2.367
2016-01-31 03:00:00,46.667,0.0,20.75,42.074,19.808,41.728,20.87,44.54,18.183,43.45,17.881,54.669,3.673,99.106,17.011,39.71,20.393,52.537,16.7,49.183,4.167,754.842,90.583,4.0,40.0,2.725
2016-01-31 04:00:00,36.667,0.0,20.556,42.225,19.589,41.826,20.963,44.361,18.067,43.519,17.788,54.692,3.855,99.228,17.052,39.788,20.155,52.492,16.775,49.472,4.4,754.9,90.417,4.0,40.0,2.942
2016-01-31 05:00:00,46.667,0.0,20.346,42.362,19.415,41.989,20.936,44.338,17.951,43.602,17.709,54.597,3.892,99.285,17.044,39.839,19.991,53.496,16.79,49.621,4.275,754.65,92.25,4.0,34.167,3.083
2016-01-31 06:00:00,43.333,0.0,20.209,42.578,19.235,42.149,20.879,44.361,17.868,43.72,17.632,54.462,3.556,99.051,17.07,39.884,19.867,53.806,16.834,49.874,4.183,754.3,94.417,4.0,25.167,3.367
2016-01-31 07:00:00,35.0,1.667,20.044,42.731,19.139,42.373,20.829,44.478,17.79,43.776,17.58,54.409,4.004,99.432,17.066,39.982,19.789,53.474,16.868,49.944,4.508,754.258,94.583,4.0,25.25,3.725
2016-01-31 08:00:00,155.0,20.0,19.969,42.979,19.05,42.403,20.676,44.284,18.346,43.813,17.507,53.827,4.519,99.786,17.002,39.836,19.667,52.335,16.89,49.668,4.883,754.242,93.167,4.0,32.417,3.858
2016-01-31 09:00:00,300.0,26.667,20.263,43.235,19.514,42.061,20.51,43.886,19.06,43.321,17.5,52.933,5.173,99.9,16.975,39.716,19.509,51.13,16.84,48.274,5.208,754.175,92.417,4.417,35.0,4.05
2016-01-31 10:00:00,281.667,20.0,20.594,42.557,20.042,41.419,20.5,43.272,21.262,42.41,17.5,52.256,6.01,99.9,16.9,39.783,19.407,50.792,16.79,46.953,5.708,753.875,93.0,5.0,33.0,4.608
2016-01-31 11:00:00,100.0,10.0,21.083,41.826,20.476,40.818,20.578,42.796,20.309,42.107,17.5,51.861,6.956,99.9,16.894,40.159,19.401,51.125,16.79,46.236,6.25,753.617,92.583,5.0,40.0,5.108
2016-01-31 12:00:00,393.333,31.667,21.314,40.507,20.561,39.683,20.864,43.956,19.82,42.775,17.534,51.268,7.548,99.9,16.979,40.86,19.533,50.652,16.79,46.02,6.767,753.167,93.25,5.417,41.667,5.775
2016-01-31 13:00:00,201.667,15.0,21.761,40.741,21.05,39.884,21.924,44.464,20.053,42.992,17.66,51.176,7.863,99.9,17.098,41.894,19.88,49.857,16.77,46.07,7.167,752.408,95.0,6.0,49.833,6.467
2016-01-31 14:00:00,98.333,10.0,21.974,40.812,21.358,39.573,21.308,43.164,19.733,43.57,17.7,51.312,8.066,99.9,17.1,42.315,20.356,51.192,16.78,46.258,7.483,751.708,95.833,6.417,50.917,6.867
2016-01-31 15:00:00,115.0,3.333,22.043,41.758,21.48,40.689,21.155,43.321,19.444,44.183,17.7,51.646,8.115,99.9,17.483,44.142,20.618,50.522,16.76,46.547,7.808,751.092,97.0,7.0,36.833,7.35
2016-01-31 16:00:00,180.0,8.333,22.167,43.434,21.645,42.082,21.406,44.308,19.5,46.107,17.738,52.463,8.563,99.9,19.188,46.044,20.995,50.517,16.77,46.963,8.517,751.008,97.0,7.0,26.833,8.075
2016-01-31 17:00:00,151.667,11.667,22.139,43.851,21.578,42.703,21.611,44.749,19.5,47.446,17.81,53.44,9.413,99.9,19.019,46.777,21.291,52.0,16.78,47.67,9.725,751.508,95.75,6.167,28.917,9.058
2016-01-31 18:00:00,315.0,35.0,22.392,44.94,21.904,43.07,21.7,45.553,19.787,49.218,17.882,54.322,10.583,99.9,19.134,48.058,21.665,52.679,16.79,48.731,11.017,752.217,92.75,6.25,33.75,9.908
2016-01-31 19:00:00,118.333,25.0,22.686,47.173,22.16,44.098,21.735,46.793,19.95,49.896,17.99,55.191,11.187,99.9,18.93,48.383,21.695,52.244,16.834,49.608,11.683,752.925,91.417,7.583,24.583,10.325
2016-01-31 20:00:00,153.333,25.0,22.859,46.109,22.194,43.961,21.886,46.596,19.868,50.47,19.423,77.198,11.34,99.9,19.036,49.359,21.767,52.849,16.986,50.6,11.675,753.433,93.25,7.417,39.833,10.583
2016-01-31 21:00:00,100.0,15.0,22.963,46.175,22.044,44.859,21.89,46.622,19.806,50.536,21.192,73.98,11.391,99.9,19.187,50.067,21.806,53.103,17.1,50.908,11.583,754.067,94.167,8.0,45.333,10.658
2016-01-31 22:00:00,70.0,11.667,22.787,46.372,21.799,45.6,21.835,46.691,19.537,50.057,20.426,56.664,11.537,99.9,19.038,49.997,21.894,53.109,17.143,51.222,11.533,754.592,94.25,8.0,30.75,10.642
2016-01-31 23:00:00,38.333,10.0,22.434,46.374,21.473,45.898,21.708,46.488,19.346,49.798,20.189,53.758,11.34,99.9,18.999,49.654,21.844,54.104,17.25,51.512,11.383,755.208,95.167,8.0,36.333,10.617
2016-02-01 00:00:00,45.0,13.333,22.14,46.583,21.218,46.286,21.645,46.456,19.22,49.584,19.984,53.024,11.402,99.9,19.03,50.246,21.685,55.842,17.324,51.851,11.5,755.833,92.75,8.417,32.417,10.292
2016-02-01 01:00:00,46.667,10.0,21.904,47.05,21.026,46.559,21.725,46.488,19.111,49.467,19.837,52.589,11.33,99.9,19.027,50.082,21.556,57.142,17.379,51.944,11.375,756.467,91.417,8.167,33.333,10.0
2016-02-01 02:00:00,38.333,11.667,21.719,46.966,20.792,46.691,21.72,46.5,18.999,49.302,19.746,52.297,11.31,99.9,19.0,50.26,21.332,58.079,17.404,52.1,11.2,756.95,91.583,7.417,40.25,9.917
2016-02-01 03:00:00,48.333,11.667,21.562,47.012,20.661,46.897,21.683,46.584,18.921,49.29,19.647,52.189,10.949,99.9,19.033,50.889,21.231,58.708,17.506,52.619,10.992,757.633,92.667,7.167,62.583,9.842
2016-02-01 04:00:00,45.0,11.667,21.391,47.123,20.528,47.147,21.685,46.688,18.868,49.27,19.584,52.2,10.908,99.9,19.051,51.192,21.127,58.22,17.6,52.833,10.867,758.225,92.917,6.833,62.417,9.733
2016-02-01 05:00:00,46.667,11.667,21.275,47.29,20.37,47.271,21.633,46.708,18.796,49.205,19.49,52.183,10.879,99.9,19.042,51.086,20.981,57.542,17.6,52.9,10.892,758.567,91.667,7.167,60.5,9.583
2016-02-01 06:00:00,36.667,11.667,21.15,47.357,20.25,47.376,21.633,46.782,18.73,49.2,19.399,52.011,10.603,99.9,19.07,50.954,20.843,57.333,17.686,53.038,10.475,758.925,94.0,6.0,43.667,9.533
2016-02-01 07:00:00,163.333,15.0,21.033,47.851,20.178,47.477,21.561,46.802,18.721,49.256,19.298,52.842,10.5,99.798,19.1,50.649,20.765,56.911,17.71,53.14,10.425,759.225,91.917,6.417,24.167,9.133
2016-02-01 08:00:00,93.333,15.0,21.0,48.163,20.117,47.591,21.457,46.657,20.016,49.036,19.11,54.018,10.761,95.251,19.056,49.995,20.591,55.055,17.7,52.784,10.767,759.525,85.667,7.833,22.583,8.442
2016-02-01 09:00:00,115.0,15.0,21.1,47.528,20.383,46.82,21.42,46.416,19.804,48.361,19.399,66.226,11.05,86.731,19.014,48.646,20.379,53.064,17.755,52.063,11.042,759.825,79.333,8.583,22.417,7.55
2016-02-01 10:00:00,75.0,18.333,21.152,45.58,20.467,44.713,21.268,45.135,19.528,47.985,19.517,61.201,11.388,80.368,19.207,47.424,20.224,51.813,17.79,51.347,11.142,760.083,76.583,8.0,23.417,7.117
2016-02-01 11:00:00,355.0,11.667,21.707,45.199,21.306,44.066,21.438,45.819,19.463,48.113,20.107,50.626,11.681,77.721,19.039,45.598,20.091,51.179,17.79,50.636,11.242,760.242,76.417,8.0,24.833,7.125
2016-02-01 12:00:00,286.667,11.667,22.29,45.886,21.962,43.45,22.983,48.594,19.567,48.902,20.607,48.376,11.933,72.984,18.928,44.698,19.995,50.729,17.715,49.988,11.3,760.175,76.583,8.833,31.833,7.258
2016-02-01 13:00:00,331.667,10.0,22.8,44.883,22.352,43.039,23.204,47.121,19.544,48.896,20.965,47.597,11.902,72.729,18.883,44.329,19.89,50.409,17.7,49.53,11.342,759.958,76.417,9.583,35.0,7.325
2016-02-01 14:00:00,276.667,11.667,23.197,45.584,22.729,42.913,24.14,47.224,19.516,49.192,21.251,46.828,12.078,73.418,18.882,44.268,19.828,50.236,17.7,49.307,11.483,759.775,77.417,8.583,33.0,7.625
2016-02-01 15:00:00,396.667,10.0,23.369,44.899,22.818,42.234,24.484,46.628,19.812,50.204,21.386,46.467,12.317,74.902,18.883,44.5,19.79,50.324,17.7,49.28,11.392,759.767,80.5,8.833,33.333,8.092
2016-02-01 16:00:00,235.0,10.0,23.522,45.21,22.896,42.345,25.083,45.786,19.917,50.391,21.527,46.563,11.735,79.376,18.886,44.772,19.749,50.521,17.72,49.421,11.183,759.958,82.75,10.0,30.667,8.375
2016-02-01 17:00:00,263.333,11.667,23.887,48.887,23.089,43.057,25.281,45.081,19.837,49.54,21.748,47.942,11.625,78.022,18.886,44.757,19.813,50.956,17.735,49.483,11.342,759.942,79.75,9.583,40.0,7.992
2016-02-01 18:00:00,185.0,13.333,24.033,46.89,23.2,43.623,24.852,45.03,19.71,48.566,21.268,49.706,11.538,76.492,18.882,44.492,20.521,51.711,17.77,49.306,11.15,760.0,80.5,9.0,40.0,7.908
2016-02-01 19:00:00,226.667,23.333,24.061,48.968,23.167,43.988,24.317,45.308,19.7,48.819,20.788,50.784,11.163,80.093,18.817,44.428,20.93,51.117,17.79,49.171,10.717,759.917,84.833,9.0,40.0,8.283
2016-02-01 20:00:00,166.667,38.333,23.933,46.652,22.997,44.107,24.065,45.614,20.79,49.938,21.201,65.349,10.897,84.629,18.816,44.648,21.045,52.177,17.79,49.29,10.475,759.8,88.083,9.0,49.167,8.567
2016-02-01 21:00:00,101.667,23.333,23.697,45.259,22.721,43.815,23.653,44.816,21.044,48.954,21.038,78.039,10.656,89.316,18.805,44.972,21.078,54.106,17.79,49.364,10.3,759.8,91.417,9.0,54.5,8.883
2016-02-01 22:00:00,110.0,21.667,23.417,44.978,22.474,43.857,23.38,44.792,21.617,48.438,20.634,69.453,10.271,95.706,18.801,45.362,21.063,54.503,17.796,49.619,10.217,759.8,92.833,9.0,52.333,9.083
2016-02-01 23:00:00,53.333,21.667,23.127,45.078,22.213,44.14,23.255,45.141,21.622,48.673,20.405,63.14,10.125,99.134,18.794,45.597,21.04,55.177,17.89,50.19,10.142,759.717,94.417,9.0,62.75,9.283
2016-02-02 00:00:00,61.667,21.667,22.831,45.369,21.95,44.511,23.25,45.307,21.5,48.964,20.251,61.641,10.202,99.866,18.801,45.782,20.875,55.8,17.89,50.634,10.242,759.6,95.0,8.167,53.5,9.442
2016-02-02 01:00:00,50.0,5.0,22.65,45.712,21.729,44.918,23.29,45.519,21.402,48.954,20.142,60.392,10.226,99.9,18.797,45.955,20.826,56.669,17.963,51.269,10.217,759.558,95.417,6.583,49.25,9.5
2016-02-02 02:00:00,45.0,0.0,22.51,45.869,21.589,45.297,23.29,45.708,20.962,48.839,20.031,59.68,10.19,99.9,18.808,46.094,20.829,56.552,18.0,51.696,10.267,759.458,94.333,6.833,50.5,9.417
2016-02-02 03:00:00,46.667,0.0,22.346,45.922,21.427,45.499,23.235,45.844,20.638,48.933,19.952,59.257,10.19,99.9,18.81,46.216,20.796,56.272,18.1,52.176,10.292,759.275,94.917,5.917,41.25,9.508
2016-02-02 04:00:00,45.0,0.0,22.198,46.01,21.276,45.702,23.2,45.972,20.427,49.06,19.874,58.901,10.14,99.9,18.808,46.289,20.79,56.248,18.161,52.362,9.792,759.017,97.333,4.667,51.333,9.342
2016-02-02 05:00:00,43.333,0.0,22.089,46.153,21.182,45.785,23.2,46.103,20.26,49.2,19.792,58.591,9.598,99.9,18.796,46.147,20.785,56.053,18.2,52.5,9.417,758.733,94.583,6.583,63.833,8.575
2016-02-02 06:00:00,46.667,0.0,21.933,46.098,21.039,45.827,23.181,46.22,20.144,49.188,19.764,58.358,9.342,99.9,18.799,45.969,20.711,56.224,18.235,52.598,9.383,758.375,91.917,6.0,54.583,8.15
2016-02-02 07:00:00,55.0,25.0,21.818,46.21,20.908,45.974,23.089,46.096,20.088,49.276,19.703,58.26,9.063,99.9,18.79,45.727,20.709,56.273,18.3,52.621,9.333,758.117,89.0,6.0,49.167,7.633
2016-02-02 08:00:00,123.333,35.0,21.745,46.524,20.804,46.083,22.718,44.931,20.816,49.254,19.638,58.193,8.82,99.867,18.79,45.452,20.571,54.539,18.29,52.444,8.892,757.875,91.5,6.0,62.0,7.608
2016-02-02 09:00:00,63.333,21.667,21.72,47.626,20.71,46.031,22.328,44.782,21.009,48.142,19.604,56.651,8.833,99.9,18.751,45.206,20.448,53.098,18.28,51.785,8.642,757.533,95.833,6.0,53.667,8.025
2016-02-02 10:00:00,66.667,25.0,21.75,47.851,20.936,46.039,22.372,45.05,21.011,48.252,19.568,56.387,9.049,99.9,18.713,45.195,20.313,52.305,18.256,51.032,8.825,757.258,97.0,6.0,50.75,8.325
2016-02-02 11:00:00,81.667,23.333,21.78,47.129,21.213,45.606,22.39,45.22,21.122,48.454,19.515,56.03,9.369,99.9,18.711,45.311,20.228,51.921,18.2,50.595,8.833,757.117,96.167,5.583,62.583,8.208
2016-02-02 12:00:00,58.333,31.667,21.822,47.153,21.385,45.357,22.379,45.456,21.24,48.76,19.5,55.79,9.029,99.647,18.706,45.163,20.138,51.562,18.2,50.414,8.475,756.833,95.0,5.417,62.417,7.717
2016-02-02 13:00:00,58.333,5.0,21.885,47.862,21.275,45.47,22.414,45.689,21.066,47.495,19.5,56.035,8.761,99.18,18.71,44.619,20.1,51.035,18.2,50.02,8.258,756.392,95.0,5.583,46.333,7.558
2016-02-02 14:00:00,106.667,1.667,21.807,49.156,21.2,46.641,22.374,46.085,20.729,47.414,19.465,56.047,8.538,99.123,18.713,44.164,20.019,50.524,18.296,50.541,7.908,756.142,93.333,5.417,23.0,6.917
2016-02-02 15:00:00,60.0,3.333,21.79,48.89,21.133,46.642,22.329,46.329,20.521,47.048,19.611,54.769,7.78,98.964,18.7,43.403,19.932,50.063,18.488,51.129,7.5,756.2,90.167,6.417,30.083,5.975
2016-02-02 16:00:00,65.0,1.667,21.694,48.782,21.033,46.35,22.254,46.794,20.34,46.328,19.7,53.173,7.601,98.811,18.7,42.81,19.865,49.458,18.378,49.68,7.417,756.283,90.25,6.167,40.0,5.883
2016-02-02 17:00:00,66.667,11.667,21.611,47.207,21.039,45.026,22.056,46.161,20.21,46.009,19.804,50.522,7.377,98.614,18.68,42.49,19.831,49.179,18.29,48.562,7.3,756.608,91.167,5.0,40.0,5.917
2016-02-02 18:00:00,261.667,26.667,21.699,46.697,21.277,44.119,22.09,45.899,20.407,46.318,20.042,48.824,6.792,98.081,18.603,41.998,20.408,49.508,18.235,47.808,7.217,757.192,87.083,5.417,40.0,5.217
2016-02-02 19:00:00,125.0,21.667,22.007,52.476,21.602,45.41,22.067,46.56,20.721,45.987,20.427,57.55,5.929,96.607,18.6,41.2,20.783,48.959,18.2,47.018,6.933,757.683,82.167,6.0,35.417,4.067
2016-02-02 20:00:00,98.333,30.0,22.315,47.534,22.024,44.78,22.1,46.364,21.413,45.858,21.925,87.697,5.445,96.32,18.6,40.47,20.872,48.811,18.133,46.181,6.575,757.925,81.417,6.0,28.167,3.558
2016-02-02 21:00:00,98.333,23.333,22.385,45.72,21.973,43.796,22.02,45.889,21.346,44.816,20.875,88.194,5.092,95.94,18.581,39.904,21.231,48.788,18.078,45.498,6.067,758.225,84.083,5.167,26.583,3.5
2016-02-02 22:00:00,90.0,23.333,22.247,44.834,21.708,43.004,21.85,45.566,21.368,44.69,20.387,72.759,4.726,95.878,18.509,39.832,21.404,48.5,18.011,45.095,5.725,758.442,86.583,4.417,26.833,3.583
2016-02-02 23:00:00,53.333,21.667,22.009,44.594,21.457,42.802,21.675,45.414,21.414,45.526,20.094,69.696,4.686,96.172,18.533,40.652,21.644,51.081,18.068,46.189,5.692,758.5,85.583,5.417,33.0,3.408
2016-02-03 00:00:00,60.0,23.333,21.75,44.581,21.186,42.707,21.637,45.407,21.5,45.802,19.952,67.266,4.342,95.672,18.546,41.006,21.435,51.968,18.089,46.953,5.233,758.5,83.75,5.167,40.0,2.667
2016-02-03 01:00:00,65.0,1.667,21.556,44.386,20.986,42.525,21.622,45.398,21.417,45.659,19.817,65.789,3.918,94.309,18.524,41.11,21.283,51.703,18.1,47.498,4.708,758.5,83.25,4.0,40.0,2.075
2016-02-03 02:00:00,65.0,0.0,21.421,43.982,20.814,42.338,21.675,45.337,21.089,45.545,19.731,64.591,3.522,94.316,18.504,41.077,21.072,51.699,18.1,48.048,4.383,758.375,86.667,4.0,35.0,2.275
2016-02-03 03:00:00,48.333,0.0,21.28,43.882,20.667,42.339,21.846,45.565,20.868,45.565,19.62,63.509,3.804,95.628,18.5,41.083,20.991,52.815,18.1,48.708,4.5,758.075,89.0,4.417,33.0,2.842
2016-02-03 04:00:00,60.0,0.0,21.15,43.79,20.533,42.363,21.892,45.812,20.687,45.472,19.542,62.714,3.756,95.769,18.5,41.045,20.908,52.771,18.133,49.206,4.625,757.817,89.417,4.583,35.417,3.067
2016-02-03 05:00:00,58.333,0.0,21.017,43.715,20.392,42.4,21.976,45.911,20.528,45.375,19.444,62.013,3.89,95.904,18.5,41.036,20.869,52.249,18.2,49.577,4.675,757.658,89.583,4.0,33.583,3.092
2016-02-03 06:00:00,56.667,0.0,20.891,43.688,20.265,42.357,22.022,45.93,20.403,45.302,19.374,61.483,4.207,96.36,18.466,40.969,20.748,51.766,18.2,49.851,4.5,757.683,89.833,3.583,40.0,2.925
2016-02-03 07:00:00,66.667,10.0,20.79,43.993,20.183,42.485,21.988,45.951,20.346,45.414,19.296,60.956,4.445,96.506,18.418,40.914,20.656,51.566,18.265,49.891,4.292,757.967,91.417,3.0,35.417,2.975
2016-02-03 08:00:00,160.0,13.333,20.79,44.684,20.117,42.627,21.709,44.909,20.427,44.983,19.238,58.888,4.015,95.578,18.328,39.616,20.427,49.33,18.26,48.928,3.958,758.45,90.333,3.417,29.0,2.508
2016-02-03 09:00:00,176.667,6.667,21.107,44.034,20.622,41.524,21.608,44.496,21.829,43.768,19.168,57.068,3.415,94.215,18.29,38.479,20.234,47.27,18.27,48.797,4.067,759.05,85.917,4.0,29.0,1.892
2016-02-03 10:00:00,253.333,0.0,21.656,43.078,21.496,40.942,21.707,44.107,22.462,42.623,19.118,56.242,3.986,91.254,18.357,37.342,20.196,45.836,18.369,48.096,4.717,759.567,79.25,4.833,29.0,1.35
2016-02-03 11:00:00,208.333,0.0,22.094,43.733,21.75,41.964,21.827,43.88,22.409,42.21,19.1,55.438,5.046,79.061,18.588,36.058,20.226,44.226,18.506,46.744,5.55,759.883,71.083,6.833,33.583,0.625
2016-02-03 12:00:00,145.0,0.0,22.341,45.586,21.642,42.67,21.89,44.334,22.2,41.521,19.1,55.329,6.176,67.763,19.028,34.936,20.397,42.29,18.6,45.997,6.192,760.083,65.75,8.0,40.0,0.142
2016-02-03 13:00:00,91.667,1.667,22.578,43.661,21.498,42.181,21.961,44.642,21.849,40.318,19.091,55.096,6.683,58.765,19.252,33.828,20.587,41.166,18.611,45.072,6.392,760.117,64.417,7.167,40.0,0.117
2016-02-03 14:00:00,203.333,20.0,22.486,42.718,21.193,41.937,21.927,44.631,21.71,40.63,19.041,54.68,5.467,83.195,19.08,33.93,21.028,42.685,18.6,44.366,5.6,760.333,74.167,6.0,40.0,1.208
2016-02-03 15:00:00,135.0,11.667,22.304,43.019,21.039,42.192,21.887,44.49,21.701,40.756,19.006,54.347,5.359,89.173,19.005,34.69,21.427,43.521,18.611,45.264,4.983,760.967,84.083,6.0,40.0,2.483
2016-02-03 16:00:00,320.0,13.333,22.056,43.217,20.871,42.442,22.115,45.923,21.482,40.897,19.0,54.373,5.798,80.906,18.888,34.972,21.726,44.1,18.611,45.487,5.183,761.45,80.0,6.0,40.0,1.983
2016-02-03 17:00:00,205.0,33.333,21.846,44.346,20.7,43.386,23.317,46.107,21.47,41.125,18.956,54.609,5.717,76.821,18.771,35.023,21.829,43.863,18.533,44.286,5.342,762.133,80.0,5.167,40.0,2.1
2016-02-03 18:00:00,280.0,23.333,22.005,46.393,20.984,43.221,22.969,43.884,21.491,40.338,18.89,53.887,5.56,75.486,18.684,35.159,22.119,42.995,18.42,43.221,5.358,762.892,80.0,4.0,40.0,2.1
2016-02-03 19:00:00,131.667,18.333,22.403,48.074,21.512,43.877,22.794,44.684,21.507,42.306,18.89,54.277,5.52,75.301,18.602,35.268,22.222,42.764,18.39,42.767,5.217,763.508,80.417,3.583,40.0,2.058
2016-02-03 20:00:00,131.667,13.333,22.622,43.529,21.815,42.58,22.65,44.182,21.45,41.808,19.149,60.208,4.985,78.388,18.594,35.348,22.232,42.81,18.296,42.158,5.017,764.092,81.833,3.0,40.0,2.083
2016-02-03 21:00:00,118.333,3.333,22.7,42.152,21.89,41.772,22.499,43.604,21.209,40.941,19.775,77.78,4.58,88.089,18.576,35.528,22.417,42.986,18.23,41.436,4.775,764.75,84.25,3.417,40.0,2.283
2016-02-03 22:00:00,85.0,1.667,22.6,42.463,21.78,41.87,22.467,43.861,21.135,41.886,19.402,67.677,4.482,84.93,18.596,36.64,22.74,45.355,18.24,42.662,4.35,765.225,86.0,3.583,40.0,2.15
2016-02-03 23:00:00,65.0,1.667,22.354,43.257,21.52,42.104,22.6,43.968,20.904,42.189,19.257,63.676,3.562,83.129,18.6,37.499,23.084,45.891,18.29,44.662,3.667,765.358,86.833,2.583,40.0,1.592
2016-02-04 00:00:00,38.333,0.0,22.083,43.036,21.272,41.976,22.534,43.948,20.735,42.255,19.168,61.276,2.529,86.086,18.6,37.896,22.921,46.433,18.29,45.795,2.575,765.425,89.667,2.417,35.417,0.967
2016-02-04 01:00:00,45.0,0.0,21.814,42.829,21.042,41.988,22.525,43.92,20.572,42.112,19.09,59.83,1.732,87.277,18.6,38.079,22.649,47.676,18.29,47.014,1.908,765.725,91.583,3.0,28.583,0.667
2016-02-04 02:00:00,46.667,0.0,21.6,42.562,20.813,41.903,22.527,43.787,20.427,42.03,19.0,58.791,1.436,89.601,18.599,38.124,22.255,47.917,18.373,47.612,2.117,765.9,90.167,3.0,25.917,0.692
2016-02-04 03:00:00,31.667,0.0,21.439,42.372,20.65,41.808,22.481,43.697,20.301,41.911,18.948,58.052,1.18,89.274,18.569,38.109,22.022,48.759,18.39,48.04,1.875,765.817,89.0,3.0,25.5,0.275
2016-02-04 04:00:00,46.667,0.0,21.276,42.247,20.499,41.71,22.245,43.725,20.172,41.688,18.886,57.44,0.433,88.682,18.514,38.09,21.808,48.795,18.39,48.114,1.908,765.492,89.833,3.0,33.583,0.392
2016-02-04 05:00:00,46.667,0.0,21.116,42.08,20.323,41.677,22.113,43.996,20.061,41.578,18.821,56.839,1.297,92.366,18.5,38.083,21.651,48.586,18.368,48.27,2.408,765.033,91.0,3.417,40.0,1.008
2016-02-04 06:00:00,38.333,0.0,20.975,42.005,20.178,41.51,22.104,44.09,19.933,41.608,18.768,56.421,2.063,93.512,18.474,38.091,21.503,48.612,18.335,48.27,2.992,764.467,91.417,4.0,35.417,1.675
2016-02-04 07:00:00,50.0,18.333,20.851,42.698,20.078,41.773,21.919,43.636,19.913,41.964,18.722,56.04,2.768,94.22,18.409,38.124,21.354,48.445,18.384,48.174,3.65,763.75,92.0,4.833,33.583,2.45
2016-02-04 08:00:00,61.667,13.333,20.79,43.527,19.982,42.428,21.73,43.142,20.121,42.474,18.7,55.956,3.672,95.081,18.389,38.236,21.144,47.487,18.368,47.672,4.0,763.067,93.25,6.0,49.583,3.008
2016-02-04 09:00:00,141.667,6.667,20.801,44.138,19.909,42.399,21.526,42.694,20.771,42.309,18.646,54.916,4.391,95.87,18.283,37.637,20.902,45.99,18.318,46.859,4.208,762.225,95.417,6.833,60.083,3.55
2016-02-04 10:00:00,53.333,10.0,20.77,44.629,19.812,42.564,21.337,42.379,20.473,41.366,18.6,53.942,4.872,96.608,18.21,37.526,20.71,44.874,18.27,45.743,4.75,761.617,96.0,7.583,56.417,4.15
2016-02-04 11:00:00,70.0,23.333,20.7,44.63,19.81,42.361,21.294,42.572,20.533,42.254,18.6,53.203,5.606,97.258,18.173,37.878,20.533,44.515,18.2,45.053,5.6,761.458,96.0,7.0,49.917,5.0
2016-02-04 12:00:00,353.333,10.0,20.75,46.378,19.904,42.607,21.697,43.902,20.606,42.643,18.592,52.753,7.163,98.145,18.128,38.737,20.378,44.806,18.2,44.977,6.883,761.358,95.583,6.167,35.0,6.2
2016-02-04 13:00:00,138.333,18.333,21.11,45.082,20.419,43.052,22.87,44.989,20.457,43.393,18.575,52.702,8.737,98.802,18.193,39.957,20.287,45.688,18.2,45.354,8.45,761.383,92.917,6.25,28.417,7.317
2016-02-04 14:00:00,103.333,21.667,21.365,45.271,20.662,42.947,22.564,43.515,20.323,44.068,18.5,52.696,9.399,99.046,18.209,41.224,20.202,46.679,18.225,46.528,9.5,761.583,90.417,6.75,33.583,7.983
2016-02-04 15:00:00,70.0,11.667,21.909,45.53,21.49,43.693,22.394,43.573,20.346,45.142,18.543,53.734,9.708,99.141,18.342,41.891,20.197,47.456,18.318,47.894,9.75,761.867,88.917,5.833,40.0,8.017
2016-02-04 16:00:00,100.0,0.0,22.326,45.448,22.048,43.337,22.322,43.818,20.39,45.318,18.6,54.334,10.033,97.197,18.39,41.998,20.646,50.275,18.39,47.851,9.975,762.267,86.417,6.167,40.0,7.858
2016-02-04 17:00:00,105.0,0.0,22.567,44.214,22.2,42.769,22.365,43.582,20.408,45.977,18.62,54.258,9.928,89.962,18.39,41.906,21.221,50.464,18.379,47.683,9.675,762.708,87.417,5.0,40.0,7.717
2016-02-04 18:00:00,278.333,8.333,22.762,44.996,22.334,42.497,22.398,43.43,20.5,46.366,18.676,54.236,9.859,89.299,18.39,41.911,21.432,50.0,18.346,47.52,9.125,763.292,88.0,4.583,40.0,7.225
2016-02-04 19:00:00,170.0,16.667,23.144,51.167,22.686,43.75,22.492,45.173,20.615,48.617,19.195,66.168,8.658,92.988,18.394,41.51,21.491,49.747,18.414,47.204,8.392,763.992,88.417,3.167,40.0,6.575
2016-02-04 20:00:00,100.0,20.0,23.183,45.405,22.654,43.253,22.527,44.692,20.921,47.808,20.643,91.598,8.215,93.574,18.394,40.863,21.429,50.761,18.39,46.785,7.475,764.567,89.833,2.0,35.0,5.9
2016-02-04 21:00:00,198.333,11.667,22.975,44.019,22.281,42.497,22.328,44.236,21.133,46.618,19.773,87.967,7.554,93.954,18.394,40.75,21.452,51.305,18.373,46.487,6.308,764.842,93.5,2.0,27.583,5.283
2016-02-04 22:00:00,65.0,15.0,22.76,43.653,22.02,42.476,22.106,44.179,20.847,45.053,19.407,78.427,7.682,95.041,18.397,40.602,21.394,51.189,18.29,46.264,6.275,765.025,95.75,2.0,27.833,5.608
2016-02-04 23:00:00,56.667,21.667,22.578,43.999,21.745,42.763,22.002,44.179,21.026,45.878,19.23,74.511,7.844,95.587,18.452,40.907,21.39,52.315,18.29,46.672,7.008,765.2,93.583,2.0,26.5,6.067
2016-02-05 00:00:00,36.667,8.333,22.325,44.13,21.507,43.15,21.964,44.207,21.172,46.156,19.12,70.805,7.621,95.843,18.493,41.208,21.279,53.398,18.29,47.129,7.175,765.2,94.667,1.583,33.417,6.425
2016-02-05 01:00:00,43.333,0.0,22.111,44.3,21.272,43.508,21.876,44.242,20.872,45.839,19.023,68.757,7.376,96.905,18.496,41.392,21.151,54.418,18.29,47.928,7.125,765.033,97.833,1.417,40.5,6.808
2016-02-05 02:00:00,48.333,0.0,21.893,44.492,21.1,43.797,22.066,44.553,20.589,45.839,18.983,67.473,7.828,97.812,18.5,41.571,21.107,55.25,18.384,48.896,7.633,764.8,99.0,2.417,35.833,7.433
2016-02-05 03:00:00,43.333,0.0,21.752,44.715,20.936,44.094,22.234,44.826,20.403,45.954,18.892,66.521,8.494,98.399,18.5,41.901,21.04,55.171,18.39,49.69,8.267,764.675,98.583,3.417,46.917,8.025
2016-02-05 04:00:00,35.0,0.0,21.633,44.944,20.794,44.376,22.358,44.882,20.25,46.127,18.859,65.695,8.885,98.56,18.5,42.167,21.0,55.108,18.494,50.221,8.625,764.458,97.583,4.0,55.167,8.242
2016-02-05 05:00:00,46.667,0.0,21.51,45.161,20.689,44.619,22.394,44.839,20.144,46.226,18.793,65.031,9.093,98.63,18.5,42.362,20.971,54.831,18.5,50.444,8.8,764.192,97.0,4.0,53.5,8.3
2016-02-05 06:00:00,45.0,0.0,21.39,45.304,20.589,44.76,22.414,44.922,20.052,46.366,18.756,64.532,9.135,98.59,18.5,42.514,20.879,54.8,18.556,50.614,8.758,763.775,97.833,4.0,37.583,8.383
2016-02-05 07:00:00,40.0,6.667,21.29,45.8,20.491,45.056,22.186,44.688,19.976,46.516,18.702,64.151,9.1,98.612,18.5,42.69,20.812,54.721,18.6,50.63,8.742,763.6,99.0,4.0,30.833,8.542
2016-02-05 08:00:00,51.667,1.667,21.275,46.45,20.39,45.33,21.922,44.449,19.896,46.842,18.696,61.884,9.11,98.629,18.434,43.339,20.667,52.928,18.6,50.137,8.8,763.642,98.583,4.417,37.417,8.558
2016-02-05 09:00:00,48.333,0.0,21.2,46.218,20.379,45.411,21.814,44.362,19.836,46.863,18.642,60.102,9.239,98.612,18.39,43.768,20.525,51.865,18.6,49.651,8.883,763.7,98.0,4.583,43.333,8.583
2016-02-05 10:00:00,36.667,1.667,21.22,46.321,20.516,45.302,21.651,44.34,19.79,46.961,18.607,59.237,9.607,98.67,18.39,44.066,20.382,51.324,18.55,49.313,9.208,763.658,96.333,4.417,34.333,8.658
2016-02-05 11:00:00,70.0,1.667,21.346,46.12,20.772,45.019,21.612,44.465,19.79,47.439,18.604,58.623,10.334,98.923,18.39,44.312,20.286,51.098,18.522,49.108,9.625,763.475,93.167,5.0,31.25,8.558
2016-02-05 12:00:00,70.0,1.667,21.51,45.953,21.111,44.75,21.728,44.584,19.879,47.81,18.604,58.171,10.808,97.684,18.42,44.452,20.202,50.87,18.578,49.08,9.8,763.05,91.167,5.0,35.417,8.417
2016-02-05 13:00:00,53.333,0.0,21.776,46.265,21.428,44.345,21.858,44.556,19.908,48.053,18.616,57.806,10.68,94.346,18.484,44.458,20.123,50.686,18.6,48.978,9.8,762.45,90.0,5.417,33.583,8.258
2016-02-05 14:00:00,36.667,1.667,22.028,45.484,21.688,43.859,21.985,44.616,20.182,48.481,18.64,57.35,10.522,92.019,18.5,44.312,20.08,50.464,18.661,49.146,9.8,761.85,89.583,6.0,40.0,8.158
2016-02-05 15:00:00,51.667,0.0,22.1,44.851,21.745,43.524,21.947,44.485,20.301,48.129,18.694,57.137,10.567,90.294,18.5,44.189,20.0,50.178,18.611,49.004,9.8,761.292,89.0,5.583,40.0,8.1
2016-02-05 16:00:00,51.667,5.0,22.172,44.633,21.775,43.251,22.0,44.408,20.133,47.614,18.7,56.839,10.5,90.453,18.5,44.207,19.913,50.098,18.6,48.761,9.883,760.875,89.417,5.0,40.0,8.225
2016-02-05 17:00:00,68.333,0.0,22.272,44.466,21.858,43.084,22.034,44.362,20.067,47.641,18.7,56.538,10.346,89.745,18.5,44.122,19.928,50.361,18.6,48.576,9.917,760.533,89.583,4.583,40.0,8.275
2016-02-05 18:00:00,238.333,0.0,22.564,45.609,22.164,42.943,22.175,44.416,20.133,48.211,18.7,56.472,10.108,91.35,18.5,44.159,20.416,51.418,18.589,48.456,9.717,760.175,89.833,4.417,34.583,8.142
2016-02-05 19:00:00,131.667,10.0,22.87,50.23,22.532,44.108,22.29,46.9,20.225,50.747,18.732,57.195,9.89,91.687,18.519,44.137,20.876,51.51,18.6,48.4,9.392,759.875,91.417,5.833,25.333,8.033
2016-02-05 20:00:00,91.667,15.0,22.933,46.083,22.387,43.522,22.29,45.663,20.456,50.184,18.767,57.061,9.408,90.542,18.525,43.723,21.163,51.933,18.6,48.228,8.975,759.492,91.167,6.583,23.0,7.592
2016-02-05 21:00:00,75.0,0.0,22.77,44.921,22.255,43.602,22.29,45.252,20.462,48.102,18.777,56.273,9.056,91.084,18.536,43.367,20.954,50.325,18.6,47.913,8.717,758.908,90.417,6.0,22.167,7.258
2016-02-05 22:00:00,56.667,5.0,22.622,44.866,22.036,43.324,22.323,45.21,20.34,47.58,18.779,55.778,9.0,90.883,18.531,43.218,20.813,50.015,18.617,47.964,8.767,758.333,89.333,6.0,28.917,7.117
2016-02-05 23:00:00,31.667,0.0,22.42,45.254,21.783,43.329,22.5,45.306,20.261,47.851,18.703,56.103,9.124,89.347,18.6,43.234,20.986,52.835,18.7,49.08,9.125,757.767,86.167,5.583,40.0,6.917
2016-02-06 00:00:00,48.333,0.0,22.208,44.999,21.567,43.641,22.606,45.188,20.1,47.683,18.702,56.29,9.408,88.152,18.6,43.271,20.822,53.881,18.76,49.43,9.425,757.175,84.583,5.0,40.0,6.883
2016-02-06 01:00:00,46.667,0.0,21.998,45.073,21.392,43.804,22.617,45.172,19.957,47.461,18.7,56.287,9.56,86.145,18.6,43.226,20.788,54.945,18.79,49.786,9.267,756.542,85.25,5.0,40.0,6.917
2016-02-06 02:00:00,45.0,0.0,21.8,45.555,21.209,43.876,22.594,45.208,19.862,47.369,18.7,56.174,8.981,87.257,18.6,43.138,20.754,55.658,18.801,50.042,8.925,755.858,86.167,4.583,40.0,6.758
2016-02-06 03:00:00,45.0,0.0,21.628,45.869,21.083,43.967,22.594,45.235,19.765,47.162,18.7,56.016,9.078,86.086,18.6,43.02,20.703,55.551,18.85,50.213,9.183,755.508,84.167,4.833,40.0,6.617
2016-02-06 04:00:00,36.667,0.0,21.51,45.95,20.933,43.939,22.589,45.095,19.689,47.07,18.7,55.883,8.909,85.578,18.6,42.864,20.7,55.0,18.89,50.369,9.092,754.892,83.417,6.417,40.0,6.417
2016-02-06 05:00:00,46.667,0.0,21.39,45.9,20.807,43.922,22.427,45.169,19.611,46.932,18.68,55.716,8.516,86.712,18.6,42.729,20.7,54.797,18.89,50.472,8.717,754.475,84.0,6.583,40.0,6.217
2016-02-06 06:00:00,45.0,0.0,21.302,45.851,20.722,44.0,22.346,45.339,19.556,46.827,18.624,55.508,8.375,87.093,18.6,42.618,20.696,54.336,18.938,50.539,8.558,754.05,84.833,6.0,40.0,6.183
2016-02-06 07:00:00,48.333,0.0,21.21,45.71,20.622,43.922,22.235,45.225,19.5,46.768,18.616,55.345,7.496,89.068,18.6,42.507,20.632,53.82,18.951,50.59,8.083,753.617,87.25,6.0,35.417,6.092
2016-02-06 08:00:00,45.0,0.0,21.122,45.688,20.511,43.9,22.28,45.382,19.396,46.596,18.6,55.241,7.324,92.712,18.6,42.405,20.533,53.709,19.0,50.626,7.792,753.5,87.75,6.0,33.583,5.842
2016-02-06 09:00:00,36.667,3.333,21.039,45.812,20.425,43.884,22.18,45.046,19.39,46.499,18.604,54.843,8.351,89.664,18.543,42.163,20.555,53.643,19.0,50.521,8.325,753.542,85.167,6.417,40.0,5.9
2016-02-06 10:00:00,55.0,5.0,21.017,45.552,20.373,43.745,21.905,44.497,19.436,46.822,18.607,54.058,8.786,84.532,18.5,41.624,20.5,52.421,18.957,49.114,8.625,753.267,83.583,6.583,40.0,5.942
2016-02-06 11:00:00,55.0,0.0,21.0,45.16,20.306,43.651,21.73,43.817,20.067,46.253,20.316,71.931,9.742,79.858,18.5,41.406,20.459,51.529,18.89,48.192,9.258,752.508,80.917,7.25,40.0,6.083
2016-02-06 12:00:00,76.667,0.0,21.0,45.05,20.39,43.657,21.645,43.703,19.89,46.44,20.542,94.884,11.068,72.896,18.538,41.305,20.713,52.089,18.89,47.702,10.067,751.725,77.167,9.417,40.0,6.2
2016-02-06 13:00:00,61.667,1.667,20.988,45.44,20.39,43.71,21.497,43.616,19.834,46.729,19.658,86.377,11.187,70.8,18.6,41.282,21.236,51.423,18.89,47.35,10.508,750.742,74.75,10.417,40.0,6.158
2016-02-06 14:00:00,61.667,1.667,20.89,45.052,20.323,43.419,21.494,43.901,19.725,46.006,19.318,64.034,11.675,67.017,18.63,41.095,21.118,49.04,18.89,47.163,10.717,749.725,73.0,10.583,40.0,6.058
2016-02-06 15:00:00,181.667,0.0,20.884,45.058,20.368,43.24,21.433,43.974,19.7,45.863,19.294,55.66,11.619,66.661,18.754,40.901,21.003,47.849,18.89,47.029,10.767,748.783,72.583,9.167,40.0,6.0
2016-02-06 16:00:00,243.333,0.0,21.083,49.155,20.442,45.279,21.427,44.286,19.689,46.238,19.39,54.33,11.416,66.442,18.87,40.713,20.966,47.133,18.89,46.949,10.833,747.908,73.25,7.583,40.0,6.125
2016-02-06 17:00:00,228.333,0.0,21.325,46.208,20.346,44.76,21.451,44.104,19.606,45.847,19.377,53.652,10.516,69.088,18.848,40.43,20.939,47.043,18.868,46.635,10.558,747.208,74.583,7.0,40.0,6.217
2016-02-06 18:00:00,160.0,5.0,21.551,45.292,20.663,44.377,21.476,44.099,19.533,46.051,19.234,55.829,9.623,72.436,18.79,40.306,20.816,46.388,18.796,46.113,10.333,746.55,73.167,6.583,40.0,5.725
2016-02-06 19:00:00,96.667,5.0,22.159,44.664,21.308,43.68,21.5,43.718,19.427,45.617,19.142,56.08,9.152,72.123,18.752,39.974,20.934,46.717,18.77,45.546,10.475,745.658,69.5,6.417,40.0,5.075
2016-02-06 20:00:00,95.0,10.0,22.73,44.75,22.106,43.604,21.627,44.445,19.312,45.061,19.104,56.736,9.817,69.145,18.707,39.696,21.385,48.844,18.74,45.23,11.375,744.442,64.333,8.25,40.0,4.858
2016-02-06 21:00:00,93.333,18.333,23.167,44.293,22.678,43.027,21.862,44.934,19.265,44.649,19.554,68.178,10.281,65.669,18.726,39.412,21.73,49.935,18.7,45.05,11.567,743.633,63.25,9.583,40.0,4.717
2016-02-06 22:00:00,78.333,1.667,23.172,42.95,22.585,41.981,21.75,44.738,19.2,44.188,19.698,74.004,9.961,65.126,18.78,39.091,21.934,49.016,18.863,46.214,10.933,743.192,65.417,9.417,40.0,4.558
2016-02-06 23:00:00,66.667,0.0,22.957,43.11,22.31,42.405,21.7,44.896,19.2,44.256,19.432,66.456,10.101,63.684,18.785,39.734,22.268,49.796,18.988,47.712,10.658,742.775,66.0,9.583,40.0,4.5
2016-02-07 00:00:00,38.333,0.0,22.72,43.239,22.003,42.832,21.611,44.73,19.122,44.456,19.31,63.77,10.587,60.862,18.79,40.034,22.323,51.188,19.0,48.396,10.725,742.392,65.167,8.583,40.0,4.417
2016-02-07 01:00:00,43.333,0.0,22.43,43.333,21.713,42.978,21.656,44.76,19.1,44.58,19.241,62.608,11.237,57.544,18.79,40.09,22.138,51.667,19.043,49.04,11.358,741.975,61.5,8.833,40.0,4.133
2016-02-07 02:00:00,45.0,0.0,22.186,43.508,21.462,43.196,21.876,44.768,19.1,44.58,19.193,61.688,10.936,61.536,18.79,40.144,22.034,51.803,19.1,49.42,11.417,741.508,63.0,9.167,40.0,4.483
2016-02-07 03:00:00,43.333,0.0,21.962,43.809,21.25,43.552,22.05,44.911,19.05,44.674,19.131,60.944,10.426,67.484,18.79,40.326,21.89,53.173,19.1,49.651,10.142,740.975,74.583,8.0,35.417,5.758
2016-02-07 04:00:00,45.0,0.0,21.76,44.274,21.1,43.949,22.25,44.9,19.0,44.923,19.1,60.429,9.262,82.041,18.796,40.78,21.769,54.708,19.192,50.074,9.042,741.008,86.417,8.0,25.667,6.817
2016-02-07 05:00:00,41.667,0.0,21.629,44.71,20.945,44.198,22.29,44.994,18.988,45.306,19.084,59.991,8.542,90.791,18.822,41.237,21.695,54.758,19.2,50.457,8.233,741.633,91.083,7.583,23.5,6.817
2016-02-07 06:00:00,36.667,0.0,21.504,45.008,20.808,44.286,22.219,44.944,18.927,45.5,19.006,59.703,7.469,90.797,18.843,41.357,21.58,54.369,19.2,50.67,7.583,742.433,87.833,5.75,32.417,5.708
2016-02-07 07:00:00,45.0,0.0,21.368,45.056,20.688,44.24,22.111,45.127,18.89,45.5,19.0,59.52,6.702,90.813,18.834,41.259,21.438,54.032,19.215,50.725,7.0,743.15,89.417,4.833,40.0,5.342
2016-02-07 08:00:00,50.0,1.667,21.28,45.418,20.556,44.054,22.053,45.055,18.868,45.396,18.984,59.167,6.383,90.462,18.799,40.946,21.363,53.795,19.28,50.772,6.917,743.792,87.5,6.417,40.0,4.942
2016-02-07 09:00:00,53.333,1.667,21.29,46.006,20.5,43.651,21.796,44.259,18.79,44.665,19.33,70.855,6.509,88.738,18.723,39.782,21.197,51.666,19.21,49.03,6.883,744.408,84.417,6.583,40.0,4.467
2016-02-07 10:00:00,30.0,1.667,21.312,46.566,20.488,43.677,21.718,43.839,18.79,44.198,19.208,71.906,7.506,85.24,18.702,39.334,21.126,50.574,19.2,47.484,7.25,744.825,82.917,6.417,35.417,4.575
2016-02-07 11:00:00,60.0,1.667,21.21,45.21,20.451,42.865,21.622,43.809,18.79,43.854,19.106,65.134,8.296,74.229,18.7,38.795,21.106,49.738,19.156,46.108,7.6,745.292,77.5,7.833,33.583,3.9
2016-02-07 12:00:00,60.0,0.0,21.183,44.54,20.482,42.39,21.516,43.608,18.79,43.347,19.071,60.014,8.868,65.858,18.768,37.891,20.951,47.368,19.128,45.276,7.933,745.867,73.583,8.583,40.0,3.408
2016-02-07 13:00:00,65.0,0.0,21.178,43.97,20.511,41.871,21.5,43.228,18.846,42.751,19.004,57.313,9.082,62.162,18.946,37.147,21.022,45.44,19.183,45.067,8.4,746.267,70.5,8.0,40.0,3.242
2016-02-07 14:00:00,43.333,3.333,21.194,45.106,20.561,42.2,21.402,43.117,18.862,42.226,19.0,55.868,9.494,59.696,19.026,36.52,20.932,44.316,19.2,44.515,8.275,746.583,68.25,7.583,40.0,2.725
2016-02-07 15:00:00,78.333,3.333,21.232,45.666,20.729,43.219,21.43,43.636,18.902,41.583,19.0,55.375,9.483,58.051,19.332,36.302,21.236,45.548,19.21,44.152,8.308,746.742,67.917,7.833,40.0,2.65
2016-02-07 16:00:00,88.333,3.333,21.312,44.373,20.836,42.271,21.522,43.757,18.988,41.009,19.0,54.701,9.469,55.507,19.584,35.414,21.98,47.647,19.26,44.507,8.433,747.008,65.417,8.583,40.0,2.258
2016-02-07 17:00:00,136.667,13.333,21.24,43.618,20.667,41.196,21.47,43.484,18.868,41.362,18.944,54.017,8.418,58.292,19.414,34.951,22.341,45.902,19.2,43.579,7.95,747.175,66.0,8.0,40.0,1.95
2016-02-07 18:00:00,200.0,10.0,21.357,44.061,20.802,41.649,21.39,43.121,18.745,41.219,18.89,53.934,7.201,62.662,19.242,34.936,22.466,44.592,19.111,42.452,7.558,747.083,66.0,8.0,40.0,1.558
2016-02-07 19:00:00,226.667,3.333,21.927,43.893,21.369,41.504,21.621,43.097,18.683,40.979,18.89,53.994,6.62,63.253,19.125,34.928,22.516,43.471,19.056,41.517,7.333,746.992,66.417,8.0,40.0,1.458
2016-02-07 20:00:00,140.0,21.667,22.287,42.755,21.661,41.119,21.689,43.141,19.328,40.781,18.89,53.752,6.181,66.163,19.032,34.818,22.465,42.492,19.0,41.071,7.142,746.492,67.833,8.417,40.0,1.567
2016-02-07 21:00:00,183.333,21.667,22.39,42.058,21.67,41.087,21.7,43.0,20.237,41.05,18.89,53.224,6.642,67.863,18.983,34.999,22.072,41.356,18.927,40.989,7.367,745.992,69.417,9.833,40.0,2.092
2016-02-07 22:00:00,71.667,23.333,22.28,41.985,21.475,41.051,21.7,43.081,21.064,40.941,19.886,68.209,7.2,67.316,18.926,35.546,21.853,42.088,18.89,40.954,7.767,745.283,69.583,11.833,40.0,2.542
2016-02-07 23:00:00,80.0,21.667,22.156,41.802,21.24,41.444,21.628,43.305,21.271,41.93,20.142,90.617,7.586,66.46,18.948,36.897,21.997,48.177,18.89,41.948,7.708,744.2,73.167,13.0,33.75,3.1
2016-02-08 00:00:00,46.667,5.0,21.975,42.103,21.031,41.604,21.508,43.472,22.565,41.486,19.68,88.797,7.573,70.512,18.938,37.568,22.329,49.561,18.879,42.93,7.592,743.208,77.333,13.0,31.25,3.758
2016-02-08 01:00:00,46.667,0.0,21.773,42.249,20.824,42.216,21.39,43.559,21.473,41.912,19.434,81.796,7.861,73.456,18.923,37.898,22.214,50.109,18.89,44.219,7.875,742.217,78.333,12.583,40.0,4.242
2016-02-08 02:00:00,45.0,0.0,21.622,42.454,20.678,42.598,21.402,43.582,20.857,42.418,19.249,75.019,7.897,78.163,18.918,38.288,22.034,50.699,18.911,45.378,7.867,740.983,83.417,12.0,40.0,5.25
2016-02-08 03:00:00,46.667,0.0,21.427,42.785,20.556,42.875,21.498,43.594,20.445,42.783,19.106,69.873,8.24,83.284,18.922,38.622,21.868,52.176,19.0,46.496,8.1,739.817,87.75,11.583,47.083,6.183
2016-02-08 04:00:00,45.0,0.0,21.25,43.309,20.408,43.214,21.679,43.768,20.156,43.249,19.029,65.946,7.963,93.795,18.925,39.088,21.746,53.156,19.0,47.372,7.85,739.083,92.167,9.75,42.417,6.625
2016-02-08 05:00:00,35.0,0.0,21.156,43.797,20.29,43.49,21.72,43.983,19.951,43.586,19.0,63.91,7.793,95.711,18.91,39.444,21.651,53.362,19.011,48.077,7.667,738.992,91.0,7.583,29.5,6.267
2016-02-08 06:00:00,48.333,0.0,21.056,44.019,20.22,43.694,21.7,44.142,19.823,43.862,18.961,62.661,7.584,95.55,18.894,39.693,21.566,53.424,19.061,48.574,8.483,738.658,85.583,8.25,33.333,6.125
2016-02-08 07:00:00,45.0,3.333,20.95,44.2,20.128,43.9,21.7,44.289,19.672,44.041,18.893,61.847,7.837,95.694,18.89,39.814,21.47,53.024,19.094,48.942,9.008,738.517,79.25,9.583,25.667,5.558
2016-02-08 08:00:00,71.667,8.333,20.92,44.928,20.1,43.831,21.633,44.104,20.607,44.012,19.03,56.547,7.374,94.264,18.819,39.114,21.339,51.34,19.1,48.559,8.642,738.65,77.667,9.833,33.0,4.917
2016-02-08 09:00:00,166.667,23.333,20.92,45.118,20.1,43.507,21.5,43.716,21.374,42.939,19.086,53.588,7.71,91.52,18.778,38.411,21.204,49.311,19.017,46.709,8.658,738.875,74.25,9.75,40.0,4.308
2016-02-08 10:00:00,86.667,8.333,20.89,44.869,20.1,43.196,21.427,43.481,21.239,42.57,18.972,54.843,8.564,82.956,18.732,38.134,21.142,49.069,19.0,45.44,8.35,738.95,77.667,9.25,49.583,4.642
2016-02-08 11:00:00,403.333,6.667,20.823,44.292,20.083,42.694,21.704,44.381,20.988,42.272,18.89,54.63,7.526,83.159,18.791,37.92,21.161,48.725,18.951,44.32,7.708,739.342,80.833,9.75,53.417,4.575
2016-02-08 12:00:00,216.667,1.667,21.021,45.229,20.235,43.032,23.078,44.44,21.0,43.105,18.879,54.532,8.417,75.387,18.981,37.365,21.481,48.523,19.0,43.762,8.133,739.358,76.167,10.5,40.0,4.067
2016-02-08 13:00:00,358.333,11.667,21.122,44.784,20.301,42.793,22.993,42.715,21.006,43.029,18.868,54.315,8.883,68.81,19.1,36.565,21.882,47.398,19.0,43.151,8.592,739.425,69.25,12.75,40.0,3.183
2016-02-08 14:00:00,196.667,21.667,21.235,44.708,20.323,43.007,23.652,43.031,21.192,43.32,18.853,54.097,7.664,75.64,19.261,36.416,21.911,45.26,19.0,42.71,7.808,739.683,70.167,10.583,34.167,2.6
2016-02-08 15:00:00,410.0,23.333,21.296,44.046,20.382,42.309,23.863,42.906,21.408,42.677,18.85,53.71,8.295,67.152,19.49,35.689,22.122,44.605,19.0,42.417,8.058,739.925,68.583,10.417,31.833,2.517
2016-02-08 16:00:00,173.333,18.333,21.462,43.098,20.786,41.55,24.673,43.595,21.5,42.361,18.852,53.121,8.686,63.386,19.584,35.126,22.542,45.02,19.0,42.155,7.958,740.475,70.917,11.417,50.417,2.942
2016-02-08 17:00:00,245.0,1.667,22.0,42.836,21.536,40.637,24.072,42.17,21.36,42.129,18.869,52.805,7.582,69.729,19.466,35.194,22.764,45.085,19.0,41.698,7.942,741.042,72.5,11.583,48.75,3.242
2016-02-08 18:00:00,393.333,16.667,22.964,46.226,22.53,39.874,24.674,43.072,21.177,42.808,18.891,53.063,7.829,64.368,19.337,35.022,22.749,44.757,18.89,41.513,7.917,741.433,69.833,11.417,31.833,2.683
2016-02-08 19:00:00,145.0,6.667,23.674,47.408,23.357,40.494,24.997,43.591,21.314,44.141,19.851,51.844,7.452,66.07,19.287,35.084,22.629,45.0,18.89,41.265,7.758,742.192,70.583,12.0,33.75,2.675
2016-02-08 20:00:00,101.667,21.667,23.801,42.548,23.528,39.933,24.369,43.032,21.358,43.295,20.846,66.142,7.604,64.483,19.209,34.949,22.58,45.105,18.884,41.017,7.742,742.892,69.583,10.75,24.167,2.5
2016-02-08 21:00:00,85.0,25.0,23.755,41.467,23.369,39.952,23.975,42.53,21.617,43.164,21.001,51.768,7.668,63.639,19.184,34.807,22.295,42.465,18.835,40.682,7.717,743.592,69.0,9.417,24.25,2.417
2016-02-08 22:00:00,68.333,18.333,23.548,41.25,23.076,40.262,23.846,43.019,21.617,43.312,21.498,67.647,7.388,65.719,19.173,35.517,22.283,44.4,18.846,41.209,7.35,744.167,71.083,10.417,27.25,2.467
2016-02-08 23:00:00,56.667,18.333,23.234,42.234,22.613,41.183,23.663,42.951,21.725,44.348,21.04,51.536,6.2,74.653,19.163,36.569,22.268,47.013,18.89,42.539,6.75,744.525,76.5,11.0,26.083,2.908
2016-02-09 00:00:00,46.667,0.0,22.886,42.571,22.218,41.24,23.384,42.694,21.518,43.77,20.841,48.829,5.927,75.272,19.138,37.139,22.263,48.63,18.902,43.463,6.317,744.742,79.583,10.583,24.5,2.992
2016-02-09 01:00:00,48.333,0.0,22.611,42.349,21.882,41.157,23.167,42.698,21.142,43.398,20.682,47.721,5.974,75.096,19.1,37.434,22.164,48.955,18.966,44.354,6.242,744.8,79.0,9.167,33.0,2.742
2016-02-09 02:00:00,41.667,0.0,22.37,42.282,21.638,41.102,23.066,42.676,20.877,43.256,20.546,47.182,6.319,74.992,19.1,37.631,21.989,49.063,19.0,45.04,6.3,744.717,81.083,8.417,40.0,3.175
2016-02-09 03:00:00,36.667,0.0,22.094,42.321,21.415,41.139,23.1,42.7,20.666,43.142,20.424,47.006,6.418,76.634,19.1,37.801,21.85,49.264,19.006,45.856,6.3,744.308,82.75,9.0,35.417,3.533
2016-02-09 04:00:00,46.667,0.0,21.87,42.428,21.24,41.272,23.1,42.928,20.498,42.983,20.306,46.851,6.464,74.055,19.054,37.877,21.748,49.524,19.056,46.458,6.258,743.608,80.167,8.583,28.583,3.092
2016-02-09 05:00:00,45.0,0.0,21.708,42.55,21.078,41.399,23.1,42.978,20.373,42.891,20.224,46.635,5.697,74.931,19.007,37.892,21.649,49.768,19.1,46.829,6.117,742.95,79.417,8.0,27.167,2.758
2016-02-09 06:00:00,46.667,0.0,21.571,42.555,20.927,41.503,23.1,43.058,20.24,42.74,20.16,46.528,5.613,77.37,19.0,37.919,21.564,50.004,19.1,47.018,6.167,742.142,80.0,8.0,26.417,2.867
2016-02-09 07:00:00,51.667,10.0,21.427,42.693,20.792,41.67,22.987,42.899,20.199,42.954,20.071,46.595,6.129,77.784,18.97,37.989,21.478,50.213,19.1,47.133,6.4,740.833,81.667,6.75,26.583,3.392
2016-02-09 08:00:00,48.333,0.0,21.39,43.297,20.689,42.045,22.719,42.165,20.166,43.52,20.0,46.789,6.4,81.816,18.918,38.089,21.409,51.439,19.1,46.927,6.233,739.192,87.75,5.0,40.583,4.258
2016-02-09 09:00:00,161.667,0.0,21.39,43.662,20.639,42.374,22.404,41.776,20.067,43.469,20.0,46.798,6.157,87.503,18.85,37.903,21.328,51.166,19.017,45.99,5.792,737.283,93.0,4.583,61.833,4.733
2016-02-09 10:00:00,275.0,1.667,21.29,43.177,20.567,42.02,22.22,41.487,20.017,43.073,19.948,46.278,5.982,88.337,18.788,37.614,21.24,50.097,19.02,45.336,5.292,734.917,94.667,3.167,63.0,4.542
2016-02-09 11:00:00,111.667,1.667,21.29,43.008,20.469,41.94,22.072,41.458,19.891,42.98,19.89,46.4,5.895,90.496,18.744,37.583,21.354,50.145,19.0,45.983,5.0,732.4,97.833,3.25,45.083,4.683
2016-02-09 12:00:00,366.667,0.0,21.435,43.996,20.404,42.279,22.202,42.042,19.79,42.578,19.886,46.973,6.156,93.676,18.703,37.666,21.732,49.146,19.0,45.251,5.0,730.292,98.583,4.583,23.75,4.758
2016-02-09 13:00:00,171.667,0.0,21.825,44.583,20.5,43.247,23.056,42.562,19.74,42.42,19.876,47.756,5.759,93.921,18.707,37.658,22.222,47.417,19.0,44.869,4.833,729.383,98.417,4.0,28.583,4.575
2016-02-09 14:00:00,126.667,0.0,21.868,43.574,20.605,42.956,22.603,41.64,19.678,42.196,19.768,48.887,5.549,93.633,18.7,37.519,22.599,46.934,19.0,44.447,4.475,730.0,97.75,5.667,41.75,4.108
2016-02-09 15:00:00,198.333,0.0,22.119,44.184,21.273,42.074,22.445,41.452,19.611,41.842,19.679,49.165,4.207,92.79,18.694,36.969,22.83,45.884,19.0,44.052,3.842,731.408,95.583,6.75,52.25,3.158
2016-02-09 16:00:00,111.667,0.0,22.385,44.968,21.921,40.973,22.5,42.08,19.506,41.211,19.6,49.225,3.911,92.327,18.668,36.217,22.947,44.954,19.0,43.508,3.575,733.192,93.333,5.417,35.0,2.525
2016-02-09 17:00:00,126.667,10.0,22.318,42.058,21.89,40.351,22.439,41.796,19.457,40.881,19.588,49.078,4.079,92.231,18.877,37.673,23.146,44.392,19.0,43.208,4.183,734.633,91.833,5.167,33.0,2.95
2016-02-09 18:00:00,150.0,18.333,22.39,41.375,21.951,39.966,22.39,41.716,19.39,40.7,19.509,49.071,3.894,92.276,19.789,40.722,23.319,44.679,19.011,43.102,4.133,735.517,93.0,4.0,40.0,3.092
2016-02-09 19:00:00,340.0,11.667,22.668,50.948,22.174,41.249,22.468,43.23,19.312,40.56,19.492,49.809,3.462,92.344,20.236,42.914,23.074,43.566,19.045,42.956,3.733,736.392,93.0,4.417,40.0,2.675
2016-02-09 20:00:00,150.0,13.333,23.0,48.263,22.421,41.845,22.6,44.706,19.368,42.248,19.484,51.032,2.482,92.3,20.58,42.705,23.152,44.167,19.05,42.662,3.375,737.092,93.0,5.417,40.0,2.333
2016-02-09 21:00:00,135.0,8.333,22.976,44.196,22.368,40.897,22.583,43.663,19.29,41.318,19.436,50.846,2.686,92.27,20.357,39.299,23.369,43.111,18.933,41.216,3.408,737.625,92.167,6.833,40.0,2.183
2016-02-09 22:00:00,111.667,3.333,22.834,42.418,22.196,40.536,22.522,43.32,19.215,40.486,19.39,50.386,3.023,92.203,20.29,38.245,23.331,42.86,18.84,40.136,3.575,738.05,89.75,7.167,40.0,2.008
2016-02-09 23:00:00,70.0,0.0,22.622,42.841,21.928,40.54,22.556,43.388,19.15,40.58,19.369,50.504,2.374,92.168,20.172,39.385,23.315,44.659,18.843,41.61,3.233,738.525,88.0,6.0,40.0,1.433
2016-02-10 00:00:00,70.0,1.667,22.37,42.487,21.665,40.539,22.611,43.327,19.1,40.84,19.29,50.713,2.419,92.169,20.036,39.931,23.122,45.994,18.902,43.409,3.125,738.825,88.0,6.833,50.0,1.325
2016-02-10 01:00:00,71.667,0.0,22.127,42.07,21.393,40.478,22.6,43.29,19.044,40.933,19.283,50.826,2.912,92.291,19.958,40.361,22.913,46.657,18.976,44.429,3.258,738.958,88.417,7.583,54.0,1.5
2016-02-10 02:00:00,66.667,0.0,21.879,41.842,21.15,40.492,22.608,43.224,18.963,40.967,19.244,50.852,3.077,92.344,19.89,40.828,22.707,47.823,19.0,45.176,3.283,738.9,89.0,7.833,40.0,1.625
2016-02-10 03:00:00,68.333,0.0,21.665,41.671,20.956,40.279,22.583,43.153,18.89,41.0,19.2,50.846,3.094,92.263,19.89,41.043,22.53,48.643,19.05,45.85,3.067,738.942,90.25,9.417,40.0,1.633
2016-02-10 04:00:00,66.667,0.0,21.439,41.617,20.766,39.988,22.5,43.108,18.829,40.97,19.157,50.94,2.648,92.102,19.862,41.027,22.335,48.596,19.089,46.182,2.558,739.083,92.417,9.167,40.0,1.442
2016-02-10 05:00:00,65.0,0.0,21.246,41.688,20.626,39.982,22.476,43.04,18.775,40.972,19.1,51.029,2.649,92.08,19.828,41.174,22.198,48.648,19.1,46.245,2.5,739.283,93.417,7.583,40.0,1.542
2016-02-10 06:00:00,68.333,0.0,21.072,41.657,20.451,40.0,22.414,43.06,18.7,41.0,19.095,51.186,2.718,92.168,19.79,41.128,22.072,48.52,19.1,46.339,2.5,739.442,94.0,7.0,40.0,1.6
2016-02-10 07:00:00,56.667,0.0,20.994,41.723,20.312,40.251,22.25,41.92,18.612,41.018,19.024,51.317,2.833,92.231,19.79,41.136,22.003,48.874,19.1,46.366,2.667,739.667,94.0,6.583,40.0,1.767
2016-02-10 08:00:00,88.333,11.667,20.927,42.237,20.24,40.906,21.856,40.944,18.677,41.291,19.0,51.406,3.17,92.367,19.736,40.66,21.929,48.55,19.092,45.837,3.233,740.025,94.0,6.0,40.0,2.333
2016-02-10 09:00:00,88.333,5.0,20.89,43.111,20.2,40.375,21.775,41.249,20.284,41.407,19.0,50.653,4.002,92.547,19.57,39.33,21.754,46.661,19.006,43.816,3.95,740.408,93.167,6.0,40.0,2.925
2016-02-10 10:00:00,93.333,1.667,20.857,42.674,20.172,40.243,21.628,40.954,19.97,40.373,19.0,50.063,5.05,92.869,19.505,39.113,21.668,46.348,19.0,42.342,4.717,740.908,91.167,5.583,40.0,3.35
2016-02-10 11:00:00,101.667,3.333,20.79,42.52,20.092,40.328,21.448,40.94,19.659,40.423,18.92,49.735,6.007,93.061,19.582,39.116,21.693,46.342,19.1,43.808,5.383,741.45,89.167,4.583,40.0,3.658
2016-02-10 12:00:00,86.667,1.667,20.704,42.423,19.954,40.219,21.239,41.019,19.481,41.111,18.902,49.637,6.359,93.274,19.464,38.246,21.716,44.725,19.2,44.392,5.208,741.842,90.083,5.25,35.0,3.683
2016-02-10 13:00:00,63.333,0.0,20.6,41.121,19.78,39.572,21.0,39.964,19.318,40.477,18.89,49.05,6.147,93.341,19.326,37.615,21.556,43.338,19.122,43.928,5.008,742.067,93.0,6.583,28.417,3.967
2016-02-10 14:00:00,80.0,1.667,20.567,42.107,19.858,40.251,21.0,40.31,19.24,40.986,18.89,48.55,6.67,93.515,19.459,37.782,21.678,43.812,19.156,43.683,5.55,742.55,90.917,5.583,33.583,4.117
2016-02-10 15:00:00,110.0,1.667,20.6,42.482,19.918,40.63,21.0,40.934,19.22,41.052,18.89,48.643,6.79,93.636,19.801,38.386,22.175,46.408,19.2,43.472,6.067,743.025,85.917,4.583,40.0,3.833
2016-02-10 16:00:00,98.333,0.0,20.6,42.398,20.017,40.544,21.0,41.194,19.151,41.068,18.89,48.96,6.753,93.727,20.014,38.466,22.693,46.166,19.2,43.428,6.05,743.45,86.333,4.417,40.0,3.892
2016-02-10 17:00:00,80.0,0.0,20.5,42.139,20.039,40.345,20.892,41.192,19.072,41.23,18.881,48.977,6.008,93.551,19.994,38.057,22.947,45.736,19.161,43.169,5.45,744.175,91.0,4.583,40.0,4.092
2016-02-10 18:00:00,325.0,20.0,20.522,44.056,20.1,40.811,20.79,41.161,19.006,42.018,18.811,48.897,5.487,93.346,20.014,38.702,23.032,46.188,19.028,42.324,4.892,744.95,92.667,3.583,49.583,3.8
2016-02-10 19:00:00,111.667,15.0,20.85,49.228,20.497,43.377,20.951,42.45,19.11,45.097,19.488,65.928,5.19,93.184,19.975,37.932,22.993,45.603,19.0,41.896,4.767,745.55,93.333,2.583,48.833,3.758
2016-02-10 20:00:00,150.0,10.0,21.111,44.261,20.773,41.898,20.988,42.487,19.178,44.717,21.351,92.985,5.045,93.162,20.0,39.12,22.959,44.198,18.914,41.456,4.917,746.067,92.667,2.0,25.667,3.825
2016-02-10 21:00:00,125.0,6.667,21.346,43.479,21.099,41.348,21.021,42.223,19.2,44.992,21.126,93.136,4.714,93.025,20.113,39.376,23.329,44.266,18.89,41.607,4.8,746.508,95.0,2.417,21.833,4.0
2016-02-10 22:00:00,106.667,23.333,21.39,43.129,21.106,41.512,20.813,42.167,19.496,45.755,20.355,82.836,4.679,93.049,20.32,39.712,23.453,46.074,18.834,41.96,4.675,746.925,94.583,3.0,22.583,3.833
2016-02-10 23:00:00,71.667,21.667,21.27,43.351,20.888,41.638,20.79,42.255,19.856,45.213,19.943,76.339,3.626,91.876,20.322,40.462,23.228,47.98,18.879,42.774,3.958,747.183,95.25,3.0,39.083,3.225
2016-02-11 00:00:00,45.0,11.667,21.111,43.387,20.6,41.316,20.84,42.251,20.067,44.673,19.671,72.169,2.843,91.515,20.204,40.415,23.03,48.149,18.89,43.225,3.492,747.467,97.417,3.0,63.417,3.075
2016-02-11 01:00:00,53.333,0.0,20.91,43.663,20.369,41.24,20.847,42.188,19.807,43.976,19.44,68.886,3.575,92.468,20.104,40.813,22.909,49.229,18.89,43.761,3.942,747.825,97.583,3.0,46.083,3.558
2016-02-11 02:00:00,53.333,0.0,20.745,43.537,20.177,41.272,20.988,42.09,19.486,43.621,19.31,66.684,3.759,92.585,20.1,41.28,22.706,49.613,18.89,44.262,4.0,748.083,97.0,3.0,39.333,3.5
2016-02-11 03:00:00,43.333,0.0,20.589,43.303,20.021,41.327,21.085,42.085,19.291,43.443,19.224,65.211,2.796,91.634,20.1,41.487,22.503,50.695,18.89,44.809,3.375,748.367,97.0,3.0,63.75,2.917
2016-02-11 04:00:00,46.667,0.0,20.433,43.088,19.829,41.192,20.92,41.791,19.144,43.163,19.142,64.139,1.594,90.176,20.092,41.394,22.345,50.797,18.89,45.196,2.25,748.6,97.417,3.0,62.0,1.892
2016-02-11 05:00:00,50.0,0.0,20.25,42.821,19.71,41.04,20.896,41.676,18.99,42.876,19.056,63.212,0.888,89.496,20.007,41.151,22.186,50.905,18.89,45.547,1.817,748.6,98.417,3.0,62.0,1.558
2016-02-11 06:00:00,46.667,0.0,20.111,42.653,19.583,40.833,21.0,41.778,18.873,42.63,18.997,62.374,0.611,89.821,20.0,41.167,22.042,50.261,18.89,45.688,1.7,748.683,99.0,3.417,60.75,1.5
2016-02-11 07:00:00,45.0,3.333,19.988,42.342,19.427,40.718,20.963,41.839,18.79,42.351,18.889,61.687,0.172,89.38,19.981,41.202,21.952,49.956,18.89,45.643,1.533,748.8,98.583,3.583,59.833,1.292
2016-02-11 08:00:00,118.333,0.0,19.89,42.556,19.312,40.794,20.802,41.764,18.75,42.46,18.814,61.044,0.297,90.11,19.896,41.117,21.826,49.508,18.835,45.242,1.8,748.967,97.583,3.0,61.833,1.458
2016-02-11 09:00:00,73.333,1.667,19.927,43.691,19.301,41.328,20.688,41.442,18.7,42.24,18.764,60.586,1.987,91.696,19.89,41.182,21.739,49.058,18.79,44.486,2.917,749.283,96.583,3.417,63.417,2.433
2016-02-11 10:00:00,101.667,1.667,19.902,43.115,19.26,41.279,20.561,41.074,18.7,42.152,18.703,59.367,4.163,92.862,19.868,40.429,21.685,48.517,18.79,43.726,3.708,749.442,95.167,4.0,64.0,2.983
2016-02-11 11:00:00,170.0,1.667,19.89,43.093,19.28,41.17,20.488,41.2,18.7,41.776,18.692,57.308,6.039,93.632,19.936,39.681,21.782,47.468,18.765,42.838,4.667,749.458,91.5,4.0,45.667,3.392
2016-02-11 12:00:00,121.667,1.667,20.006,43.484,19.28,41.253,20.433,41.42,18.715,42.177,18.613,56.097,6.74,93.993,20.0,39.194,22.257,46.115,18.7,42.239,5.35,749.317,88.417,4.417,22.083,3.592
2016-02-11 13:00:00,83.333,11.667,20.373,43.715,19.34,41.889,20.446,41.418,19.064,42.948,18.6,55.194,7.385,94.244,19.918,37.996,22.562,45.149,18.7,41.781,5.042,749.075,86.917,5.0,31.25,3.008
2016-02-11 14:00:00,106.667,16.667,20.736,43.025,19.606,42.44,20.439,41.584,20.762,42.544,18.6,54.22,7.254,94.227,19.82,37.466,22.626,44.692,18.689,41.309,5.35,748.817,85.25,4.583,40.0,3.017
2016-02-11 15:00:00,143.333,13.333,21.083,42.71,20.476,41.81,20.476,41.706,20.294,42.481,18.86,51.288,7.251,94.04,19.72,36.762,22.746,43.297,18.689,42.116,5.575,748.7,86.167,3.167,40.0,3.392
2016-02-11 16:00:00,108.333,8.333,21.307,42.363,20.865,41.174,20.533,41.792,19.997,42.586,19.285,48.572,6.809,93.9,19.604,36.952,23.072,43.253,18.7,42.726,5.275,748.658,87.917,1.583,50.417,3.433
2016-02-11 17:00:00,156.667,1.667,21.776,41.85,21.538,40.315,20.626,41.952,19.793,42.722,19.729,46.912,5.582,92.863,19.525,36.912,23.292,43.05,18.65,42.105,4.433,748.6,93.25,1.417,54.583,3.442
2016-02-11 18:00:00,456.667,15.0,22.109,41.966,21.819,39.944,21.047,42.286,19.794,43.413,20.125,46.02,4.602,92.404,19.583,36.933,23.374,44.499,18.6,41.667,3.708,748.642,95.0,2.417,40.0,3.008
2016-02-11 19:00:00,126.667,11.667,22.931,46.686,22.238,41.607,21.658,45.141,20.06,46.962,20.785,48.361,3.36,90.788,20.47,41.69,23.262,44.285,18.59,41.449,3.458,748.7,95.417,2.167,32.083,2.8
2016-02-11 20:00:00,125.0,20.0,23.122,42.672,22.39,40.994,21.79,43.993,20.271,45.791,20.73,68.575,2.481,90.625,20.475,39.79,23.29,43.629,18.511,41.074,2.617,748.742,96.417,1.417,39.333,2.1
2016-02-11 21:00:00,131.667,21.667,22.94,41.228,22.186,40.287,21.78,42.818,21.676,43.274,20.042,59.68,2.785,91.714,20.182,38.038,23.29,44.269,18.5,40.706,3.0,748.717,96.583,2.0,47.083,2.517
2016-02-11 22:00:00,85.0,11.667,22.671,40.897,21.839,39.852,21.638,42.149,21.462,42.33,19.672,56.686,2.949,92.021,20.182,38.035,23.342,43.572,18.5,40.701,3.2,748.433,96.0,2.417,23.667,2.6
2016-02-11 23:00:00,58.333,0.0,22.388,41.128,21.514,40.118,21.5,42.517,21.018,41.742,19.427,56.342,3.008,92.051,20.187,39.37,23.214,45.495,18.583,42.647,2.708,748.158,95.583,3.0,25.583,2.025
2016-02-12 00:00:00,66.667,0.0,22.094,41.408,21.235,40.54,21.517,42.608,20.57,41.863,19.261,56.389,2.777,91.911,20.101,39.742,23.203,47.863,18.6,43.384,3.0,747.975,95.0,2.583,23.333,2.242
2016-02-12 01:00:00,43.333,0.0,21.824,41.52,20.996,40.555,21.506,42.564,20.267,42.067,19.127,56.176,2.43,91.379,20.1,40.128,23.027,47.863,18.611,44.013,2.792,747.592,94.583,2.0,22.667,2.008
2016-02-12 02:00:00,55.0,0.0,21.6,41.41,20.783,40.525,21.427,42.51,20.039,41.964,19.016,55.891,2.012,91.125,20.1,40.337,22.797,48.614,18.611,44.514,2.458,747.133,93.583,2.417,23.75,1.517
2016-02-12 03:00:00,55.0,0.0,21.357,41.22,20.567,40.5,21.402,42.532,19.853,41.842,18.906,55.678,0.976,89.523,20.083,40.342,22.594,49.715,18.667,44.77,1.858,746.817,93.833,2.583,38.667,0.983
2016-02-12 04:00:00,56.667,0.0,21.176,41.073,20.37,40.41,21.293,42.384,19.71,41.802,18.818,55.396,1.341,90.824,20.005,40.43,22.418,49.652,18.678,44.909,1.558,746.575,95.0,2.417,62.833,0.858
2016-02-12 05:00:00,40.0,0.0,20.974,41.0,20.187,40.304,21.06,41.912,19.578,41.74,18.744,55.123,2.274,91.85,20.0,40.733,22.251,49.268,18.679,45.025,2.408,746.192,95.0,3.0,63.167,1.708
2016-02-12 06:00:00,53.333,0.0,20.782,41.004,20.05,40.245,20.89,41.79,19.482,41.845,18.692,54.843,2.819,92.24,20.0,40.995,22.128,49.198,18.672,45.155,2.617,745.608,95.0,3.417,62.417,1.875
2016-02-12 07:00:00,66.667,3.333,20.612,41.231,19.88,40.231,20.902,41.986,19.39,41.787,18.606,54.556,2.771,92.163,19.991,41.481,21.969,48.792,18.694,45.317,2.458,745.075,94.167,4.417,45.5,1.575
2016-02-12 08:00:00,48.333,1.667,20.589,41.674,19.765,40.196,20.802,41.472,19.29,40.6,18.59,53.864,2.763,92.168,19.661,38.789,21.797,47.224,18.692,44.532,2.525,744.733,92.167,4.583,23.5,1.4
2016-02-12 09:00:00,146.667,0.0,20.463,40.964,19.678,39.769,20.665,40.828,19.15,39.436,18.5,52.731,3.084,92.267,19.438,36.973,21.649,45.67,18.667,43.317,2.825,744.333,88.917,4.0,32.417,1.192
2016-02-12 10:00:00,68.333,0.0,20.362,40.25,19.567,39.364,20.6,40.559,19.067,38.849,18.5,51.93,3.672,92.51,19.297,35.935,21.53,43.452,18.578,41.542,3.375,743.892,83.083,4.833,40.0,0.733
2016-02-12 11:00:00,260.0,1.667,20.29,39.692,19.556,38.763,20.526,40.26,19.044,38.55,18.48,51.178,4.629,92.81,19.208,35.026,21.435,41.831,18.522,40.355,4.275,743.35,77.333,5.583,40.0,0.583
2016-02-12 12:00:00,260.0,0.0,20.358,40.392,19.646,38.524,21.264,41.094,19.144,38.797,18.407,50.57,4.477,90.865,19.352,34.266,21.785,41.795,18.539,39.804,4.592,742.583,74.167,5.417,40.0,0.325
2016-02-12 13:00:00,311.667,0.0,20.633,41.561,19.484,39.42,21.433,40.252,19.225,38.839,18.394,50.282,5.022,89.362,19.612,33.534,22.416,41.279,18.628,39.904,4.925,741.708,70.083,5.583,40.0,-0.2
2016-02-12 14:00:00,345.0,0.0,20.872,40.482,19.499,39.574,22.059,42.008,19.307,38.816,18.39,49.778,5.975,84.097,20.073,32.916,23.152,40.178,18.785,40.738,5.883,741.05,66.0,5.0,40.0,-0.117
2016-02-12 15:00:00,95.0,0.0,21.164,39.994,19.633,39.456,22.374,40.463,19.39,38.596,18.39,49.509,6.038,79.62,20.404,32.233,23.568,39.13,18.835,41.097,5.958,740.617,66.0,5.0,40.0,-0.042
2016-02-12 16:00:00,91.667,0.0,21.415,38.974,19.739,38.35,21.861,39.485,19.39,38.24,18.39,49.016,5.32,81.15,20.642,31.511,24.091,38.58,18.927,41.758,5.525,740.5,67.25,4.583,40.0,-0.183
2016-02-12 17:00:00,170.0,0.0,21.426,40.45,19.544,38.275,21.439,38.555,19.303,37.54,18.386,48.408,4.428,80.883,20.516,31.152,24.116,39.082,18.884,41.19,4.375,740.625,72.75,4.0,40.0,-0.175
2016-02-12 18:00:00,163.333,5.0,21.369,40.371,19.55,39.61,21.205,38.902,19.133,36.943,18.371,48.469,3.324,84.182,20.202,31.188,24.007,40.097,18.785,40.101,3.292,740.967,78.833,3.583,40.0,-0.083
2016-02-12 19:00:00,108.333,16.667,21.822,38.935,20.047,38.674,21.318,38.908,19.09,37.839,18.339,48.28,3.321,86.628,19.952,31.499,23.978,39.745,18.7,39.242,2.792,741.242,81.25,3.0,40.0,-0.158
2016-02-12 20:00:00,101.667,3.333,22.145,38.494,20.514,38.394,21.482,38.834,19.255,38.918,18.377,49.868,3.186,86.094,19.713,31.478,23.8,39.086,18.628,38.523,2.375,741.3,83.0,2.583,40.0,-0.225
2016-02-12 21:00:00,103.333,18.333,22.133,37.726,20.468,38.058,21.451,38.471,19.197,38.492,20.505,81.205,2.989,86.444,19.525,31.123,23.676,39.01,18.578,38.084,2.2,741.3,84.25,1.583,40.0,-0.233
2016-02-12 22:00:00,61.667,23.333,21.939,37.776,20.142,38.307,21.292,38.707,19.604,39.973,21.349,85.851,2.661,86.141,19.508,32.324,23.25,39.346,18.5,38.306,1.783,741.342,88.083,1.417,34.167,-0.083
2016-02-12 23:00:00,56.667,21.667,21.702,38.192,19.804,38.696,21.089,39.177,19.847,40.443,20.631,83.591,1.975,84.487,19.5,33.575,23.132,42.425,18.5,39.117,1.283,741.483,90.167,2.0,26.0,-0.2
2016-02-13 00:00:00,63.333,0.0,21.462,38.335,19.508,38.698,21.0,39.41,19.872,39.807,20.101,78.576,1.558,84.376,19.494,34.009,22.951,43.842,18.5,39.983,1.233,741.558,89.417,1.583,25.167,-0.283
2016-02-13 01:00:00,53.333,0.0,21.26,38.204,19.232,38.732,20.921,39.494,19.522,39.513,19.716,72.765,0.937,84.805,19.407,34.198,22.981,44.376,18.5,40.78,0.708,741.25,90.417,1.417,23.583,-0.65
2016-02-13 02:00:00,40.0,0.0,21.066,38.08,19.008,38.91,20.89,39.614,19.283,39.454,19.428,67.898,0.608,86.27,19.357,34.34,22.759,44.755,18.5,41.396,0.05,740.733,91.417,2.0,22.583,-1.167
2016-02-13 03:00:00,51.667,0.0,20.858,38.07,18.814,38.967,20.815,39.746,19.111,39.263,19.219,64.3,0.167,86.631,19.292,34.4,22.563,45.624,18.522,41.89,0.033,740.333,92.0,2.0,22.417,-1.108
2016-02-13 04:00:00,48.333,0.0,20.688,38.08,18.628,39.112,20.905,39.851,18.933,39.09,19.058,62.184,1.266,88.81,19.232,34.478,22.38,45.773,18.5,42.308,0.833,739.975,89.917,2.417,23.417,-0.7
2016-02-13 05:00:00,51.667,0.0,20.544,38.139,18.439,39.339,21.056,39.996,18.835,39.09,18.927,60.925,1.746,88.014,19.194,34.587,22.232,45.622,18.545,42.718,1.217,739.633,87.417,2.583,23.583,-0.7
2016-02-13 06:00:00,36.667,0.0,20.36,38.226,18.323,39.529,21.05,40.09,18.75,39.09,18.813,59.945,2.006,87.698,19.101,34.59,22.08,45.352,18.564,42.973,1.35,739.108,87.583,2.0,23.417,-0.533
2016-02-13 07:00:00,48.333,0.0,20.198,38.32,18.23,39.703,21.0,40.219,18.656,39.08,18.702,59.268,1.838,86.921,19.069,34.687,21.946,45.263,18.556,43.162,1.242,738.408,89.5,2.0,40.667,-0.342
2016-02-13 08:00:00,60.0,0.0,20.05,38.522,18.106,39.93,20.994,40.399,18.589,39.09,18.616,58.718,1.677,87.819,19.0,34.708,21.796,45.246,18.517,43.371,0.892,737.792,92.167,2.0,45.667,-0.233
2016-02-13 09:00:00,151.667,1.667,20.054,39.69,18.111,40.986,20.797,39.677,18.589,39.578,18.592,55.761,2.531,88.097,18.922,34.532,21.688,45.131,18.539,43.03,1.8,737.042,88.917,2.417,22.083,0.125
2016-02-13 10:00:00,61.667,1.667,20.011,39.03,18.156,40.475,20.611,39.018,18.561,38.697,18.608,50.984,3.514,85.879,18.746,33.402,21.532,43.474,18.451,40.696,2.708,736.108,85.167,3.417,25.417,0.425
2016-02-13 11:00:00,270.0,3.333,19.902,38.384,18.165,39.908,20.664,38.939,18.5,38.597,18.6,48.831,4.163,85.892,18.656,33.44,21.418,43.006,18.301,39.073,2.958,735.325,86.917,4.417,42.25,1.017
2016-02-13 12:00:00,173.333,6.667,20.031,41.9,18.27,41.818,21.495,39.401,18.5,39.276,18.51,51.328,4.608,86.114,18.678,34.074,21.652,43.729,18.29,39.105,2.942,734.425,92.25,5.0,63.75,1.808
2016-02-13 13:00:00,108.333,1.667,20.224,42.201,18.436,42.9,21.34,39.198,18.5,39.327,18.401,52.519,4.611,87.031,18.721,34.61,21.743,42.878,18.215,38.608,3.083,733.483,94.417,4.583,62.833,2.225
2016-02-13 14:00:00,98.333,6.667,20.629,41.113,19.375,41.877,21.177,39.464,19.376,40.073,18.39,52.183,5.042,87.973,18.953,36.141,21.872,42.766,18.2,38.68,3.408,732.525,95.0,4.417,63.583,2.608
2016-02-13 15:00:00,76.667,0.0,20.999,40.634,19.83,41.024,21.1,39.674,21.259,39.954,18.309,51.993,5.366,88.374,19.368,37.101,22.019,42.631,18.2,38.82,3.742,731.792,95.0,5.0,45.5,2.942
2016-02-13 16:00:00,86.667,0.0,21.382,39.763,20.241,39.775,21.1,39.394,20.561,38.73,18.29,51.639,5.164,88.24,19.13,36.302,21.961,41.499,18.2,38.922,3.758,731.333,95.0,5.0,20.583,2.958
2016-02-13 17:00:00,80.0,0.0,21.544,39.351,20.366,39.414,21.166,39.444,19.897,38.363,18.29,51.332,4.643,89.597,18.956,35.478,22.292,41.522,18.111,38.637,3.617,731.017,95.417,5.0,30.0,2.9
2016-02-13 18:00:00,301.667,20.0,21.427,39.149,20.21,39.351,21.1,39.446,19.6,38.986,18.262,51.028,4.314,90.827,18.959,35.56,22.526,41.606,18.044,38.54,3.5,730.942,96.0,5.0,52.75,2.9
2016-02-13 19:00:00,183.333,13.333,21.922,43.36,20.373,41.106,21.382,40.64,19.589,41.617,18.247,51.401,4.19,91.262,19.099,35.692,22.6,42.341,17.988,38.5,3.5,731.083,96.0,4.583,64.583,2.9
2016-02-13 20:00:00,80.0,1.667,22.165,41.308,20.618,41.619,21.482,41.048,19.601,41.888,18.258,51.946,4.081,91.422,18.958,35.106,22.418,41.613,17.896,38.5,3.417,731.325,96.417,4.0,59.833,2.9
2016-02-13 21:00:00,73.333,0.0,22.346,40.34,20.834,41.263,21.5,40.728,19.415,40.109,18.238,51.751,3.962,91.568,18.865,34.893,21.997,40.256,17.851,38.5,3.217,731.625,97.417,3.583,51.5,2.858
2016-02-13 22:00:00,51.667,8.333,22.219,39.952,20.68,40.881,21.427,40.341,19.29,39.897,18.232,51.586,3.773,91.646,18.863,35.232,21.757,40.346,17.843,38.91,3.058,731.967,98.0,2.583,43.417,2.758
2016-02-13 23:00:00,56.667,5.0,21.939,39.932,20.291,40.553,21.39,40.58,19.241,40.855,18.196,51.857,3.657,91.733,19.086,36.76,21.79,43.772,18.0,41.364,2.958,732.492,98.0,2.0,34.5,2.658
2016-02-14 00:00:00,53.333,6.667,21.686,39.899,19.915,40.78,21.39,40.57,19.167,41.07,18.177,52.062,3.433,92.138,19.1,37.454,21.742,44.986,18.0,42.497,2.817,733.025,98.417,2.417,24.75,2.6
2016-02-14 01:00:00,53.333,0.0,21.41,39.827,19.622,40.898,21.479,40.665,19.033,41.151,18.106,52.106,3.304,92.367,19.1,37.982,21.728,46.383,18.058,43.744,2.7,733.242,99.0,2.583,17.25,2.6
2016-02-14 02:00:00,55.0,0.0,21.197,39.82,19.392,41.107,21.464,40.735,18.948,41.2,18.096,52.095,3.2,92.444,19.175,38.411,21.689,47.276,18.1,44.64,2.7,733.467,98.583,2.0,26.917,2.517
2016-02-14 03:00:00,46.667,0.0,21.01,39.939,19.159,41.315,21.397,40.818,18.884,41.24,18.082,52.027,3.215,92.451,19.2,38.862,21.536,47.52,18.144,45.02,2.7,733.908,97.583,2.0,37.583,2.358
2016-02-14 04:00:00,58.333,0.0,20.813,40.055,19.005,41.518,21.39,40.84,18.801,41.21,18.004,51.904,3.172,92.444,19.2,38.975,21.438,47.766,18.194,45.273,2.617,734.283,96.167,2.0,44.917,2.092
2016-02-14 05:00:00,56.667,0.0,20.644,40.171,18.829,41.57,21.39,40.851,18.78,41.156,17.998,51.848,2.954,92.317,19.2,39.048,21.315,47.634,18.2,45.4,2.5,734.525,95.417,2.417,53.083,1.842
2016-02-14 06:00:00,53.333,0.0,20.499,40.24,18.704,41.51,21.439,40.817,18.7,41.07,17.949,51.798,2.807,92.146,19.2,39.122,21.252,47.093,18.2,45.444,2.458,734.825,96.417,2.583,46.083,1.942
2016-02-14 07:00:00,45.0,3.333,20.323,40.28,18.567,41.478,21.374,40.771,18.622,41.01,17.911,51.786,2.59,92.01,19.2,39.242,21.144,46.762,18.2,45.537,2.4,735.167,97.0,1.583,40.333,2.0
2016-02-14 08:00:00,80.0,5.0,20.219,40.742,18.463,41.661,21.127,40.361,18.611,40.481,17.892,51.174,2.791,92.171,19.083,38.377,21.019,45.585,18.2,44.671,2.442,735.567,97.0,1.0,36.75,2.0
2016-02-14 09:00:00,151.667,28.333,20.2,40.737,18.39,41.304,21.011,39.863,20.146,40.464,17.892,50.25,3.11,92.321,18.983,37.666,20.837,44.23,18.189,42.924,2.583,736.008,96.167,1.417,35.417,2.0
2016-02-14 10:00:00,78.333,36.667,20.167,40.61,18.39,41.465,20.897,39.615,20.685,39.586,17.864,49.777,3.508,92.576,18.892,36.839,20.762,43.78,18.128,41.903,2.7,736.55,95.0,2.417,38.5,1.958
2016-02-14 11:00:00,210.0,15.0,20.139,40.734,18.42,41.465,20.687,39.42,20.329,39.109,17.807,49.421,3.557,92.455,19.071,37.039,20.741,43.744,18.066,40.807,2.825,737.15,95.0,2.583,44.917,2.067
2016-02-14 12:00:00,125.0,8.333,20.314,41.473,18.778,41.454,20.556,39.671,19.829,38.575,17.818,49.182,3.597,92.333,19.223,37.928,20.896,42.709,18.011,40.051,3.125,737.625,92.5,2.417,55.667,2.05
2016-02-14 13:00:00,136.667,8.333,20.842,44.963,19.207,42.264,20.571,41.061,19.556,38.186,17.81,49.402,4.054,91.63,19.176,36.78,21.267,42.757,18.0,39.739,3.342,738.133,88.583,3.0,64.583,1.658
2016-02-14 14:00:00,101.667,20.0,21.342,42.526,19.653,41.807,20.793,41.678,19.346,37.851,17.842,49.598,4.196,88.802,19.162,36.234,21.623,43.027,17.896,39.341,3.358,738.808,88.417,3.0,64.0,1.6
2016-02-14 15:00:00,106.667,16.667,21.5,40.859,19.917,40.873,20.857,41.122,19.29,38.54,17.841,49.426,4.065,87.665,19.148,35.848,21.812,43.443,17.829,38.708,3.258,739.433,89.833,3.417,64.0,1.725
2016-02-14 16:00:00,105.0,11.667,21.445,40.531,19.982,40.73,20.886,41.261,19.362,40.563,17.883,49.411,3.582,90.274,19.248,37.116,21.838,42.484,17.79,38.454,2.992,740.275,91.833,4.0,63.583,1.775
2016-02-14 17:00:00,113.333,15.0,21.277,40.424,19.75,40.393,20.823,41.567,19.329,40.685,17.858,49.215,3.317,91.43,19.206,36.432,22.011,43.707,17.74,38.171,2.783,741.133,93.0,4.0,63.0,1.725
2016-02-14 18:00:00,193.333,26.667,21.032,40.624,19.378,40.434,20.699,41.476,19.25,39.875,17.977,57.221,3.009,91.351,19.218,36.036,22.171,43.417,17.7,38.121,2.942,741.975,92.167,3.583,45.917,1.817
2016-02-14 19:00:00,203.333,15.0,20.89,44.209,19.078,42.273,20.643,41.782,19.24,39.697,18.076,65.556,2.959,90.449,19.334,35.11,22.159,42.281,17.617,38.1,2.875,742.917,89.333,4.25,24.917,1.283
2016-02-14 20:00:00,150.0,18.333,20.976,42.518,19.189,42.74,20.55,42.042,19.156,39.398,18.656,68.252,3.102,88.548,19.366,34.358,22.251,41.676,17.561,37.688,2.492,743.917,87.0,6.0,28.583,0.492
2016-02-14 21:00:00,133.333,13.333,21.0,41.174,19.28,42.116,20.409,42.024,19.249,40.422,20.275,87.819,3.024,85.105,19.578,35.319,22.335,41.036,17.511,37.584,2.2,744.833,88.667,5.167,24.667,0.45
2016-02-14 22:00:00,100.0,13.333,20.957,40.597,19.265,41.251,20.362,41.777,19.236,39.435,19.47,83.81,2.881,86.196,19.645,35.913,22.542,40.921,17.517,37.873,2.283,745.592,91.833,4.0,20.417,1.05
2016-02-14 23:00:00,48.333,6.667,20.78,40.968,19.021,41.095,20.26,41.713,19.313,40.478,18.985,75.39,2.676,89.74,19.523,36.622,22.425,42.277,17.632,40.379,2.483,746.375,92.583,4.417,22.25,1.4
2016-02-15 00:00:00,58.333,5.0,20.606,41.182,18.82,41.228,20.22,41.742,19.136,40.5,18.706,69.064,2.782,91.205,19.424,37.256,22.161,43.432,17.7,41.483,2.558,747.275,92.417,5.417,40.667,1.442
2016-02-15 01:00:00,51.667,6.667,20.415,41.114,18.604,41.54,20.323,41.639,18.986,40.422,18.538,65.355,2.656,91.88,19.391,38.179,22.089,44.883,17.7,42.396,2.458,748.133,93.0,6.0,64.0,1.417
2016-02-15 02:00:00,56.667,5.0,20.26,41.163,18.415,41.898,20.23,41.256,18.857,40.375,18.375,63.001,2.505,91.939,19.397,38.462,21.851,45.916,17.708,43.134,2.442,749.058,93.0,6.0,54.0,1.342
2016-02-15 03:00:00,58.333,6.667,20.109,41.165,18.26,41.998,20.215,41.05,18.791,40.374,18.258,61.3,2.483,91.848,19.39,38.827,21.684,46.316,17.785,43.69,2.458,750.075,93.0,6.0,35.417,1.358
2016-02-15 04:00:00,45.0,5.0,19.957,41.157,18.122,41.952,20.245,40.886,18.705,40.345,18.179,60.172,2.297,91.716,19.39,38.833,21.531,46.576,17.79,44.08,2.358,751.1,91.333,6.417,26.5,1.05
2016-02-15 05:00:00,58.333,6.667,19.792,41.063,17.975,41.888,20.238,40.72,18.65,40.26,18.077,59.47,2.284,91.657,19.387,39.001,21.393,46.394,17.81,44.257,2.383,752.258,88.167,6.583,30.083,0.617
2016-02-15 06:00:00,50.0,6.667,19.672,40.992,17.851,41.857,20.324,40.639,18.579,40.225,17.984,58.86,2.307,91.358,19.348,39.111,21.291,46.272,17.79,44.29,2.417,753.358,84.5,6.417,40.0,0.042
2016-02-15 07:00:00,56.667,6.667,19.589,41.098,17.764,42.076,20.251,40.629,18.511,40.22,17.897,58.392,1.874,87.918,19.331,38.969,21.171,45.783,17.879,44.473,1.883,754.5,80.167,6.583,40.0,-1.142
2016-02-15 08:00:00,135.0,6.667,19.463,40.663,17.897,40.976,20.12,40.204,18.392,38.728,17.824,56.908,1.175,82.984,19.066,35.862,20.894,43.032,17.857,43.252,1.383,755.742,79.833,5.167,40.0,-1.733
2016-02-15 09:00:00,66.667,11.667,19.346,39.75,17.812,39.684,20.0,39.319,18.294,37.518,17.772,54.547,1.562,80.963,18.832,33.88,20.671,40.302,17.868,41.334,2.0,756.833,79.333,4.833,40.0,-1.292
2016-02-15 10:00:00,388.333,11.667,19.456,41.449,18.28,38.666,20.038,39.112,18.621,37.334,17.706,53.393,2.718,75.83,18.796,32.706,20.558,38.986,17.89,39.525,3.158,757.758,74.083,6.0,40.0,-1.083
2016-02-15 11:00:00,150.0,11.667,19.658,40.771,18.963,38.159,21.036,39.487,18.979,37.086,17.683,52.504,3.94,65.042,18.97,31.603,20.601,37.955,17.902,39.319,4.3,758.733,67.083,5.583,40.0,-1.325
2016-02-15 12:00:00,185.0,11.667,20.04,39.535,19.157,37.991,20.943,38.066,19.161,36.862,17.611,51.667,4.99,58.356,19.598,30.662,20.93,36.885,17.974,39.108,5.0,759.45,62.583,6.25,40.0,-1.583
2016-02-15 13:00:00,245.0,10.0,20.372,39.435,19.275,38.17,21.65,39.526,19.178,36.708,17.617,50.712,5.973,55.343,19.782,30.067,21.12,36.256,18.025,39.417,5.208,760.05,61.167,7.583,40.0,-1.742
2016-02-15 14:00:00,155.0,0.0,20.656,38.851,19.373,38.056,21.909,38.36,19.156,36.419,17.6,50.208,6.022,54.697,20.178,29.604,21.255,35.811,18.144,41.451,5.542,760.692,60.833,7.0,40.0,-1.55
2016-02-15 15:00:00,55.0,0.0,20.73,37.838,19.357,37.574,21.403,37.168,19.089,35.886,17.6,49.551,5.937,54.849,20.315,29.014,21.372,35.257,18.183,42.201,5.517,761.433,62.0,7.0,40.0,-1.283
2016-02-15 16:00:00,38.333,0.0,20.76,37.296,19.391,37.028,21.067,36.93,19.0,35.206,17.6,48.889,5.5,54.999,20.586,28.574,21.525,34.8,18.194,42.035,5.233,762.275,62.833,6.167,40.0,-1.358
2016-02-15 17:00:00,73.333,10.0,20.708,37.069,19.368,36.579,20.916,36.978,18.92,35.119,17.594,48.396,5.18,56.529,20.728,28.1,21.667,34.599,18.2,41.91,4.417,763.175,67.333,4.583,40.0,-1.175
2016-02-15 18:00:00,233.333,21.667,20.751,37.321,19.397,37.114,20.79,37.004,18.951,36.216,17.511,47.96,3.644,62.489,20.355,28.693,21.853,35.804,18.147,41.789,3.1,764.117,75.333,3.583,40.0,-0.875
2016-02-15 19:00:00,220.0,20.0,21.198,41.973,19.756,38.391,20.824,37.864,19.264,39.535,17.607,52.175,2.489,67.513,19.968,28.945,21.975,36.919,18.122,41.273,1.858,764.992,82.083,3.0,40.0,-0.908
2016-02-15 20:00:00,158.333,25.0,21.486,39.096,20.033,39.348,21.022,38.094,21.361,38.296,18.74,50.716,1.963,70.32,19.67,29.187,22.032,37.708,18.122,39.519,0.85,765.775,86.25,2.583,40.0,-1.242
2016-02-15 21:00:00,165.0,28.333,21.633,38.687,20.1,39.374,20.927,38.292,21.24,36.919,19.174,44.996,0.855,74.327,19.427,29.362,21.954,36.584,18.065,38.765,0.25,766.592,88.833,1.583,40.0,-1.383
2016-02-15 22:00:00,70.0,28.333,21.699,38.438,20.02,38.905,20.914,38.513,20.902,37.408,19.39,43.282,-0.672,77.14,19.29,29.918,21.945,37.313,18.0,38.308,-0.308,767.333,90.417,1.417,40.0,-1.667
2016-02-15 23:00:00,51.667,30.0,21.544,38.929,19.63,39.529,20.97,39.175,20.936,38.307,19.313,43.0,-1.28,79.63,19.26,31.22,21.862,39.49,18.0,38.774,-0.6,768.133,91.417,2.0,35.417,-1.858
2016-02-16 00:00:00,58.333,25.0,21.34,39.075,19.229,40.087,21.0,39.568,22.035,38.005,19.193,42.972,-1.737,81.103,19.178,31.861,21.678,40.476,18.0,39.369,-0.6,768.767,90.333,1.583,27.75,-2.05
2016-02-16 01:00:00,36.667,6.667,21.138,38.95,18.894,39.989,21.022,39.794,21.377,37.839,18.872,44.4,-2.04,81.398,19.094,32.229,21.463,41.85,17.988,39.92,-1.017,769.25,90.917,1.0,24.75,-2.358
2016-02-16 02:00:00,46.667,6.667,20.911,38.483,18.616,39.823,20.988,40.009,20.651,37.911,18.6,46.716,-2.064,82.529,18.994,32.404,21.323,42.776,18.0,40.364,-1.517,769.725,95.417,1.0,21.75,-2.133
2016-02-16 03:00:00,36.667,6.667,20.687,38.193,18.364,39.796,21.0,40.208,20.197,37.899,18.381,47.541,-2.516,81.512,18.914,32.535,21.165,42.664,17.988,40.756,-1.9,769.9,93.5,1.0,38.75,-2.775
2016-02-16 04:00:00,50.0,5.0,20.51,38.08,18.165,39.72,20.899,40.265,19.844,37.804,18.23,47.942,-3.041,81.061,18.837,32.59,21.094,42.475,17.988,41.096,-2.725,769.983,92.083,1.0,58.75,-3.833
2016-02-16 05:00:00,36.667,6.667,20.308,37.983,17.939,39.792,20.89,40.333,19.578,37.608,18.153,48.21,-3.453,81.168,18.74,32.639,20.957,42.32,17.933,41.328,-2.858,770.308,95.417,0.583,48.333,-3.475
2016-02-16 06:00:00,43.333,5.0,20.111,37.882,17.74,39.89,20.807,40.302,19.357,37.59,18.05,48.345,-3.676,81.472,18.667,32.663,20.873,42.184,17.89,41.466,-2.967,770.767,95.167,0.417,46.0,-3.592
2016-02-16 07:00:00,50.0,15.0,19.945,37.827,17.572,40.085,20.729,40.12,19.215,37.509,17.933,48.372,-4.004,81.107,18.606,32.58,20.745,42.117,17.914,41.616,-3.325,771.25,93.167,1.0,39.75,-4.25
2016-02-16 08:00:00,296.667,0.0,19.78,37.785,17.488,39.393,20.428,38.63,19.077,36.131,18.055,44.64,-4.029,81.735,18.393,30.812,20.509,40.197,17.823,40.263,-2.667,771.85,92.0,1.0,43.5,-3.767
2016-02-16 09:00:00,210.0,1.667,19.7,38.019,17.586,39.652,21.407,39.087,18.926,35.286,18.156,42.941,-3.044,83.276,18.28,29.89,20.262,38.632,17.78,38.453,-0.917,772.2,94.5,1.0,61.0,-1.683
2016-02-16 10:00:00,256.667,3.333,19.823,38.996,18.297,39.341,21.732,38.211,19.272,35.696,18.21,42.359,-0.491,86.156,18.29,29.844,20.178,37.915,17.796,37.454,0.65,772.242,94.25,1.417,62.25,-0.233
2016-02-16 11:00:00,126.667,0.0,20.131,39.353,18.997,38.387,22.19,37.486,19.653,35.775,18.315,42.164,1.188,87.031,18.473,29.632,20.205,37.173,17.896,37.579,2.2,772.258,79.833,2.833,54.0,-1.125
2016-02-16 12:00:00,71.667,0.0,20.476,36.708,19.027,36.007,21.504,35.288,19.889,35.68,18.374,40.14,2.329,78.964,19.186,29.082,20.572,36.124,17.988,38.339,3.233,771.992,66.167,4.0,40.0,-2.575
2016-02-16 13:00:00,68.333,0.0,21.053,36.356,19.405,36.604,21.323,35.724,19.982,35.488,18.611,39.858,3.402,64.988,20.068,28.403,21.502,35.008,18.067,40.418,3.992,771.658,62.5,3.583,40.0,-2.692
2016-02-16 14:00:00,50.0,0.0,21.361,36.107,19.578,36.682,21.28,35.962,19.974,35.24,18.773,39.714,4.084,54.491,20.746,27.642,21.87,33.856,18.21,40.183,4.442,771.35,57.333,3.0,40.0,-3.392
2016-02-16 15:00:00,61.667,0.0,21.723,35.32,19.733,36.017,21.23,35.522,20.078,34.829,19.01,38.94,4.459,48.314,21.578,26.529,22.442,32.873,18.29,40.163,4.583,770.917,53.333,2.583,40.0,-4.133
2016-02-16 16:00:00,48.333,1.667,21.79,34.696,19.988,35.284,21.23,35.08,20.044,34.176,19.209,38.343,4.292,44.207,21.994,25.352,22.76,31.963,18.348,40.002,4.45,770.592,52.25,2.417,40.0,-4.558
2016-02-16 17:00:00,53.333,0.0,21.745,34.324,19.836,34.738,21.114,34.846,19.834,33.15,19.172,37.86,3.278,47.197,21.913,24.638,22.732,31.34,18.379,39.783,3.225,770.217,58.583,3.0,40.0,-4.25
2016-02-16 18:00:00,153.333,1.667,21.529,34.362,19.5,34.892,20.874,34.988,19.594,33.034,19.094,37.836,0.526,55.624,21.461,24.786,22.683,32.223,18.307,39.341,1.625,770.142,66.25,2.167,40.0,-4.025
2016-02-16 19:00:00,155.0,21.667,21.696,38.653,19.67,36.203,20.97,36.216,19.396,33.943,19.442,38.498,-1.475,63.172,20.915,25.35,22.65,33.239,18.29,38.669,0.558,770.075,70.917,1.0,35.417,-4.2
2016-02-16 20:00:00,105.0,21.667,21.987,36.034,20.007,36.18,20.882,36.728,19.653,35.586,19.957,37.704,-2.23,68.741,20.406,25.621,22.509,33.613,18.26,38.617,-0.825,769.817,78.75,1.0,26.917,-4.158
2016-02-16 21:00:00,101.667,10.0,22.1,34.712,20.324,35.723,20.879,36.294,20.619,35.076,21.064,80.231,-2.898,71.12,20.037,25.689,22.228,34.265,18.22,38.693,-1.617,769.658,83.583,1.0,24.417,-4.058
2016-02-16 22:00:00,61.667,1.667,22.056,34.296,20.208,35.352,20.832,36.112,20.506,33.142,20.387,74.331,-3.441,73.798,19.75,25.83,22.067,35.398,18.2,37.476,-1.625,769.392,83.833,1.0,23.75,-4.0
2016-02-16 23:00:00,58.333,0.0,21.858,34.628,19.762,35.218,20.517,36.725,20.079,34.321,19.696,62.152,-4.007,75.699,19.656,27.31,21.936,37.525,18.2,38.713,-2.3,768.808,86.25,1.0,39.5,-4.333
2016-02-17 00:00:00,50.0,0.0,21.618,35.212,19.328,35.298,20.397,37.106,19.745,34.92,19.306,56.379,-4.498,76.937,19.544,28.275,21.803,38.924,18.2,39.085,-3.292,768.025,89.667,1.417,63.583,-4.8
2016-02-17 01:00:00,61.667,0.0,21.32,35.314,18.904,35.907,20.395,37.474,19.497,34.978,19.038,54.1,-3.88,80.001,19.439,28.861,21.65,40.335,18.2,39.391,-3.158,767.167,89.5,2.417,45.5,-4.633
2016-02-17 02:00:00,55.0,0.0,21.078,35.282,18.589,36.47,20.578,37.732,19.324,34.978,18.829,52.9,-3.746,79.701,19.275,29.23,21.517,41.991,18.2,39.639,-2.733,766.533,86.833,2.167,20.583,-4.65
2016-02-17 03:00:00,56.667,0.0,20.82,35.156,18.341,36.747,20.556,38.084,19.178,34.933,18.66,52.039,-4.453,79.329,19.189,29.422,21.427,42.309,18.2,39.651,-3.033,766.008,87.167,1.417,20.417,-4.917
2016-02-17 04:00:00,61.667,0.0,20.611,35.332,18.111,36.961,20.6,38.238,19.009,34.933,18.498,51.441,-4.694,79.486,19.078,29.611,21.346,42.029,18.2,39.7,-2.883,765.433,86.0,2.0,20.583,-4.883
2016-02-17 05:00:00,48.333,0.0,20.427,35.433,17.915,37.05,20.617,38.464,18.886,34.86,18.357,50.919,-4.87,79.241,18.963,29.714,21.24,41.539,18.189,39.797,-3.167,765.033,86.833,2.0,20.0,-5.083
2016-02-17 06:00:00,60.0,0.0,20.24,35.411,17.74,37.127,20.553,38.575,18.755,34.79,18.256,50.46,-5.253,78.763,18.846,29.76,21.175,41.127,18.128,39.863,-3.775,764.508,87.583,1.583,38.333,-5.575
2016-02-17 07:00:00,61.667,13.333,20.061,35.267,17.561,36.438,20.45,38.219,18.7,34.268,18.215,47.785,-5.586,79.22,18.664,28.494,20.977,39.787,18.089,39.408,-4.342,763.808,88.667,1.0,63.583,-5.892
2016-02-17 08:00:00,56.667,3.333,19.957,35.13,17.457,36.265,20.178,36.924,19.227,34.197,18.293,44.673,-5.426,80.057,18.462,27.109,20.622,37.455,18.044,37.863,-3.775,763.15,90.167,1.833,63.417,-5.142
2016-02-17 09:00:00,58.333,1.667,19.813,34.378,17.45,35.394,20.177,36.547,19.316,33.139,18.424,48.545,-3.974,82.35,18.411,27.753,20.393,36.202,17.915,35.898,-2.025,762.508,86.5,2.167,64.417,-4.042
2016-02-17 10:00:00,78.333,1.667,19.7,34.02,18.095,34.462,19.922,35.97,19.404,33.051,18.16,45.628,-1.81,83.687,18.368,27.891,20.219,35.702,17.526,34.655,-0.092,761.808,80.083,1.0,46.667,-3.192
2016-02-17 11:00:00,71.667,1.667,19.851,36.598,18.885,35.518,20.048,36.406,19.572,33.476,18.036,45.448,0.023,84.74,18.477,27.071,20.178,34.799,17.765,35.715,1.358,761.067,74.333,1.417,21.833,-2.733
2016-02-17 12:00:00,53.333,1.667,20.133,36.928,19.133,35.397,20.043,37.365,19.73,34.892,17.902,45.501,1.547,82.577,18.859,26.772,20.303,33.958,17.868,36.255,2.25,760.142,71.167,2.0,22.167,-2.458
2016-02-17 13:00:00,75.0,1.667,20.422,35.242,19.225,34.696,20.03,37.866,19.617,34.227,17.843,44.949,2.49,73.2,19.274,26.666,20.816,33.713,17.951,38.012,2.933,759.083,68.75,1.583,22.667,-2.317
2016-02-17 14:00:00,71.667,0.0,20.751,34.571,19.346,34.433,20.121,36.919,19.631,33.62,17.799,44.451,3.129,67.105,19.996,26.532,21.661,34.551,18.083,38.484,3.608,758.167,67.0,1.417,23.333,-2.033
2016-02-17 15:00:00,56.667,0.0,21.033,33.992,19.511,34.152,20.191,35.884,19.622,33.331,17.79,44.143,3.772,64.635,20.556,26.027,22.144,34.051,18.1,38.49,3.525,757.533,69.5,2.0,21.417,-1.633
2016-02-17 16:00:00,78.333,0.0,20.937,33.657,19.321,33.885,20.211,35.463,19.415,33.294,17.728,43.697,4.337,62.378,20.214,25.881,21.975,33.823,18.072,38.565,2.833,757.092,74.667,2.417,21.583,-1.275
2016-02-17 17:00:00,78.333,0.0,20.74,33.661,19.122,33.986,20.118,35.222,19.223,33.956,17.674,43.417,3.529,63.827,19.807,26.434,22.044,34.942,18.0,38.673,2.183,756.633,79.917,2.583,38.917,-0.975
2016-02-17 18:00:00,91.667,0.0,20.72,33.71,19.153,34.149,20.122,35.083,19.05,34.353,17.598,43.118,1.681,67.215,19.444,26.85,22.0,35.316,18.0,38.989,1.1,756.358,86.083,2.0,63.167,-0.967
2016-02-17 19:00:00,100.0,3.333,21.052,33.996,19.653,34.332,20.254,35.025,18.957,34.504,17.566,43.064,0.667,71.284,19.187,27.155,21.982,35.458,18.0,39.07,0.483,756.258,89.833,1.583,61.583,-0.992
2016-02-17 20:00:00,78.333,1.667,21.381,33.774,19.97,34.058,20.131,35.546,18.914,34.727,18.484,58.035,0.639,73.832,18.975,27.382,21.725,34.488,18.017,39.192,0.6,756.033,90.167,1.0,61.417,-0.825
2016-02-17 21:00:00,95.0,1.667,21.362,34.13,19.939,34.756,20.204,35.605,18.868,34.954,19.142,73.936,0.539,75.133,18.813,27.506,21.697,37.365,18.083,39.231,0.475,755.8,89.0,1.417,62.0,-1.125
2016-02-17 22:00:00,53.333,3.333,21.265,34.897,19.81,35.944,20.137,36.13,18.835,35.594,19.0,48.593,-0.742,75.31,18.705,27.88,21.792,38.839,18.0,37.177,-0.283,755.633,90.25,2.0,62.0,-1.675
2016-02-17 23:00:00,51.667,0.0,21.117,35.4,19.426,36.582,19.911,36.617,18.73,36.109,18.956,43.9,-1.74,78.729,18.74,28.92,21.662,39.503,17.963,37.761,-0.725,755.358,91.167,2.417,62.0,-1.95
2016-02-18 00:00:00,48.333,0.0,20.892,35.639,18.997,36.973,19.871,36.951,18.539,35.754,18.822,42.172,-1.919,81.218,18.689,29.481,21.475,40.235,17.951,38.306,-0.325,755.383,90.417,3.0,61.583,-1.683
2016-02-18 01:00:00,51.667,0.0,20.687,35.56,18.676,37.24,19.827,37.139,18.403,35.521,18.691,41.344,-1.793,83.108,18.6,29.728,21.345,41.658,17.927,38.641,-0.333,755.333,89.333,3.833,61.833,-1.883
2016-02-18 02:00:00,55.0,0.0,20.492,35.601,18.399,37.338,19.99,37.386,18.26,35.449,18.582,40.866,-1.666,83.368,18.544,29.891,21.306,42.299,17.89,39.157,-0.392,755.058,86.583,4.583,63.0,-2.333
2016-02-18 03:00:00,40.0,0.0,20.283,35.694,18.148,37.624,20.041,37.572,18.193,35.285,18.46,40.507,-2.129,82.832,18.482,29.957,21.25,41.761,17.902,39.476,-1.133,754.875,87.25,3.583,62.583,-2.967
2016-02-18 04:00:00,56.667,0.0,20.067,35.71,17.94,37.651,19.992,37.692,18.078,35.176,18.365,40.196,-2.12,83.514,18.39,29.921,21.144,41.286,17.89,39.645,-1.225,754.658,86.917,3.417,63.25,-3.158
2016-02-18 05:00:00,46.667,0.0,19.904,35.72,17.75,37.7,20.043,37.835,17.976,35.102,18.29,40.048,-1.17,83.936,18.318,30.028,21.033,40.933,17.89,39.777,-0.783,754.6,84.417,3.583,65.0,-3.142
2016-02-18 06:00:00,51.667,0.0,19.74,35.814,17.622,37.885,19.986,38.004,17.879,35.2,18.206,40.062,-0.367,81.703,18.29,30.158,20.957,40.818,17.879,39.967,-0.608,754.517,85.0,3.0,64.167,-2.867
2016-02-18 07:00:00,56.667,5.0,19.634,36.107,17.5,37.787,19.945,37.991,17.796,35.129,18.046,41.755,0.117,79.352,18.144,29.641,20.804,40.083,17.846,40.017,-0.033,754.525,84.167,3.417,63.833,-2.4
2016-02-18 08:00:00,68.333,8.333,19.567,35.986,17.521,37.08,19.749,37.265,18.014,34.729,17.828,43.805,0.628,76.51,17.976,28.608,20.526,37.727,17.73,38.211,0.325,754.867,82.167,4.0,46.667,-2.4
2016-02-18 09:00:00,155.0,15.0,19.5,35.767,17.615,36.367,19.623,36.691,18.301,34.366,17.724,44.296,1.455,73.493,17.857,28.239,20.34,36.442,17.7,37.369,0.75,755.142,80.167,4.0,21.417,-2.275
2016-02-18 10:00:00,75.0,23.333,19.578,35.377,18.023,36.045,19.626,36.468,18.519,35.397,17.607,43.833,2.717,68.883,17.79,28.089,20.177,36.364,17.785,38.451,1.475,755.325,76.917,4.0,21.583,-2.142
2016-02-18 11:00:00,303.333,21.667,19.824,36.968,18.563,36.061,19.71,36.432,19.653,35.873,17.541,43.88,4.189,61.806,17.78,27.999,20.011,36.153,17.79,37.932,2.292,755.583,72.75,4.0,21.417,-2.117
2016-02-18 12:00:00,123.333,21.667,20.18,38.085,18.846,36.63,19.87,36.969,19.957,36.042,17.5,44.34,5.275,56.181,17.79,27.89,19.846,35.768,17.79,37.307,2.992,755.7,70.167,4.833,23.25,-1.917
2016-02-18 13:00:00,60.0,11.667,20.346,36.53,18.857,36.062,19.934,36.935,19.868,35.676,17.483,44.288,5.834,52.576,17.75,27.796,19.749,35.42,17.74,36.864,3.4,755.7,70.25,5.583,25.0,-1.55
2016-02-18 14:00:00,40.0,0.0,20.463,34.818,18.79,35.24,19.922,36.724,19.45,33.966,17.462,43.841,6.49,49.785,17.72,27.75,19.633,35.058,17.7,36.351,3.525,755.742,72.0,4.583,23.333,-1.075
2016-02-18 15:00:00,41.667,0.0,20.335,33.997,18.638,34.735,19.8,36.427,19.067,33.525,17.39,43.264,6.283,50.37,17.7,27.835,19.525,34.941,17.693,35.958,3.45,755.925,76.167,3.583,21.417,-0.4
2016-02-18 16:00:00,65.0,1.667,20.1,33.808,18.433,34.642,19.779,36.25,18.762,33.563,17.383,42.924,5.421,55.375,17.7,28.089,19.415,35.213,17.614,35.384,3.1,756.142,80.75,2.583,24.917,0.05
2016-02-18 17:00:00,83.333,0.0,19.945,34.329,18.514,34.924,19.72,36.178,18.589,34.196,17.29,42.741,4.449,62.612,17.606,28.673,19.716,36.45,17.569,35.213,2.808,756.283,81.917,2.0,26.083,-0.092
2016-02-18 18:00:00,180.0,0.0,20.021,34.777,18.654,35.365,19.758,35.742,18.459,34.825,17.248,42.758,3.473,67.628,17.539,29.153,20.09,37.11,17.469,35.18,2.317,756.608,86.833,2.417,22.417,0.283
2016-02-18 19:00:00,135.0,3.333,20.363,36.742,18.956,35.741,19.961,36.147,18.39,35.708,17.213,43.165,2.814,73.1,17.5,29.68,20.294,37.238,17.393,35.248,1.992,756.942,90.917,2.583,33.0,0.65
2016-02-18 20:00:00,80.0,16.667,20.611,36.219,19.204,36.241,19.971,36.434,18.787,36.818,17.228,43.721,2.434,76.165,17.476,29.998,20.418,37.085,17.367,35.352,1.533,757.125,95.0,2.0,52.833,0.833
2016-02-18 21:00:00,85.0,3.333,20.976,35.814,19.711,36.174,20.05,36.458,20.115,35.848,17.238,44.003,2.207,78.144,17.39,30.145,20.423,37.056,17.299,35.424,1.217,757.342,95.833,2.0,53.917,0.6
2016-02-18 22:00:00,61.667,8.333,21.335,35.358,20.111,35.693,20.178,36.489,19.6,35.717,17.255,44.215,2.041,78.824,17.39,30.237,20.672,37.758,17.29,35.553,1.017,757.525,97.0,2.0,39.417,0.558
2016-02-18 23:00:00,46.667,0.0,21.329,35.139,20.02,35.508,19.859,36.809,19.251,36.304,17.2,44.396,1.932,79.428,17.457,30.859,20.659,39.097,17.409,37.599,0.65,757.825,97.833,1.583,23.833,0.333
2016-02-19 00:00:00,45.0,1.667,21.165,35.324,19.656,35.944,19.862,37.115,18.916,36.46,17.158,44.871,1.596,79.584,17.5,31.262,20.388,40.14,17.465,38.223,0.217,758.167,99.0,1.0,10.583,0.058
2016-02-19 01:00:00,40.0,1.667,20.957,35.629,19.294,36.293,20.0,37.401,18.676,36.489,17.155,45.145,1.377,80.477,17.5,31.457,20.226,41.884,17.5,38.873,0.183,758.4,99.0,1.0,12.917,0.083
2016-02-19 02:00:00,45.0,0.0,20.74,35.863,18.974,36.505,20.083,37.74,18.498,36.483,17.1,45.351,1.302,81.123,17.5,31.611,20.12,43.431,17.519,39.494,0.383,758.442,99.0,1.417,17.417,0.242
2016-02-19 03:00:00,38.333,1.667,20.521,35.888,18.71,36.678,20.167,37.884,18.351,36.494,17.095,45.506,1.117,82.045,17.5,31.73,20.013,43.828,17.56,39.776,0.542,758.5,99.0,2.0,17.583,0.383
2016-02-19 04:00:00,48.333,1.667,20.325,35.939,18.475,36.994,20.117,37.954,18.21,36.489,17.088,45.643,1.111,83.108,17.472,31.823,19.939,43.94,17.583,40.058,0.767,758.667,99.417,2.417,11.583,0.708
2016-02-19 05:00:00,40.0,0.0,20.133,36.112,18.27,37.297,20.2,38.144,18.133,36.54,17.028,45.7,0.422,82.964,17.402,31.902,19.872,43.839,17.592,40.318,0.625,759.067,99.583,2.583,10.25,0.583
2016-02-19 06:00:00,41.667,0.0,19.956,36.209,18.073,37.478,20.138,38.23,18.0,36.5,17.0,45.769,-0.672,81.627,17.39,31.97,19.744,43.499,17.6,40.485,-0.4,759.467,99.0,2.0,32.333,-0.542
2016-02-19 07:00:00,56.667,8.333,19.798,36.216,17.84,37.234,20.098,38.218,18.104,36.405,17.0,45.344,-1.336,82.513,17.292,31.283,19.652,42.454,17.574,40.386,-1.142,759.825,97.75,2.0,55.167,-1.508
2016-02-19 08:00:00,68.333,1.667,19.7,36.286,17.71,36.996,19.932,37.642,18.27,35.713,16.992,44.386,-1.371,83.785,17.156,30.386,19.424,40.021,17.434,38.6,-0.658,760.125,95.167,2.417,61.833,-1.342
2016-02-19 09:00:00,140.0,0.0,19.633,37.354,17.676,36.912,19.719,36.751,18.122,34.966,17.294,41.466,-0.653,85.394,17.1,30.282,19.252,38.864,17.39,37.091,0.975,760.467,91.5,2.583,45.5,-0.242
2016-02-19 10:00:00,320.0,3.333,19.6,36.908,18.359,36.382,19.76,37.071,18.359,35.015,17.5,40.039,1.174,86.683,17.178,30.316,19.165,38.269,17.43,36.301,2.742,760.825,87.583,2.417,21.833,0.858
2016-02-19 11:00:00,311.667,3.333,19.617,37.196,18.656,36.408,20.87,37.831,18.427,35.129,17.513,41.186,2.947,87.894,17.271,30.819,19.137,38.183,17.564,38.024,4.083,761.083,86.167,3.417,25.5,1.917
2016-02-19 12:00:00,445.0,0.0,20.079,41.285,18.906,38.999,21.807,38.705,18.643,35.74,17.363,44.382,4.294,88.608,17.892,31.298,19.476,39.065,17.695,40.926,5.442,761.117,82.5,4.0,29.0,2.625
2016-02-19 13:00:00,130.0,0.0,20.408,39.332,19.094,38.644,22.788,40.698,18.739,35.992,17.29,45.528,6.001,83.807,18.336,31.402,19.818,38.36,17.693,41.45,6.575,760.833,75.25,4.0,33.583,2.425
2016-02-19 14:00:00,140.0,0.0,20.578,38.203,19.116,37.664,21.883,36.969,18.77,35.902,17.29,45.013,7.696,69.042,18.904,31.078,20.08,37.823,17.805,41.382,6.975,760.475,68.333,4.417,40.0,1.442
2016-02-19 15:00:00,250.0,0.0,20.86,38.618,19.445,38.006,21.764,37.759,18.868,35.813,17.29,45.152,8.239,60.582,19.618,30.252,20.612,37.142,17.897,41.469,7.092,760.3,66.417,5.0,35.417,1.133
2016-02-19 16:00:00,111.667,0.0,21.0,39.039,19.589,38.261,22.535,38.357,18.826,35.304,17.29,45.82,7.964,58.84,19.76,29.672,20.758,36.522,17.934,41.4,7.083,760.175,67.833,5.0,33.583,1.433
2016-02-19 17:00:00,203.333,0.0,20.957,37.856,19.417,37.918,22.094,36.998,18.688,35.309,17.29,45.736,7.133,60.758,19.481,29.513,20.596,36.406,17.9,41.244,6.083,759.917,71.917,4.583,40.0,1.367
2016-02-19 18:00:00,166.667,8.333,20.818,38.117,19.154,38.596,22.597,37.057,18.533,35.642,17.29,45.751,5.029,65.911,19.148,29.755,20.706,37.816,17.87,41.201,4.917,759.842,78.5,3.583,40.0,1.475
2016-02-19 19:00:00,45.0,0.0,20.718,37.841,18.922,38.535,22.108,36.391,18.964,36.4,17.28,45.712,3.446,72.263,18.853,29.97,20.634,37.721,17.79,41.252,4.058,759.733,82.0,3.417,40.0,1.217
2016-02-19 20:00:00,45.0,0.0,20.491,37.0,18.638,37.963,21.716,36.16,18.735,36.215,17.212,44.993,3.044,76.04,18.572,30.154,20.273,37.258,17.79,40.424,4.25,759.333,79.5,4.833,40.0,0.892
2016-02-19 21:00:00,35.0,0.0,20.261,36.483,18.37,37.623,21.403,36.041,18.51,36.2,17.193,44.3,3.484,75.363,18.324,30.167,20.009,37.422,17.725,38.784,4.558,758.975,76.417,6.0,40.0,0.683
2016-02-19 22:00:00,46.667,0.0,20.043,36.159,18.176,37.433,21.12,36.123,18.328,36.314,17.2,43.731,4.23,72.319,18.188,30.26,19.792,37.314,17.661,37.862,4.875,758.467,75.333,6.417,40.0,0.8
2016-02-19 23:00:00,45.0,1.667,19.858,36.061,18.011,37.363,20.953,35.969,18.22,36.51,17.168,43.318,4.979,69.818,18.042,30.415,19.611,37.28,17.589,37.313,5.692,757.75,72.583,7.833,40.0,1.008
2016-02-20 00:00:00,38.333,0.0,19.698,36.557,17.902,37.796,20.847,36.121,18.133,36.696,17.114,43.41,5.559,69.696,18.0,31.052,19.619,38.648,17.589,37.841,6.183,757.108,72.833,9.0,40.0,1.592
2016-02-20 01:00:00,46.667,0.0,19.606,36.924,17.801,38.281,20.876,36.792,17.994,36.858,17.1,43.943,5.742,74.026,18.0,31.646,19.528,40.323,17.6,38.674,5.967,756.325,79.417,9.833,32.5,2.583
2016-02-20 02:00:00,41.667,0.0,19.491,37.276,17.735,38.796,20.8,37.152,17.89,37.256,17.092,44.349,5.292,84.238,17.979,32.188,19.5,43.218,17.6,39.752,5.333,755.633,89.917,10.167,31.583,3.733
2016-02-20 03:00:00,43.333,0.0,19.379,37.576,17.661,39.206,20.557,37.254,17.829,37.601,17.051,44.609,5.25,88.249,17.89,32.718,19.561,44.653,17.6,40.651,5.267,755.108,93.583,9.417,53.333,4.325
2016-02-20 04:00:00,46.667,0.0,19.28,37.92,17.583,39.573,20.5,37.457,17.772,37.931,17.014,44.837,5.6,89.948,17.879,33.163,19.5,45.241,17.639,41.486,5.625,754.492,94.25,9.583,63.333,4.792
2016-02-20 05:00:00,36.667,0.0,19.189,38.206,17.5,40.061,20.6,37.602,17.7,38.309,17.0,45.098,6.042,91.07,17.812,33.581,19.511,45.74,17.671,42.144,6.133,754.117,94.75,9.417,52.25,5.325
2016-02-20 06:00:00,48.333,1.667,19.128,38.604,17.5,40.497,20.6,37.856,17.667,38.641,17.0,45.388,6.546,91.394,17.79,33.998,19.45,45.993,17.667,42.642,6.725,753.875,93.833,9.167,45.0,5.792
2016-02-20 07:00:00,46.667,0.0,19.05,38.936,17.39,40.831,20.6,38.12,17.6,38.967,17.0,45.699,7.03,91.851,17.725,34.406,19.39,46.569,17.644,42.841,7.046,753.825,95.417,7.583,54.5,6.408
2016-02-20 08:00:00,38.333,0.0,18.97,39.313,17.39,41.297,20.663,38.327,17.567,39.358,16.965,45.917,7.463,92.618,17.7,34.866,19.362,47.223,17.631,43.12,7.396,754.125,96.417,6.583,60.5,6.908
2016-02-20 09:00:00,48.333,3.333,19.125,40.897,17.591,42.602,20.403,38.308,17.506,40.033,16.976,46.226,8.042,93.032,17.633,36.536,19.312,48.056,17.639,43.257,7.892,754.3,97.0,6.0,60.667,7.492
2016-02-20 10:00:00,273.333,1.667,19.752,41.639,18.452,42.98,20.54,38.796,17.511,41.11,18.017,72.48,8.818,93.359,17.6,37.862,19.358,49.075,17.689,43.7,8.633,754.425,94.917,6.0,49.333,7.858
2016-02-20 11:00:00,206.667,0.0,20.74,41.241,19.675,41.912,20.791,39.124,17.719,43.108,17.724,64.977,9.532,93.309,17.636,38.622,19.919,48.461,17.7,44.059,9.142,754.767,91.167,6.0,35.417,7.758
2016-02-20 12:00:00,120.0,0.0,21.182,40.526,20.239,40.808,20.859,39.324,17.915,44.375,17.6,56.661,9.667,92.656,17.7,39.102,20.428,47.783,17.689,44.08,9.2,755.042,92.083,5.583,29.0,7.992
2016-02-20 13:00:00,350.0,0.0,21.557,42.479,20.639,40.595,21.716,42.314,18.3,45.714,17.6,54.221,10.146,92.007,17.7,39.712,20.652,47.974,17.7,44.176,9.575,754.975,91.25,5.417,33.583,8.15
2016-02-20 14:00:00,138.333,0.0,22.003,41.803,21.072,40.433,23.022,43.12,18.225,44.812,17.6,53.363,10.659,84.606,17.715,39.786,20.905,48.451,17.715,44.294,10.058,754.8,86.0,6.417,35.417,7.8
2016-02-20 15:00:00,65.0,1.667,22.184,40.562,21.205,40.037,22.45,40.3,18.117,44.223,17.607,52.825,10.308,85.74,17.782,39.962,21.072,47.407,17.725,44.29,9.833,754.592,87.667,7.0,25.25,7.925
2016-02-20 16:00:00,85.0,1.667,22.34,40.183,21.444,40.048,22.117,40.064,18.175,45.361,17.664,52.47,9.855,89.695,17.79,40.44,21.118,47.532,17.785,44.29,9.6,754.175,90.833,7.417,28.333,8.183
2016-02-20 17:00:00,95.0,1.667,22.698,39.887,21.862,39.638,22.053,40.152,18.462,46.81,17.707,52.228,9.645,91.996,17.801,41.083,21.348,50.019,17.79,44.172,9.6,753.875,92.833,8.417,48.75,8.467
2016-02-20 18:00:00,211.667,0.0,22.87,43.475,21.89,39.941,22.172,40.633,18.633,47.332,17.744,52.233,9.635,93.164,17.87,41.759,21.589,51.014,17.79,44.09,9.6,753.742,94.833,9.0,62.25,8.825
2016-02-20 19:00:00,145.0,3.333,23.0,46.716,21.939,41.541,22.38,42.635,18.792,49.152,17.79,53.075,9.787,93.422,17.89,42.356,21.78,49.931,17.79,44.151,9.933,753.8,94.333,9.833,59.833,9.083
2016-02-20 20:00:00,98.333,11.667,22.882,43.388,21.75,42.198,22.309,42.592,19.065,49.038,18.41,61.119,10.096,93.378,17.933,42.897,21.857,49.116,17.856,44.386,10.567,753.842,92.0,10.167,57.333,9.367
2016-02-20 21:00:00,95.0,23.333,22.627,43.229,21.387,43.607,22.279,42.475,21.09,47.212,19.194,53.39,10.36,93.251,18.0,43.468,21.697,48.117,17.89,44.535,10.8,753.942,92.0,9.0,52.833,9.6
2016-02-20 22:00:00,56.667,21.667,22.354,43.188,21.047,43.503,22.092,42.257,21.099,46.433,18.994,52.492,10.56,93.139,18.033,43.317,21.589,48.882,17.89,44.702,10.925,754.25,91.583,9.0,35.0,9.642
2016-02-20 23:00:00,43.333,16.667,22.054,43.082,20.713,43.363,21.935,42.03,22.81,45.29,18.606,54.554,10.63,93.078,18.089,42.574,21.618,51.658,17.89,44.705,11.017,754.642,90.167,9.833,26.75,9.45
2016-02-21 00:00:00,51.667,0.0,21.782,43.432,20.453,43.534,21.79,41.993,22.986,43.239,18.401,54.783,10.386,92.943,18.1,42.104,21.488,52.384,17.982,44.936,10.692,754.867,90.25,10.583,41.25,9.1
2016-02-21 01:00:00,48.333,0.0,21.572,43.29,20.261,43.639,21.888,42.028,21.809,43.349,18.305,54.713,10.242,92.814,18.122,41.806,21.391,52.72,18.0,45.33,10.4,755.35,92.0,9.583,63.167,9.142
2016-02-21 02:00:00,36.667,0.0,21.42,43.225,20.089,43.76,21.89,42.024,21.067,43.782,18.2,54.486,10.217,92.668,18.161,41.7,21.165,53.267,18.011,45.57,10.275,755.742,93.25,8.583,61.583,9.242
2016-02-21 03:00:00,46.667,0.0,21.29,43.28,19.936,43.932,21.89,42.048,20.588,44.1,18.172,54.375,10.18,92.646,18.189,41.663,21.061,54.922,18.047,45.72,10.1,755.925,95.0,8.417,51.417,9.342
2016-02-21 04:00:00,50.0,0.0,21.15,43.315,19.78,44.09,21.89,42.132,20.266,44.352,18.134,54.271,10.16,92.561,18.2,41.639,20.982,55.146,18.1,45.97,10.1,756.142,95.0,8.583,45.5,9.4
2016-02-21 05:00:00,46.667,0.0,21.033,43.422,19.672,44.315,21.901,42.125,20.002,44.524,18.1,54.151,10.175,92.505,18.178,41.7,20.89,55.331,18.128,46.223,10.1,756.283,94.583,8.0,41.0,9.317
2016-02-21 06:00:00,35.0,0.0,20.939,43.52,19.571,44.482,21.865,42.18,19.834,44.602,18.07,54.007,10.292,92.17,18.183,41.639,20.794,54.756,18.189,46.482,10.267,756.317,92.333,8.0,28.333,9.075
2016-02-21 07:00:00,48.333,0.0,20.812,43.56,19.5,44.617,21.818,42.192,19.678,44.639,18.031,53.806,10.439,91.058,18.161,41.535,20.76,54.277,18.2,46.686,10.583,756.2,89.167,8.417,40.0,8.817
2016-02-21 08:00:00,45.0,1.667,20.726,43.649,19.402,44.651,21.84,42.213,19.567,44.693,18.015,53.584,10.64,89.662,18.2,41.511,20.7,53.95,18.24,47.004,10.658,756.325,88.417,9.0,40.0,8.742
2016-02-21 09:00:00,46.667,8.333,20.7,44.548,19.39,45.218,21.609,41.979,19.439,45.07,18.04,53.15,10.598,90.02,18.106,42.401,20.583,53.13,18.29,47.2,10.6,756.583,89.417,8.583,35.417,8.883
2016-02-21 10:00:00,95.0,26.667,20.7,44.755,19.445,45.602,21.39,41.989,20.288,45.573,18.022,52.918,10.991,89.365,18.1,43.129,20.5,52.768,18.304,47.416,10.808,756.617,89.167,8.417,33.583,9.083
2016-02-21 11:00:00,75.0,23.333,20.71,44.868,19.696,45.638,21.414,42.021,20.656,45.71,18.589,59.764,11.412,87.715,18.1,43.562,20.572,53.007,18.312,47.511,11.017,756.542,89.667,8.583,50.0,9.367
2016-02-21 12:00:00,83.333,20.0,20.858,45.377,20.123,45.709,21.556,42.264,22.098,44.852,19.529,88.957,11.557,87.88,18.166,43.984,20.781,52.169,18.321,47.363,11.067,756.475,90.75,8.417,54.0,9.558
2016-02-21 13:00:00,81.667,11.667,21.078,45.499,20.451,45.17,21.544,42.509,21.718,44.817,18.926,80.858,11.951,86.334,18.17,44.348,21.153,51.95,18.346,47.129,11.425,756.217,88.583,9.417,40.0,9.542
2016-02-21 14:00:00,108.333,16.667,21.247,45.459,20.664,44.876,21.466,42.795,21.703,44.907,18.704,70.06,12.047,85.019,18.2,44.573,21.497,51.774,18.379,47.02,11.475,755.975,88.833,10.0,34.583,9.642
2016-02-21 15:00:00,103.333,21.667,21.457,45.421,20.868,44.706,21.584,43.033,21.718,45.122,18.684,62.888,12.187,83.968,18.2,44.682,21.797,50.82,18.39,46.906,11.633,755.592,87.5,9.583,32.417,9.617
2016-02-21 16:00:00,85.0,21.667,21.511,46.874,20.738,44.738,21.583,43.188,21.606,45.263,18.626,59.797,12.535,80.5,18.23,44.659,22.22,50.186,18.39,46.802,12.1,755.175,84.0,9.833,40.0,9.458
2016-02-21 17:00:00,131.667,21.667,21.519,47.504,20.644,45.077,21.511,43.457,21.993,45.328,18.588,58.736,12.274,80.159,18.29,44.863,22.15,49.19,18.39,46.802,11.975,754.917,84.0,11.0,40.0,9.317
2016-02-21 18:00:00,226.667,18.333,21.676,47.328,20.789,45.348,21.611,43.959,22.231,44.601,18.595,58.111,11.817,80.868,18.29,44.78,22.275,49.682,18.39,46.755,11.592,754.8,84.833,10.583,40.0,9.158
2016-02-21 19:00:00,266.667,11.667,22.11,48.666,21.134,46.341,21.868,45.874,21.904,45.03,18.6,58.326,11.417,83.714,18.29,44.753,22.539,49.505,18.379,46.739,11.133,754.758,88.083,9.583,34.167,9.267
2016-02-21 20:00:00,155.0,23.333,22.358,46.04,21.497,45.33,21.957,45.022,21.78,45.57,18.659,57.982,10.91,87.971,18.362,45.018,22.717,49.175,18.39,46.887,10.775,754.7,91.833,8.583,41.833,9.5
2016-02-21 21:00:00,143.333,23.333,22.482,45.201,21.6,44.661,21.945,44.637,21.807,45.669,18.7,57.102,10.595,89.641,18.39,45.09,22.314,48.987,18.39,46.9,10.475,754.658,93.417,8.0,49.417,9.458
2016-02-21 22:00:00,61.667,23.333,22.379,45.004,21.35,44.52,21.892,44.363,22.093,45.759,18.697,56.764,10.514,89.49,18.402,44.764,22.183,50.283,18.39,46.878,10.508,754.475,90.25,8.417,33.583,8.942
2016-02-21 23:00:00,55.0,23.333,22.272,44.832,21.003,44.53,21.862,44.213,22.403,45.454,18.616,56.957,10.593,83.243,18.5,43.928,22.072,51.492,18.439,46.799,10.633,754.092,84.167,9.0,40.0,8.008
2016-02-22 00:00:00,55.0,21.667,22.061,44.477,20.745,44.363,21.902,44.03,22.312,45.278,18.6,56.847,10.216,79.848,18.5,43.242,22.004,52.302,18.482,46.775,10.15,753.55,84.25,8.167,40.0,7.558
2016-02-22 01:00:00,58.333,8.333,21.858,44.302,20.532,44.345,22.011,44.01,22.218,44.887,18.593,56.646,10.12,80.127,18.5,42.677,21.902,53.091,18.5,46.838,9.8,753.033,86.0,7.417,40.0,7.542
2016-02-22 02:00:00,55.0,1.667,21.709,44.188,20.323,44.456,22.09,44.018,21.818,44.228,18.57,56.509,9.962,80.238,18.5,42.386,21.857,54.121,18.5,46.967,9.925,752.8,84.333,8.417,40.0,7.433
2016-02-22 03:00:00,55.0,0.0,21.583,44.03,20.187,44.562,22.1,43.989,21.473,44.127,18.54,56.322,10.0,78.425,18.5,42.101,21.79,53.954,18.556,47.05,10.058,752.758,82.0,9.0,40.0,7.158
2016-02-22 04:00:00,46.667,0.0,21.445,43.92,20.022,44.614,22.039,43.862,21.224,44.114,18.5,56.14,10.138,76.11,18.5,41.862,21.77,53.796,18.6,47.161,10.042,752.617,82.0,9.417,40.0,7.1
2016-02-22 05:00:00,51.667,0.0,21.34,43.79,19.897,44.614,22.0,43.802,21.039,44.045,18.5,55.898,10.141,75.301,18.5,41.617,21.718,52.987,18.612,47.352,10.017,752.5,82.0,10.0,40.0,7.058
2016-02-22 06:00:00,55.0,0.0,21.245,43.745,19.79,44.596,22.0,43.74,20.88,44.03,18.5,55.683,10.155,74.809,18.5,41.456,21.7,52.483,18.643,47.604,9.942,752.333,82.0,9.583,40.0,7.0
2016-02-22 07:00:00,56.667,5.0,21.168,44.695,19.715,44.969,21.903,43.463,20.73,43.91,18.451,55.496,10.044,75.475,18.5,41.316,21.6,51.684,18.688,47.808,9.667,751.975,85.75,8.583,50.0,7.333
2016-02-22 08:00:00,75.0,3.333,21.156,44.717,19.7,45.006,21.771,43.125,20.622,43.532,18.46,54.878,9.8,77.757,18.445,41.356,21.362,49.849,18.678,47.496,9.033,751.8,91.417,7.583,64.0,7.717
2016-02-22 09:00:00,133.333,1.667,21.067,44.387,19.667,44.896,21.659,42.721,20.5,43.466,18.451,54.247,9.526,82.091,18.414,41.478,21.155,49.02,18.79,47.796,8.883,751.758,93.25,7.417,51.917,7.85
2016-02-22 10:00:00,56.667,5.0,21.0,44.601,19.633,45.107,21.5,42.5,20.391,43.741,18.439,53.792,9.613,87.053,18.39,42.006,20.999,48.562,18.79,47.306,9.208,751.742,94.167,8.0,46.667,8.283
2016-02-22 11:00:00,271.667,1.667,20.951,44.864,19.732,45.263,21.675,43.053,20.329,43.997,18.445,53.489,10.459,85.578,18.402,42.338,20.846,48.322,18.784,46.874,9.75,751.758,91.333,8.0,53.417,8.4
2016-02-22 12:00:00,180.0,0.0,21.05,46.693,19.79,46.598,22.651,43.34,20.29,44.192,18.451,53.738,10.898,83.176,18.5,42.693,20.735,48.2,18.71,46.752,10.308,751.658,89.0,7.583,35.417,8.567
2016-02-22 13:00:00,93.333,0.0,21.111,46.899,19.873,46.945,22.371,42.671,20.29,44.543,18.484,54.05,11.11,84.29,18.5,43.152,20.65,48.213,18.692,46.738,10.517,751.35,91.5,6.583,38.583,9.133
2016-02-22 14:00:00,46.667,0.0,21.144,46.687,19.89,46.807,22.02,42.794,20.2,44.94,18.493,53.863,10.739,88.8,18.5,43.79,20.539,48.463,18.7,47.008,10.233,750.917,95.833,6.0,48.25,9.558
2016-02-22 15:00:00,58.333,0.0,21.1,46.159,19.868,46.594,21.82,42.836,20.2,45.386,18.5,53.545,10.69,90.342,18.5,44.33,20.479,48.801,18.763,47.384,8.958,750.842,97.417,5.583,42.583,8.542
2016-02-22 16:00:00,46.667,0.0,21.034,46.036,19.813,46.451,21.694,42.932,20.156,45.518,18.5,53.368,9.53,90.596,18.5,44.316,20.368,48.842,18.711,47.239,6.917,751.108,97.583,5.417,49.917,6.575
2016-02-22 17:00:00,120.0,1.667,20.945,45.282,19.656,45.641,21.532,42.558,20.05,44.374,18.483,52.81,6.974,89.174,18.5,42.732,20.312,47.997,18.683,46.512,5.892,751.608,97.833,4.75,55.583,5.575
2016-02-22 18:00:00,230.0,23.333,21.003,44.833,19.605,45.386,21.457,42.415,20.017,43.451,18.449,52.155,6.098,88.238,18.886,43.383,20.668,47.959,18.612,45.52,5.558,752.233,98.583,3.0,36.333,5.317
2016-02-22 19:00:00,121.667,20.0,21.588,45.4,20.075,45.464,21.695,42.675,20.156,43.253,18.582,55.849,6.065,87.888,19.176,42.839,21.088,47.286,18.593,45.069,5.5,752.742,96.75,2.583,21.667,5.033
2016-02-22 20:00:00,151.667,26.667,21.667,44.199,20.25,44.745,21.76,42.703,21.32,43.086,19.082,75.72,5.866,87.809,19.669,42.935,21.668,46.969,18.588,44.814,5.417,752.967,95.833,1.583,41.083,4.842
2016-02-22 21:00:00,98.333,23.333,21.77,43.506,20.503,44.226,21.622,42.396,21.414,42.816,20.392,78.664,5.69,88.009,19.496,41.216,21.982,46.597,18.521,44.282,5.217,753.325,97.0,1.0,46.25,4.775
2016-02-22 22:00:00,61.667,21.667,21.79,43.107,20.567,43.787,21.55,42.241,21.427,42.741,19.8,59.41,5.626,88.009,19.318,41.966,21.863,47.686,18.5,44.041,5.1,753.542,97.0,1.0,20.0,4.6
2016-02-22 23:00:00,63.333,21.667,21.701,43.402,20.358,44.106,21.5,42.382,21.544,43.503,19.573,55.302,5.423,87.866,19.29,42.77,21.78,49.04,18.5,44.545,4.808,753.725,95.333,1.833,38.75,4.058
2016-02-23 00:00:00,68.333,21.667,21.508,43.548,20.058,44.058,21.385,42.235,21.686,43.526,19.434,53.314,4.46,87.182,19.29,43.093,21.75,48.776,18.513,44.97,4.233,753.817,92.167,2.167,54.583,3.008
2016-02-23 01:00:00,61.667,11.667,21.335,43.705,19.783,44.043,21.499,42.332,21.82,42.81,19.32,52.18,4.383,87.494,19.29,43.163,21.574,48.629,18.545,45.275,3.958,753.7,93.083,1.417,33.333,2.892
2016-02-23 02:00:00,48.333,0.0,21.15,43.525,19.56,44.323,21.729,42.489,21.4,41.696,19.204,51.359,4.204,87.58,19.29,43.27,21.476,49.736,18.546,45.528,3.858,753.783,96.0,1.583,24.833,3.258
2016-02-23 03:00:00,55.0,0.0,21.011,43.411,19.329,44.482,21.7,42.584,20.997,41.374,19.132,50.894,4.181,87.714,19.29,43.603,21.433,50.316,18.562,45.912,3.758,753.817,95.583,1.417,26.417,3.075
2016-02-23 04:00:00,58.333,0.0,20.857,43.272,19.178,44.594,21.77,42.671,20.733,41.436,19.071,50.512,4.192,87.772,19.29,43.542,21.379,50.078,18.585,46.162,3.7,753.7,95.0,2.0,24.917,2.9
2016-02-23 05:00:00,55.0,0.0,20.75,43.139,19.022,44.594,21.79,42.72,20.55,41.458,19.01,50.301,3.983,87.69,19.29,43.45,21.357,49.807,18.586,46.598,3.7,753.825,95.0,2.0,23.25,2.9
2016-02-23 06:00:00,46.667,0.0,20.661,43.05,18.857,44.467,21.801,42.726,20.368,41.565,18.976,50.272,3.774,87.734,19.29,43.319,21.301,49.44,18.6,47.009,3.783,754.0,95.0,2.0,22.917,2.983
2016-02-23 07:00:00,55.0,1.667,20.6,43.355,18.79,44.835,21.615,42.299,20.245,41.626,18.909,50.186,3.795,87.675,19.29,43.317,21.229,49.186,18.616,47.028,3.858,754.25,95.0,1.583,38.75,3.1
2016-02-23 08:00:00,61.667,1.667,20.6,43.723,18.801,45.212,21.414,41.929,20.15,41.842,18.84,50.588,3.95,87.738,19.25,42.541,21.007,47.735,18.6,46.438,3.967,754.767,95.417,1.417,64.167,3.308
2016-02-23 09:00:00,150.0,0.0,20.567,43.029,18.846,44.092,21.335,41.753,20.253,41.25,18.736,51.069,4.821,87.827,19.042,39.758,20.77,45.997,18.53,44.499,4.658,755.208,93.5,2.833,48.0,3.642
2016-02-23 10:00:00,126.667,0.0,20.589,42.597,19.1,43.369,21.21,41.294,21.772,40.794,18.7,50.803,5.647,87.739,18.908,38.485,20.6,44.773,18.5,42.85,5.55,755.625,86.25,4.417,32.417,3.325
2016-02-23 11:00:00,133.333,0.0,20.633,42.072,19.373,42.574,21.189,41.207,21.578,40.131,18.61,50.342,6.69,87.72,18.908,37.708,20.5,43.865,18.5,41.742,6.192,756.008,81.0,5.0,35.0,3.133
2016-02-23 12:00:00,93.333,0.0,20.918,43.051,19.76,42.306,21.189,40.889,21.81,40.388,18.637,50.039,7.907,88.145,19.144,37.228,20.5,43.296,18.5,41.399,6.725,756.383,80.583,5.0,26.75,3.642
2016-02-23 13:00:00,131.667,3.333,21.4,44.418,19.89,44.095,21.245,40.985,22.208,39.454,18.6,50.233,7.759,88.551,19.189,36.563,20.463,42.707,18.5,40.586,6.442,756.5,80.417,4.167,31.25,3.325
2016-02-23 14:00:00,56.667,21.667,21.457,43.491,19.75,43.795,21.204,41.302,21.807,39.043,18.6,50.673,5.01,87.688,19.044,35.828,20.33,42.029,18.509,40.57,6.467,756.542,80.583,3.0,40.0,3.383
2016-02-23 15:00:00,135.0,23.333,21.34,42.482,19.688,42.546,21.111,41.26,21.922,39.535,18.583,50.162,6.154,88.374,19.056,35.658,20.34,41.918,18.53,41.021,6.817,756.892,77.083,4.25,40.0,3.033
2016-02-23 16:00:00,55.0,21.667,21.357,45.081,19.639,44.526,21.178,41.161,21.94,38.982,18.58,50.213,4.964,87.86,19.161,34.72,20.329,40.884,18.516,40.712,5.583,757.467,76.333,4.333,40.0,1.608
2016-02-23 17:00:00,53.333,15.0,21.133,42.076,19.382,42.488,21.094,41.071,21.664,38.162,18.505,49.976,4.474,87.653,18.987,34.52,20.194,40.337,18.455,39.966,5.042,758.033,82.667,2.0,40.0,2.275
2016-02-23 18:00:00,260.0,16.667,21.017,40.876,19.165,41.185,20.951,40.251,21.633,38.855,18.483,49.023,3.816,87.21,18.851,34.757,20.42,41.253,18.388,39.66,4.642,758.75,85.417,1.583,40.0,2.425
2016-02-23 19:00:00,111.667,8.333,21.235,41.8,19.465,42.413,21.083,40.432,21.45,38.462,18.44,48.95,2.384,85.519,18.76,34.859,20.918,41.486,18.297,39.553,3.667,759.35,88.917,1.0,40.0,2.025
2016-02-23 20:00:00,113.333,13.333,21.456,41.803,19.879,42.159,21.21,40.494,21.23,38.185,18.39,48.917,2.307,85.829,18.7,34.813,20.972,40.763,18.286,39.435,3.075,759.825,91.75,1.0,40.0,1.867
2016-02-23 21:00:00,91.667,10.0,21.73,41.207,20.197,41.804,21.22,40.528,21.167,38.617,20.242,79.528,0.898,84.009,18.941,35.441,20.69,40.878,18.218,39.168,2.525,760.125,90.833,1.0,34.167,1.15
2016-02-23 22:00:00,55.0,1.667,21.79,40.208,20.247,40.944,21.144,40.328,20.893,37.974,19.87,91.893,0.256,83.996,19.05,36.06,20.735,43.624,18.2,39.082,1.292,760.3,94.083,1.417,24.75,0.425
2016-02-23 23:00:00,51.667,0.0,21.677,40.987,19.818,40.995,21.0,40.45,20.709,38.298,19.46,84.133,-0.172,83.816,19.017,37.058,20.79,45.315,18.2,40.382,0.217,760.425,97.0,2.0,21.75,-0.183
2016-02-24 00:00:00,50.0,0.0,21.462,40.631,19.451,41.127,20.976,40.455,20.544,38.5,19.186,76.058,-0.322,84.527,19.0,37.572,20.677,45.871,18.233,41.481,0.392,760.642,96.583,1.583,37.917,-0.092
2016-02-24 01:00:00,46.667,0.0,21.192,40.235,19.143,41.092,21.0,40.552,20.38,38.525,18.938,70.802,-0.422,84.376,19.011,38.546,20.6,46.429,18.269,42.668,0.342,760.658,96.833,1.0,58.833,-0.133
2016-02-24 02:00:00,43.333,0.0,20.963,39.857,18.844,41.04,20.979,40.396,20.245,38.428,18.739,66.689,-1.115,82.714,19.011,38.956,20.511,46.671,18.29,43.337,-0.675,760.517,98.0,1.417,56.333,-0.975
2016-02-24 03:00:00,50.0,0.0,20.74,39.687,18.611,40.921,21.078,40.498,20.161,38.408,18.626,62.703,-1.563,82.238,19.033,38.964,20.414,46.44,18.29,43.773,-0.992,760.358,98.417,1.583,52.667,-1.25
2016-02-24 04:00:00,50.0,0.0,20.596,39.694,18.38,40.939,21.133,40.59,20.022,38.567,18.583,60.499,-1.85,81.83,19.0,38.799,20.373,45.973,18.29,44.058,-1.075,760.175,97.75,1.0,37.667,-1.442
2016-02-24 05:00:00,45.0,0.0,20.427,39.562,18.211,41.02,21.2,40.592,19.891,38.375,18.488,59.112,-1.997,81.756,19.0,38.919,20.276,45.753,18.287,44.179,-1.35,760.0,96.833,1.417,34.667,-1.825
2016-02-24 06:00:00,38.333,1.667,20.281,39.42,18.033,41.163,21.15,40.679,19.77,38.22,18.402,58.007,-2.208,81.274,19.0,38.974,20.2,45.67,18.26,44.359,-1.625,759.917,96.333,1.583,37.417,-2.133
2016-02-24 07:00:00,65.0,1.667,20.2,39.728,17.869,41.703,20.986,40.455,19.683,38.144,18.301,57.185,-2.442,80.919,18.979,39.009,20.158,45.551,18.268,44.345,-2.625,759.842,95.667,1.0,41.333,-3.217
2016-02-24 08:00:00,41.667,1.667,20.164,39.988,17.885,41.723,20.74,39.452,19.561,37.239,18.314,55.036,-2.179,81.557,18.692,36.196,19.962,43.987,18.175,42.679,-1.883,759.942,98.833,1.0,41.417,-2.058
2016-02-24 09:00:00,73.333,1.667,20.083,38.906,18.094,40.301,20.572,38.712,19.5,36.498,18.382,51.656,-0.727,84.135,18.682,36.082,19.812,42.016,17.912,39.322,0.317,759.833,96.667,1.0,45.0,0.067
2016-02-24 10:00:00,60.0,1.667,20.028,38.641,18.612,39.664,20.556,38.794,19.671,36.83,18.205,51.187,1.088,86.013,18.6,35.37,19.73,41.435,17.686,40.303,3.1,759.517,88.667,1.0,43.583,1.667
2016-02-24 11:00:00,63.333,1.667,20.192,40.195,19.32,40.655,20.544,39.186,19.962,37.198,18.144,51.058,3.66,87.429,18.716,34.925,19.745,40.53,18.033,39.998,5.575,759.275,78.167,1.417,29.5,1.892
2016-02-24 12:00:00,51.667,1.667,20.452,40.195,19.589,39.574,20.617,39.688,20.27,37.374,18.1,50.473,4.62,87.832,19.201,34.064,19.946,39.714,18.177,39.752,6.142,758.85,65.417,2.0,40.0,-0.058
2016-02-24 13:00:00,153.333,0.0,20.6,38.961,19.6,38.717,20.73,40.084,20.29,37.218,18.089,49.651,5.804,88.373,19.447,33.249,20.209,39.211,18.247,39.728,6.117,758.125,60.667,2.0,31.667,-1.067
2016-02-24 14:00:00,103.333,0.0,20.714,38.438,19.617,38.215,20.667,39.362,20.29,36.886,18.032,48.905,6.337,88.202,19.774,32.263,20.947,39.892,18.345,40.012,6.167,757.35,60.917,2.0,28.333,-0.892
2016-02-24 15:00:00,180.0,0.0,20.818,38.134,19.7,37.824,20.739,38.679,20.225,36.519,18.033,48.284,6.434,87.013,20.073,31.159,21.642,39.439,18.39,41.062,6.4,756.833,56.75,2.0,40.0,-1.633
2016-02-24 16:00:00,88.333,0.0,21.055,37.84,19.798,37.311,20.868,38.151,20.276,36.69,18.011,47.772,7.443,85.526,20.41,31.129,22.227,38.651,18.495,41.231,6.233,756.433,56.25,2.0,40.0,-1.975
2016-02-24 17:00:00,80.0,0.0,21.1,37.471,19.718,37.095,20.771,37.842,20.281,36.518,18.022,47.524,6.774,83.574,20.264,30.454,22.466,38.699,18.429,40.287,5.5,756.033,65.5,1.583,40.0,-0.675
2016-02-24 18:00:00,101.667,10.0,21.1,37.028,19.567,36.972,20.71,37.562,20.1,35.961,18.011,47.029,4.785,83.942,19.901,30.458,22.47,39.568,18.328,37.914,4.342,755.842,76.0,1.0,40.0,0.483
2016-02-24 19:00:00,106.667,10.0,21.326,37.808,19.873,37.218,20.882,37.552,20.224,37.04,18.0,46.802,3.103,82.474,19.777,31.591,22.293,38.713,18.214,36.857,3.075,755.983,78.5,1.417,40.0,-0.308
2016-02-24 20:00:00,118.333,15.0,21.642,37.628,20.304,37.799,21.01,37.718,20.128,37.486,19.108,62.879,1.337,81.14,19.908,32.387,22.226,38.399,18.193,36.332,1.825,755.975,83.25,1.583,35.0,-0.725
2016-02-24 21:00:00,108.333,21.667,21.905,37.21,20.402,37.78,21.028,37.905,20.509,37.318,19.83,53.085,0.093,81.059,19.942,32.469,22.29,38.183,18.116,36.427,1.258,755.842,85.833,1.0,27.167,-0.858
2016-02-24 22:00:00,83.333,21.667,22.011,36.904,20.397,37.787,20.908,38.087,21.168,37.225,19.822,44.825,-0.367,82.521,19.715,32.798,22.417,38.783,18.093,36.332,1.158,755.858,87.0,1.0,24.75,-0.842
2016-02-24 23:00:00,70.0,21.667,21.846,37.312,20.141,38.228,20.622,38.432,22.117,37.563,19.304,50.158,-0.656,82.729,19.693,34.337,22.622,40.382,18.091,37.338,0.808,755.8,87.0,1.417,21.75,-1.192
2016-02-25 00:00:00,58.333,16.667,21.62,37.506,19.756,38.551,20.6,38.592,22.506,36.933,18.976,52.388,-0.928,82.848,19.7,35.498,22.277,41.637,18.064,38.081,0.317,755.8,88.25,2.0,20.417,-1.475
2016-02-25 01:00:00,36.667,0.0,21.381,37.853,19.404,38.37,20.6,38.657,21.842,36.432,18.727,52.835,-0.583,83.627,19.623,35.825,22.02,42.281,18.079,38.698,0.575,755.842,89.583,2.0,22.25,-0.967
2016-02-25 02:00:00,45.0,0.0,21.121,37.782,19.1,38.24,20.694,38.951,21.185,36.229,18.562,52.741,-0.267,84.063,19.6,36.387,21.762,43.202,18.1,39.488,1.058,755.733,88.583,2.417,23.583,-0.625
2016-02-25 03:00:00,43.333,0.0,20.869,37.638,18.864,38.848,20.775,39.113,20.762,36.172,18.396,52.454,0.544,84.971,19.591,36.694,21.606,43.731,18.1,40.158,0.792,755.5,88.833,2.167,23.0,-0.883
2016-02-25 04:00:00,43.333,0.0,20.71,37.676,18.661,39.087,20.74,39.375,20.474,36.487,18.29,52.174,0.222,84.074,19.513,36.78,21.439,43.566,18.078,40.702,0.125,755.5,92.083,1.0,39.667,-1.042
2016-02-25 05:00:00,48.333,0.0,20.55,37.59,18.522,39.271,20.79,39.519,20.236,36.506,18.217,51.908,-0.533,82.66,19.5,37.16,21.292,43.319,18.1,41.102,-0.65,755.625,95.417,1.0,62.167,-1.308
2016-02-25 06:00:00,35.0,0.0,20.388,37.505,18.329,39.38,20.835,39.663,20.044,36.53,18.127,51.766,-1.222,82.107,19.5,37.54,21.144,43.139,18.1,41.398,-0.833,755.842,96.0,1.417,61.833,-1.433
2016-02-25 07:00:00,61.667,3.333,20.29,38.141,18.189,39.798,20.726,39.674,19.88,36.673,18.038,51.632,-0.795,83.508,19.452,37.585,21.021,43.208,18.1,41.784,-0.6,755.983,95.583,1.583,62.167,-1.242
2016-02-25 08:00:00,143.333,1.667,20.24,38.438,18.167,39.986,20.55,39.026,19.846,36.704,17.996,50.825,0.055,84.688,19.163,35.099,20.814,41.68,18.056,40.708,0.275,756.225,92.917,1.0,58.917,-0.758
2016-02-25 09:00:00,173.333,21.667,20.189,38.697,18.339,39.922,20.38,38.478,21.149,36.478,17.899,49.486,1.044,85.141,18.934,33.515,20.611,39.947,18.006,38.605,2.125,756.567,87.917,1.417,59.333,0.292
2016-02-25 10:00:00,120.0,23.333,20.125,40.086,18.957,40.878,20.482,38.812,21.594,37.062,17.89,48.915,2.796,86.459,18.898,32.818,20.463,38.986,18.089,37.551,3.625,756.842,81.25,2.417,46.083,0.658
2016-02-25 11:00:00,415.0,23.333,20.262,40.916,19.468,39.836,21.22,40.883,22.054,37.067,17.89,48.539,4.498,86.329,19.02,31.879,20.414,37.996,18.2,37.384,4.875,756.942,71.0,3.417,28.917,-0.067
2016-02-25 12:00:00,183.333,21.667,20.546,40.775,19.691,38.85,22.428,40.394,22.348,36.54,17.876,48.388,5.977,75.569,19.308,30.775,20.53,36.84,18.262,37.756,5.692,756.958,61.083,3.583,34.583,-1.333
2016-02-25 13:00:00,390.0,21.667,20.874,38.786,19.808,37.914,22.842,41.461,22.335,35.573,17.883,47.838,6.733,63.371,19.642,29.748,20.79,35.794,18.28,39.341,5.933,756.817,57.417,3.417,32.417,-1.883
2016-02-25 14:00:00,175.0,23.333,20.988,38.43,19.77,37.253,23.464,38.883,22.346,35.647,17.888,47.363,6.372,57.15,19.585,29.094,20.71,35.18,18.29,39.632,5.242,756.742,63.417,3.167,40.0,-1.292
2016-02-25 15:00:00,165.0,15.0,21.01,39.517,19.556,38.738,23.212,37.762,22.187,35.783,17.875,47.134,4.684,76.473,19.432,29.749,20.533,35.652,18.24,38.473,4.6,756.717,70.167,2.0,35.0,-0.425
2016-02-25 16:00:00,78.333,1.667,20.993,39.563,19.419,39.62,22.61,37.228,21.774,34.912,17.89,47.703,5.004,75.715,19.366,29.997,20.822,36.686,18.22,38.314,4.767,756.6,67.75,2.0,33.0,-0.725
2016-02-25 17:00:00,86.667,0.0,20.857,38.724,19.225,38.912,21.961,36.683,21.334,34.69,17.874,47.254,4.854,70.74,19.208,30.119,21.208,37.608,18.194,37.725,4.792,756.6,68.917,2.833,34.583,-0.483
2016-02-25 18:00:00,276.667,18.333,20.944,41.074,19.347,38.31,21.611,36.441,21.028,34.135,17.845,46.527,4.296,67.992,19.1,30.446,21.38,37.141,18.078,36.827,3.875,756.767,76.333,2.75,27.833,0.058
2016-02-25 19:00:00,108.333,1.667,21.432,42.325,20.026,40.214,21.689,37.73,20.975,36.286,17.888,47.618,3.695,70.816,19.143,31.429,21.486,37.117,18.011,36.228,2.708,757.083,82.25,1.0,27.75,-0.083
2016-02-25 20:00:00,123.333,25.0,21.717,38.84,20.531,38.64,21.782,37.474,21.597,36.893,18.743,68.664,2.852,74.306,19.302,32.002,21.825,37.42,17.988,36.139,2.092,757.242,86.917,1.0,41.833,0.05
2016-02-25 21:00:00,70.0,21.667,21.975,38.25,20.72,38.629,21.735,37.342,21.99,35.988,19.4,56.89,2.898,76.841,19.348,33.429,21.835,37.893,17.89,36.2,1.925,757.3,91.0,1.0,64.417,0.525
2016-02-25 22:00:00,65.0,23.333,21.963,37.997,20.598,38.527,21.548,37.683,21.89,35.88,19.626,46.284,2.538,78.384,19.212,33.775,21.65,38.658,17.89,36.317,2.142,757.3,90.583,1.0,64.583,0.7
2016-02-25 23:00:00,56.667,18.333,21.737,38.414,20.136,39.18,21.379,37.96,21.89,36.73,19.463,44.801,2.614,79.863,19.219,35.088,21.503,39.796,17.89,37.063,2.117,757.258,92.083,1.0,59.417,0.908
2016-02-26 00:00:00,38.333,1.667,21.456,39.117,19.724,39.407,21.26,38.04,21.631,36.296,19.328,44.112,2.545,80.414,19.268,36.042,21.24,41.274,17.89,38.121,1.917,757.075,94.167,1.417,52.167,1.033
2016-02-26 01:00:00,48.333,0.0,21.207,39.172,19.423,39.215,21.2,38.08,21.24,36.04,19.19,43.682,2.342,80.962,19.29,36.601,21.111,43.552,17.89,39.084,1.758,756.817,93.417,1.583,54.333,0.8
2016-02-26 02:00:00,41.667,1.667,20.968,39.062,19.115,39.364,21.225,38.29,20.939,36.01,19.092,43.47,1.808,81.229,19.29,36.795,21.007,44.444,17.945,39.846,1.658,756.575,94.0,1.0,56.083,0.8
2016-02-26 03:00:00,38.333,1.667,20.74,39.01,18.882,39.993,21.275,38.482,20.692,36.035,19.007,43.192,1.616,81.819,19.29,37.07,20.879,44.416,17.976,40.486,1.517,756.15,93.167,1.0,50.333,0.592
2016-02-26 04:00:00,48.333,0.0,20.556,38.989,18.687,40.22,21.265,38.616,20.528,36.096,18.932,43.062,1.133,82.403,19.224,37.218,20.775,44.091,18.0,40.972,1.025,755.675,93.667,1.0,43.833,0.175
2016-02-26 05:00:00,48.333,1.667,20.386,38.928,18.528,40.308,21.29,38.775,20.368,36.225,18.822,42.901,1.235,83.2,19.207,37.428,20.688,43.735,17.976,41.272,0.75,755.417,95.583,1.0,41.333,0.167
2016-02-26 06:00:00,35.0,0.0,20.255,38.95,18.381,40.465,21.25,38.898,20.245,36.327,18.747,42.825,1.29,83.596,19.2,37.575,20.6,43.783,18.0,41.53,1.1,755.175,95.417,1.0,42.667,0.442
2016-02-26 07:00:00,51.667,3.333,20.194,39.334,18.225,40.767,21.156,38.749,20.122,36.43,18.647,43.677,1.21,83.409,19.18,37.599,20.521,43.906,17.988,41.748,0.975,754.958,95.583,1.0,39.667,0.333
2016-02-26 08:00:00,151.667,1.667,20.1,39.63,18.2,40.511,20.968,38.127,19.951,35.964,18.485,45.074,1.651,84.207,18.887,35.23,20.303,41.997,17.933,40.698,1.133,754.942,94.583,1.0,47.417,0.35
2016-02-26 09:00:00,251.667,0.0,20.044,38.985,18.339,39.841,20.676,37.415,19.855,35.759,18.348,45.374,3.011,84.677,18.722,34.045,20.133,40.862,17.922,40.414,2.058,755.0,91.5,1.0,57.917,0.783
2016-02-26 10:00:00,155.0,0.0,20.067,38.184,18.522,38.886,20.594,37.113,19.823,35.694,18.258,45.222,4.447,79.969,18.622,33.19,19.998,40.772,17.988,40.173,3.033,754.833,83.833,1.0,44.5,0.525
2016-02-26 11:00:00,50.0,0.0,20.133,37.631,18.635,38.138,20.47,36.685,19.775,35.363,18.2,44.826,5.691,70.917,18.539,32.51,19.851,40.118,17.89,38.841,4.042,754.475,73.417,1.0,22.083,-0.375
2016-02-26 12:00:00,445.0,0.0,20.32,38.945,18.842,38.351,20.839,37.893,19.755,35.096,18.183,44.585,7.464,58.163,18.507,31.639,19.755,39.237,17.89,37.987,4.967,754.133,65.75,1.0,25.417,-1.025
2016-02-26 13:00:00,83.333,0.0,20.777,40.486,19.172,40.79,21.873,38.727,19.79,35.557,18.193,45.653,8.852,48.03,18.595,30.838,19.73,38.55,17.89,37.326,5.367,753.608,60.667,1.0,26.0,-1.783
2016-02-26 14:00:00,66.667,0.0,20.89,38.141,19.374,38.366,21.45,37.194,19.801,35.318,18.189,45.296,9.094,38.958,18.645,29.885,19.71,37.307,17.89,35.879,5.767,753.033,51.417,1.417,31.833,-3.642
2016-02-26 15:00:00,48.333,0.0,20.823,36.623,19.404,36.451,21.13,36.42,19.823,34.672,18.155,44.315,9.104,34.84,18.766,28.736,19.71,36.097,17.97,37.33,5.833,752.592,47.083,2.0,40.0,-4.642
2016-02-26 16:00:00,48.333,0.0,20.678,35.818,19.21,35.675,20.933,36.107,19.71,33.884,18.1,43.603,8.047,35.863,18.667,28.242,19.65,35.452,17.991,36.99,5.475,752.133,58.333,2.417,32.5,-2.25
2016-02-26 17:00:00,50.0,0.0,20.521,35.274,19.031,35.198,20.803,35.726,19.6,33.472,18.072,43.026,7.314,32.652,18.533,27.974,19.556,35.004,17.879,35.729,4.967,751.858,71.25,3.0,22.417,0.117
2016-02-26 18:00:00,136.667,0.0,20.399,35.547,18.909,35.69,20.639,35.295,19.482,33.927,18.007,42.68,5.618,44.366,18.424,28.925,19.891,36.5,17.79,35.151,4.292,751.8,75.083,2.583,22.583,0.167
2016-02-26 19:00:00,131.667,6.667,20.652,39.04,19.29,36.474,20.689,35.797,19.402,34.792,18.0,43.021,4.687,50.51,18.302,29.684,20.204,37.463,17.74,35.318,3.875,751.717,78.417,2.417,21.583,0.358
2016-02-26 20:00:00,95.0,20.0,20.922,37.896,19.718,37.458,20.77,36.411,19.806,35.052,18.638,53.221,3.884,52.793,18.517,30.604,20.451,37.808,17.7,35.308,3.575,751.517,80.25,2.583,20.583,0.383
2016-02-26 21:00:00,105.0,1.667,21.188,37.214,20.042,37.369,20.836,36.436,20.898,34.519,21.05,79.226,3.124,58.402,18.679,31.476,20.699,38.337,17.639,35.27,3.275,751.358,81.167,2.0,20.417,0.292
2016-02-26 22:00:00,55.0,3.333,21.28,36.718,20.031,36.917,20.762,36.681,20.323,34.421,20.476,83.586,2.605,62.722,18.707,32.434,20.862,40.247,17.639,35.914,3.058,751.175,80.0,2.0,21.417,-0.083
2016-02-26 23:00:00,35.0,0.0,21.122,37.052,19.674,36.941,20.589,36.939,19.99,35.096,19.853,74.099,1.73,63.423,18.7,33.746,20.765,42.288,17.7,37.652,2.458,751.0,82.083,2.0,21.167,-0.367
2016-02-27 00:00:00,46.667,0.0,20.917,37.291,19.272,36.97,20.5,37.072,19.762,35.2,19.446,68.498,1.119,64.547,18.714,34.594,20.633,43.0,17.7,38.542,1.908,750.833,82.5,2.417,20.833,-0.808
2016-02-27 01:00:00,46.667,0.0,20.676,36.874,18.934,37.05,20.5,37.21,19.572,35.145,19.148,63.676,1.622,64.201,18.777,35.081,20.433,43.878,17.7,39.359,2.2,750.558,78.167,3.417,22.417,-1.225
2016-02-27 02:00:00,36.667,0.0,20.498,36.693,18.686,37.255,20.451,37.188,19.427,35.127,18.906,59.653,1.438,63.129,18.726,35.222,20.323,44.988,17.7,39.808,1.992,750.333,78.25,3.583,22.583,-1.442
2016-02-27 03:00:00,43.333,0.0,20.293,36.657,18.462,37.314,20.411,37.228,19.323,35.126,18.745,57.524,0.178,66.346,18.752,35.575,20.23,44.62,17.7,40.219,1.533,750.058,81.25,3.0,21.583,-1.417
2016-02-27 04:00:00,43.333,0.0,20.094,36.59,18.219,37.27,20.457,37.255,19.193,35.08,18.602,56.006,0.142,68.824,18.747,35.866,20.122,44.248,17.71,40.645,1.3,749.958,82.167,3.0,20.583,-1.425
2016-02-27 05:00:00,41.667,0.0,19.939,36.59,18.044,37.292,20.427,37.316,19.094,35.075,18.486,54.796,-0.245,69.451,18.704,36.096,20.004,43.91,17.71,40.94,1.092,749.942,81.0,3.417,20.833,-1.808
2016-02-27 06:00:00,46.667,0.0,19.813,36.55,17.858,37.488,20.5,37.508,18.982,35.035,18.353,53.956,-0.489,71.498,18.7,36.255,19.927,43.9,17.72,41.07,0.592,750.042,82.25,3.583,39.917,-2.142
2016-02-27 07:00:00,41.667,0.0,19.672,36.572,17.708,37.645,20.5,37.5,18.871,35.127,18.256,53.434,-0.544,71.756,18.7,36.51,19.829,43.833,17.7,41.127,0.342,750.142,82.75,3.417,46.25,-2.325
2016-02-27 08:00:00,60.0,16.667,19.611,37.042,17.708,38.253,20.358,37.184,20.026,35.978,18.185,53.022,0.022,70.002,18.7,36.684,19.79,44.187,17.7,40.777,0.775,750.45,79.333,4.0,20.833,-2.417
2016-02-27 09:00:00,143.333,1.667,19.718,39.21,18.112,39.104,20.29,37.163,20.26,36.151,18.181,49.49,1.602,63.354,18.737,36.884,19.79,44.186,17.76,39.719,2.008,750.883,74.5,4.833,22.833,-2.133
2016-02-27 10:00:00,121.667,1.667,19.79,39.178,18.873,38.576,20.245,37.172,20.27,36.18,18.122,49.898,3.261,53.172,18.78,35.159,19.812,43.408,17.89,38.343,3.625,751.0,66.417,6.0,30.667,-2.233
2016-02-27 11:00:00,143.333,1.667,19.846,38.738,19.125,38.076,20.166,36.98,20.34,35.777,18.058,49.179,4.541,43.862,19.024,33.582,20.249,41.081,17.899,37.381,4.708,751.0,57.5,6.417,40.0,-3.117
2016-02-27 12:00:00,95.0,0.0,20.031,38.053,19.235,37.584,20.205,36.888,20.544,35.44,18.0,48.352,5.785,30.676,19.452,30.943,20.979,39.77,17.902,35.862,5.208,750.917,52.75,7.417,40.0,-3.825
2016-02-27 13:00:00,186.667,1.667,20.354,37.485,19.357,37.085,20.222,36.863,20.572,34.464,18.0,47.66,6.877,27.08,20.136,30.749,21.823,38.505,18.0,36.416,5.833,750.758,50.583,7.583,40.0,-3.792
2016-02-27 14:00:00,183.333,1.667,20.647,37.512,19.499,36.217,21.13,38.241,20.5,33.897,18.0,46.963,7.215,25.821,20.571,29.055,22.15,36.462,18.078,39.254,6.383,750.783,49.167,6.583,40.0,-3.667
2016-02-27 15:00:00,63.333,1.667,20.921,36.905,19.633,35.696,21.381,36.807,20.5,33.473,18.0,46.447,7.324,25.249,20.876,27.514,22.414,35.083,18.139,39.828,6.333,751.025,48.0,6.417,40.0,-4.025
2016-02-27 16:00:00,53.333,0.0,20.999,35.69,19.764,34.982,21.171,35.913,20.402,33.083,18.0,45.72,7.171,25.196,21.081,26.515,22.622,34.24,18.178,39.833,6.058,751.242,49.667,6.583,35.417,-3.783
2016-02-27 17:00:00,68.333,1.667,20.98,34.629,19.658,33.869,20.946,35.318,20.24,32.274,17.992,44.887,6.22,29.083,21.01,25.914,22.564,33.734,18.17,39.76,5.5,751.3,54.5,5.583,29.0,-3.033
2016-02-27 18:00:00,93.333,6.667,20.846,35.028,19.427,34.018,20.775,35.06,19.968,32.009,17.89,44.237,4.391,36.633,20.68,27.097,22.379,34.399,18.1,39.7,4.383,751.467,59.25,5.417,28.167,-2.925
2016-02-27 19:00:00,95.0,6.667,21.053,35.687,19.708,35.132,20.765,35.224,19.708,31.932,18.055,50.327,3.241,41.289,20.334,27.008,22.307,35.893,18.089,39.54,3.467,752.033,62.25,5.583,26.583,-3.142
2016-02-27 20:00:00,105.0,1.667,21.42,35.172,20.096,35.376,20.928,35.194,19.661,32.695,18.266,67.301,2.41,44.002,19.962,26.733,22.29,36.494,18.034,37.834,2.708,752.75,65.25,5.0,26.0,-3.242
2016-02-27 21:00:00,101.667,0.0,21.683,34.988,20.368,35.422,21.089,35.082,19.544,32.082,18.071,57.608,1.804,47.782,19.68,26.713,22.235,35.794,17.988,36.107,2.175,753.183,66.583,5.0,26.0,-3.467
2016-02-27 22:00:00,65.0,5.0,21.622,34.791,20.249,35.168,20.994,35.178,19.414,32.183,17.96,53.97,1.406,49.751,19.638,28.379,22.261,36.141,17.988,36.848,1.875,753.425,67.25,5.0,25.583,-3.575
2016-02-27 23:00:00,73.333,1.667,21.411,35.039,19.807,35.002,20.846,35.745,19.362,32.896,17.883,53.319,0.944,51.752,19.7,30.831,22.346,37.986,18.0,38.274,1.45,753.725,70.667,5.0,23.75,-3.358
2016-02-28 00:00:00,48.333,0.0,21.176,35.22,19.406,35.018,20.89,36.085,19.265,33.209,17.798,52.598,0.617,54.708,19.658,31.779,22.261,38.896,18.0,38.732,0.975,753.9,73.417,4.583,22.0,-3.3
2016-02-28 01:00:00,45.0,0.0,20.915,35.07,19.071,35.447,20.829,36.27,19.2,33.313,17.753,51.989,0.5,56.12,19.618,32.752,21.916,39.548,18.0,39.476,0.758,753.942,74.0,4.417,22.417,-3.383
2016-02-28 02:00:00,53.333,0.0,20.687,35.0,18.771,35.683,20.78,36.363,19.139,33.442,17.71,51.527,0.22,56.634,19.6,33.358,21.66,40.523,18.011,39.746,0.617,754.125,74.0,5.0,23.0,-3.583
2016-02-28 03:00:00,41.667,0.0,20.498,35.055,18.543,35.784,20.77,36.51,19.022,33.433,17.69,51.173,-0.067,57.196,19.6,33.631,21.482,41.48,18.022,39.745,0.375,754.342,74.417,5.0,24.25,-3.742
2016-02-28 04:00:00,46.667,0.0,20.272,35.12,18.323,35.944,20.667,36.51,18.951,33.489,17.6,50.787,-0.389,58.763,19.542,33.996,21.319,41.188,18.0,39.808,0.075,754.608,76.25,5.0,25.167,-3.675
2016-02-28 05:00:00,55.0,0.0,20.122,35.182,18.144,36.032,20.6,36.602,18.869,33.541,17.568,50.548,-0.53,60.462,19.5,34.356,21.156,40.772,18.0,39.776,-0.1,754.983,77.167,5.417,24.833,-3.625
2016-02-28 06:00:00,43.333,0.0,19.963,35.09,17.97,36.104,20.572,36.67,18.807,33.596,17.516,50.277,-0.689,61.212,19.484,34.45,21.022,40.584,18.011,39.802,-0.225,755.225,77.667,6.0,24.75,-3.675
2016-02-28 07:00:00,51.667,0.0,19.823,35.02,17.808,36.215,20.445,36.708,18.715,33.663,17.489,50.009,-0.822,62.073,19.39,34.448,20.869,40.491,17.988,39.919,-0.358,755.733,79.167,5.583,23.0,-3.583
2016-02-28 08:00:00,60.0,3.333,19.75,35.631,17.813,36.327,20.346,36.308,18.679,33.234,17.422,49.142,-0.3,60.971,19.298,33.702,20.724,39.883,18.0,39.94,0.075,756.533,75.917,5.417,23.0,-3.7
2016-02-28 09:00:00,80.0,3.333,19.78,35.941,18.131,35.684,20.133,35.762,18.74,32.906,17.397,47.449,0.921,54.772,19.284,31.949,20.572,38.554,18.011,37.809,0.975,757.0,71.333,6.417,24.25,-3.658
2016-02-28 10:00:00,53.333,0.0,19.73,35.597,18.684,35.052,20.1,35.629,19.086,33.407,17.415,47.008,2.342,48.133,19.385,32.128,20.561,38.7,18.072,37.304,2.333,757.125,65.667,7.833,26.0,-3.558
2016-02-28 11:00:00,38.333,0.0,19.857,35.451,19.294,34.602,20.061,35.622,19.457,33.765,17.39,46.976,3.924,39.088,19.522,31.508,20.575,38.17,18.139,39.591,3.875,757.3,58.083,9.0,26.0,-3.75
2016-02-28 12:00:00,53.333,0.0,20.235,35.253,19.589,34.532,20.05,35.486,19.828,33.994,17.39,46.736,5.086,32.345,20.073,30.972,20.974,37.773,18.17,40.004,4.817,757.3,53.583,9.0,31.833,-3.892
2016-02-28 13:00:00,43.333,0.0,20.85,34.953,19.803,34.662,20.172,35.283,20.039,34.247,17.397,46.56,5.826,27.72,20.978,30.56,21.786,36.928,18.25,39.922,5.525,757.3,52.583,8.583,35.0,-3.517
2016-02-28 14:00:00,51.667,0.0,21.263,34.617,19.967,34.761,20.22,35.22,20.22,34.642,17.409,46.419,6.298,25.804,21.796,30.096,22.43,36.051,18.403,39.708,5.825,757.425,51.583,8.417,33.0,-3.483
2016-02-28 15:00:00,51.667,0.0,21.633,34.405,20.218,34.76,20.38,35.302,20.357,35.039,17.395,46.295,6.389,24.317,22.414,29.584,22.879,35.313,18.5,39.627,5.917,757.683,49.333,8.583,40.0,-4.1
2016-02-28 16:00:00,40.0,0.0,21.496,32.235,20.029,32.049,20.35,34.519,19.902,31.082,17.427,45.817,6.138,23.803,22.284,29.164,22.796,34.888,18.5,39.737,5.675,757.883,48.25,7.583,40.0,-4.55
2016-02-28 17:00:00,53.333,0.0,21.255,32.13,19.767,32.081,20.205,34.37,19.688,31.298,17.414,45.02,5.817,25.78,21.818,28.94,22.343,34.701,18.469,39.863,5.25,758.208,51.25,6.583,40.0,-4.117
2016-02-28 18:00:00,45.0,0.0,21.078,32.887,19.445,33.008,20.265,34.612,19.539,32.324,17.414,44.977,4.837,29.842,21.418,29.026,21.897,35.097,18.414,39.869,4.525,758.75,54.667,6.0,40.0,-3.917
2016-02-28 19:00:00,48.333,0.0,20.824,33.384,19.11,33.808,20.194,34.797,19.38,32.676,17.379,45.11,3.849,34.362,21.048,29.346,21.508,35.24,18.346,39.988,3.917,759.475,57.0,6.417,40.0,-3.925
2016-02-28 20:00:00,90.0,8.333,20.656,33.75,18.814,34.35,20.1,35.23,19.245,33.016,18.125,59.978,3.296,37.096,20.756,29.676,21.208,35.586,18.312,39.994,3.425,760.125,59.083,6.167,35.417,-3.933
2016-02-28 21:00:00,91.667,1.667,20.462,33.393,18.589,33.308,19.892,34.883,19.1,31.863,20.091,91.092,2.495,40.699,20.409,29.137,21.411,35.641,18.272,38.462,2.733,760.3,62.833,5.0,33.583,-3.658
2016-02-28 22:00:00,56.667,1.667,20.301,33.296,18.451,33.396,19.75,34.859,18.927,31.737,18.973,86.491,1.886,45.804,20.2,29.452,21.438,36.496,18.205,36.673,2.25,760.467,66.5,5.417,40.0,-3.392
2016-02-28 23:00:00,41.667,0.0,20.144,33.314,18.239,33.929,19.677,35.154,18.857,32.528,18.507,77.296,1.456,50.312,20.189,31.508,21.373,38.447,18.2,37.52,1.817,760.7,70.0,6.0,40.0,-3.183
2016-02-29 00:00:00,56.667,0.0,19.963,33.418,18.021,34.435,19.6,35.34,18.765,32.773,18.197,71.363,1.143,53.001,20.167,32.984,21.26,39.997,18.2,38.483,1.575,760.742,71.25,6.0,40.0,-3.133
2016-02-29 01:00:00,41.667,0.0,19.818,33.59,17.835,34.777,19.589,35.487,18.7,32.987,17.933,66.041,0.978,54.651,20.1,33.659,21.078,40.862,18.2,39.784,1.4,760.842,73.0,6.0,40.0,-2.9
2016-02-29 02:00:00,53.333,0.0,19.656,33.73,17.672,34.993,19.555,35.633,18.617,33.086,17.796,62.256,0.522,56.551,20.039,34.043,20.939,42.274,18.178,40.551,1.275,760.983,74.25,5.583,40.0,-2.858
2016-02-29 03:00:00,38.333,0.0,19.556,33.909,17.521,35.168,19.7,35.908,18.556,33.218,17.7,60.34,-0.114,61.634,19.994,34.12,20.842,42.859,18.2,40.985,0.725,761.1,78.5,4.583,40.0,-2.717
2016-02-29 04:00:00,53.333,0.0,19.387,34.088,17.38,35.386,19.71,36.117,18.463,33.339,17.606,59.066,-0.3,65.9,19.89,34.61,20.71,42.352,18.183,41.009,0.117,761.1,84.083,4.417,40.0,-2.35
2016-02-29 05:00:00,45.0,0.0,19.245,34.316,17.26,35.607,19.74,36.363,18.39,33.433,17.511,57.986,-0.444,70.296,19.879,34.996,20.617,42.036,18.145,41.075,0.042,761.267,87.0,4.583,40.0,-1.917
2016-02-29 06:00:00,55.0,1.667,19.128,34.476,17.133,35.83,19.705,36.498,18.301,33.559,17.427,57.031,-0.522,73.664,19.801,35.282,20.486,41.897,18.122,41.106,-0.025,761.625,88.25,4.0,33.333,-1.717
2016-02-29 07:00:00,48.333,3.333,19.039,34.42,16.95,35.998,19.65,36.223,18.235,33.705,17.368,56.696,-0.633,76.197,19.692,35.001,20.357,41.728,18.089,40.734,-0.2,761.842,90.833,4.0,23.167,-1.517
2016-02-29 08:00:00,223.333,0.0,19.0,35.231,16.975,36.742,19.438,35.502,18.2,33.84,17.301,56.152,-0.206,77.003,19.51,33.963,20.219,40.794,18.0,39.652,0.217,762.233,87.833,4.417,24.5,-1.608
2016-02-29 09:00:00,70.0,0.0,18.939,35.296,17.552,36.181,19.334,35.437,18.325,33.34,17.275,54.768,1.021,67.16,19.282,31.807,20.111,39.239,18.1,38.22,1.467,762.825,77.833,5.417,28.417,-2.025
2016-02-29 10:00:00,353.333,0.0,19.067,34.772,18.528,34.15,19.26,35.272,18.707,33.062,17.21,52.784,2.685,52.316,19.255,30.01,20.0,37.592,18.189,38.583,2.942,762.917,66.167,6.417,33.583,-2.867
2016-02-29 11:00:00,241.667,0.0,19.277,34.604,18.973,32.927,20.086,36.042,19.008,32.739,17.144,50.867,4.009,39.331,19.336,28.531,20.039,35.854,18.194,39.76,4.033,762.842,57.583,7.0,34.583,-3.633
2016-02-29 12:00:00,368.333,0.0,19.724,34.077,19.096,32.084,20.512,34.43,19.366,32.102,17.1,49.186,4.862,33.162,19.996,27.429,20.458,34.442,18.172,39.845,4.792,762.775,54.917,7.0,27.417,-3.608
2016-02-29 13:00:00,263.333,1.667,20.391,33.885,19.34,32.811,21.761,37.12,19.517,32.035,17.1,48.219,5.545,29.932,20.881,26.737,21.405,33.089,18.24,39.458,5.367,762.475,52.0,6.583,33.0,-3.817
2016-02-29 14:00:00,323.333,0.0,20.99,35.22,19.312,33.564,22.041,35.596,19.639,31.987,17.1,47.864,6.007,25.692,21.685,25.751,22.196,31.894,18.368,38.799,5.808,762.258,49.083,6.0,40.0,-4.283
2016-02-29 15:00:00,353.333,0.0,21.599,34.317,19.517,33.792,22.605,35.586,19.775,31.933,17.1,47.537,6.364,24.027,22.386,24.903,22.817,30.84,18.488,38.487,6.1,762.283,45.417,5.583,40.0,-4.933
2016-02-29 16:00:00,215.0,0.0,21.77,33.286,19.76,33.287,23.453,37.262,19.78,31.497,17.122,47.161,6.316,24.131,22.797,24.074,23.089,30.05,18.536,38.192,6.017,762.442,47.667,5.0,40.0,-4.367
2016-02-29 17:00:00,198.333,0.0,21.702,32.795,19.813,32.505,23.02,34.41,19.74,31.883,17.194,46.496,5.949,27.317,22.725,23.34,22.996,29.739,18.55,38.145,5.317,762.708,55.0,4.583,40.0,-3.233
2016-02-29 18:00:00,348.333,18.333,21.539,33.977,19.519,33.472,23.184,35.306,19.715,32.546,17.21,46.066,4.53,36.664,22.14,23.439,22.89,31.296,18.5,38.265,3.708,763.167,67.0,3.583,35.0,-2.05
2016-02-29 19:00:00,95.0,10.0,21.572,37.306,19.307,36.572,22.871,34.713,19.708,33.247,17.23,47.242,2.998,43.601,21.539,24.142,22.756,32.664,18.408,38.25,2.142,763.483,75.25,3.0,27.167,-1.867
2016-02-29 20:00:00,108.333,23.333,21.621,35.67,19.445,36.522,22.352,34.554,20.427,33.736,18.094,57.605,0.649,50.38,21.028,24.705,22.78,34.326,18.39,38.096,0.875,763.6,78.25,2.583,24.333,-2.475
2016-02-29 21:00:00,100.0,23.333,21.846,34.92,19.683,36.285,22.013,34.642,21.446,32.516,18.685,44.418,-1.31,56.366,20.626,25.026,22.78,35.619,18.324,38.302,-0.083,763.517,82.083,1.583,21.167,-2.792
2016-02-29 22:00:00,71.667,23.333,21.914,34.599,19.718,36.128,21.739,34.74,21.132,32.609,18.982,41.481,-1.769,62.357,20.396,25.702,22.791,36.439,18.29,38.256,-0.7,763.567,87.083,1.417,37.917,-2.625
2016-02-29 23:00:00,46.667,21.667,21.857,34.857,19.543,36.828,21.383,35.25,22.164,33.351,19.04,40.942,-1.72,67.329,20.309,27.026,22.578,37.729,18.29,38.709,-1.233,763.717,90.833,1.583,62.583,-2.508
2016-03-01 00:00:00,61.667,21.667,21.686,35.322,19.261,37.272,21.111,35.248,21.729,33.908,18.963,40.617,-2.134,69.447,20.189,27.774,22.343,39.461,18.29,38.91,-1.292,763.475,93.667,1.0,57.0,-2.142
2016-03-01 01:00:00,50.0,13.333,21.41,35.678,18.883,37.54,20.982,35.245,21.42,34.212,18.812,40.349,-2.867,68.993,20.056,28.208,22.06,40.061,18.29,38.779,-2.033,763.175,96.0,1.0,43.75,-2.575
2016-03-01 02:00:00,40.0,0.0,21.176,36.17,18.633,37.33,20.868,35.259,20.919,34.09,18.71,40.21,-3.352,69.904,19.927,28.443,21.814,41.156,18.29,38.875,-2.583,763.0,96.0,1.417,35.833,-3.183
2016-03-01 03:00:00,45.0,0.0,20.922,35.808,18.37,36.944,20.957,35.576,20.417,34.01,18.603,40.092,-3.476,70.799,19.802,28.639,21.655,41.976,18.29,38.795,-2.825,762.792,96.0,2.0,34.5,-3.383
2016-03-01 04:00:00,36.667,0.0,20.708,35.676,18.154,37.18,21.0,35.75,20.077,33.851,18.499,40.08,-3.297,72.206,19.683,28.745,21.509,41.442,18.28,38.774,-3.0,762.375,96.417,2.0,31.833,-3.458
2016-03-01 05:00:00,45.0,0.0,20.473,35.53,17.915,37.429,20.902,35.978,19.782,33.75,18.385,40.02,-2.104,75.143,19.572,28.871,21.369,40.952,18.29,38.896,-2.292,762.033,97.417,2.0,33.0,-2.65
2016-03-01 06:00:00,40.0,0.0,20.255,35.535,17.73,37.683,20.951,36.05,19.6,33.79,18.304,40.139,-1.258,77.104,19.463,29.11,21.209,40.818,18.255,38.978,-1.008,761.675,98.0,2.0,31.75,-1.308
2016-03-01 07:00:00,53.333,15.0,20.139,35.584,17.656,37.705,20.787,36.032,19.618,34.038,18.187,40.961,-0.683,78.476,19.304,28.796,21.06,40.308,18.2,39.063,-0.475,761.333,97.583,2.417,31.25,-0.817
2016-03-01 08:00:00,80.0,0.0,20.028,35.68,17.7,37.404,20.589,35.565,19.911,33.409,17.997,41.907,0.167,80.01,19.056,28.208,20.804,38.312,18.156,38.09,0.075,760.933,95.333,3.0,36.75,-0.575
2016-03-01 09:00:00,66.667,1.667,19.976,35.694,17.735,37.219,20.457,35.119,19.589,33.025,17.812,42.841,1.563,80.863,18.945,28.314,20.589,37.396,18.189,38.618,1.1,760.408,90.5,4.25,49.917,-0.317
2016-03-01 10:00:00,50.0,3.333,19.927,36.861,18.084,36.908,20.296,34.842,19.419,33.014,17.715,43.075,3.508,76.037,18.89,28.47,20.392,36.976,18.2,38.718,2.383,759.625,84.5,6.0,62.667,-0.033
2016-03-01 11:00:00,110.0,5.0,19.964,37.607,18.312,36.53,20.281,35.192,19.301,33.022,17.65,43.057,4.753,63.29,18.807,28.522,20.25,36.641,18.128,37.538,3.408,758.683,81.0,6.833,46.25,0.408
2016-03-01 12:00:00,76.667,1.667,19.963,37.755,18.39,36.808,20.39,35.814,19.21,33.518,17.6,43.071,4.756,66.003,18.742,28.942,20.089,36.651,18.1,36.906,3.617,757.808,83.917,8.417,30.0,1.075
2016-03-01 13:00:00,151.667,1.667,20.006,37.302,18.451,37.06,20.335,35.79,19.144,34.293,17.544,43.2,4.296,74.182,18.7,29.528,19.946,36.823,18.006,36.571,3.542,756.858,90.5,8.583,42.75,2.058
2016-03-01 14:00:00,45.0,0.0,20.16,39.065,18.526,38.164,20.346,35.999,19.078,35.312,17.5,43.73,4.33,81.686,18.622,30.208,19.818,37.135,17.988,36.545,3.975,755.683,92.75,8.417,51.0,2.867
2016-03-01 15:00:00,46.667,1.667,20.376,37.424,18.821,38.075,20.427,36.065,19.028,35.981,17.5,44.041,4.636,82.548,18.594,30.9,19.725,37.486,17.89,36.752,4.458,754.767,93.5,9.0,45.833,3.475
2016-03-01 16:00:00,45.0,0.0,20.643,36.897,19.039,37.731,20.529,36.0,19.0,36.609,17.5,44.108,4.805,84.67,18.533,31.628,19.639,37.842,17.89,37.008,4.65,754.008,95.75,9.0,37.75,4.042
2016-03-01 17:00:00,50.0,1.667,20.79,36.862,19.183,37.709,20.544,35.999,19.011,37.284,17.488,44.247,5.195,85.576,18.5,32.306,19.578,38.417,17.801,37.213,5.208,753.267,94.417,9.417,53.583,4.392
2016-03-01 18:00:00,263.333,13.333,20.869,38.942,19.22,38.461,20.589,36.563,19.174,38.765,17.454,44.865,5.572,85.992,18.5,32.975,19.984,40.242,17.79,37.537,5.667,752.8,95.417,9.583,42.75,5.008
2016-03-01 19:00:00,93.333,3.333,21.339,40.915,19.588,40.537,20.674,37.927,19.23,39.262,17.476,46.497,6.168,86.308,18.488,33.743,20.408,41.078,17.79,37.902,6.192,752.508,96.0,8.583,46.75,5.592
2016-03-01 20:00:00,98.333,21.667,21.439,39.013,19.718,39.976,20.824,38.114,19.835,40.003,18.284,45.452,6.774,86.55,18.39,34.496,20.734,42.478,17.79,38.438,6.85,751.892,96.0,8.0,51.667,6.25
2016-03-01 21:00:00,95.0,11.667,21.391,38.649,19.7,39.937,20.868,38.098,20.572,39.522,19.682,61.84,7.251,86.728,18.43,35.3,20.998,43.658,17.79,38.729,7.283,751.35,96.417,7.167,54.75,6.767
2016-03-01 22:00:00,53.333,1.667,21.29,39.236,19.639,40.74,20.829,38.156,20.204,39.488,19.897,77.579,7.688,86.847,18.451,36.053,21.078,45.527,17.801,39.331,7.692,750.833,97.0,6.417,53.917,7.25
2016-03-01 23:00:00,40.0,1.667,21.144,40.041,19.539,41.565,20.682,38.362,19.817,39.54,19.314,53.185,8.065,86.894,18.5,35.826,21.0,46.487,17.89,40.24,8.267,750.433,95.75,7.833,49.167,7.6
2016-03-02 00:00:00,46.667,1.667,20.999,40.206,19.346,41.71,20.556,38.518,19.567,39.478,19.156,48.515,8.16,86.797,18.5,35.735,20.791,47.377,17.945,40.668,8.5,749.908,89.833,8.583,32.417,6.933
2016-03-02 01:00:00,48.333,1.667,20.82,40.193,19.198,41.594,20.6,38.58,19.346,39.411,19.029,46.677,8.074,86.103,18.511,35.572,20.689,48.966,17.988,41.169,8.375,749.292,85.25,8.0,40.0,6.042
2016-03-02 02:00:00,38.333,1.667,20.672,40.077,19.044,41.54,20.628,38.62,19.21,39.308,18.92,45.752,8.089,83.884,18.5,35.42,20.594,49.414,18.022,41.662,7.95,748.75,89.083,7.167,47.917,6.183
2016-03-02 03:00:00,45.0,0.0,20.533,40.085,18.87,41.52,20.72,38.755,19.083,39.28,18.818,45.191,7.797,83.52,18.5,35.388,20.511,49.722,18.096,42.06,7.6,748.067,89.083,6.417,45.25,5.842
2016-03-02 04:00:00,48.333,0.0,20.374,40.035,18.735,41.52,20.745,38.82,18.957,39.215,18.75,44.806,7.518,79.451,18.5,35.34,20.5,49.531,18.1,42.363,7.6,747.475,83.333,7.0,27.25,4.908
2016-03-02 05:00:00,40.0,0.0,20.229,39.956,18.611,41.374,20.821,38.953,18.857,39.011,18.689,44.408,7.411,75.134,18.488,35.118,20.42,48.802,18.122,42.455,7.475,747.092,80.583,7.0,33.583,4.333
2016-03-02 06:00:00,38.333,0.0,20.067,39.863,18.469,41.181,20.79,39.03,18.79,38.774,18.6,43.973,7.285,72.553,18.42,34.861,20.301,48.12,18.15,42.596,7.217,746.508,81.25,7.417,34.167,4.183
2016-03-02 07:00:00,60.0,6.667,20.0,40.051,18.402,41.028,20.678,38.94,18.7,38.7,18.516,44.211,6.782,75.527,18.346,34.908,20.208,46.987,18.166,42.617,6.85,746.017,83.0,8.417,31.833,4.05
2016-03-02 08:00:00,175.0,23.333,20.0,40.104,18.408,40.83,20.539,38.682,20.146,38.873,18.42,47.425,6.498,71.782,18.24,34.593,20.044,44.553,18.116,41.773,5.667,746.275,84.667,7.333,40.0,3.2
2016-03-02 09:00:00,161.667,11.667,20.05,39.879,18.974,40.254,20.506,38.505,21.302,37.414,18.57,47.035,6.458,60.397,18.366,35.408,19.862,42.559,18.176,40.412,5.208,746.675,79.917,5.833,40.0,1.917
2016-03-02 10:00:00,126.667,1.667,20.235,39.302,19.998,38.422,20.516,38.461,21.27,36.933,18.34,46.562,6.954,53.076,18.517,34.298,19.79,40.937,18.25,40.316,6.325,746.5,68.333,7.833,40.0,0.85
2016-03-02 11:00:00,86.667,0.0,20.533,40.344,20.476,38.251,20.611,38.498,21.192,36.612,18.25,47.084,8.126,42.675,18.643,32.349,19.796,39.385,18.368,42.186,7.042,746.333,63.083,9.0,40.0,0.375
2016-03-02 12:00:00,70.0,0.0,20.793,40.098,20.482,37.747,20.7,38.836,21.27,37.306,18.2,47.171,8.78,35.361,19.054,30.952,20.055,38.058,18.39,42.052,8.133,745.683,56.917,8.583,40.0,0.033
2016-03-02 13:00:00,86.667,1.667,21.053,38.54,20.364,36.385,20.678,38.741,21.053,36.064,18.178,46.64,10.151,32.616,19.287,30.16,20.321,37.472,18.39,41.869,8.058,744.6,61.5,8.833,40.0,0.967
2016-03-02 14:00:00,68.333,0.0,21.249,37.024,20.29,35.664,20.625,37.625,20.776,35.18,18.142,45.71,9.14,46.408,19.599,30.364,21.042,37.771,18.482,41.875,7.717,743.4,68.25,9.583,35.417,2.142
2016-03-02 15:00:00,70.0,0.0,21.25,36.757,20.175,35.687,20.622,37.235,20.548,34.82,18.1,45.314,9.3,39.499,19.567,30.061,21.106,37.499,18.478,41.671,7.675,742.533,65.917,9.417,26.917,1.583
2016-03-02 16:00:00,85.0,0.0,21.038,36.528,19.719,35.908,20.5,37.245,20.256,34.995,18.072,45.058,5.421,65.586,19.293,30.406,21.348,40.072,18.402,41.467,5.633,742.383,76.667,9.167,30.667,1.742
2016-03-02 17:00:00,136.667,0.0,20.939,36.779,19.762,36.641,20.539,37.237,20.039,35.416,18.02,44.841,4.724,71.325,19.056,30.917,21.672,39.851,18.39,40.931,3.792,742.542,88.083,6.75,40.0,1.967
2016-03-02 18:00:00,253.333,0.0,21.277,41.57,20.207,37.424,20.772,38.761,19.902,36.443,18.0,45.451,4.316,73.489,18.857,31.26,21.745,39.823,18.323,39.064,3.583,742.808,88.5,6.25,40.0,1.825
2016-03-02 19:00:00,193.333,15.0,21.62,45.887,20.482,39.234,20.963,40.784,19.836,38.364,18.0,46.886,3.441,75.541,18.745,31.29,21.707,39.952,18.29,38.316,2.908,743.517,88.75,6.75,45.417,1.133
2016-03-02 20:00:00,133.333,18.333,21.86,40.429,20.696,38.821,21.066,40.207,21.157,38.146,19.071,60.457,2.586,78.017,18.644,31.098,21.881,39.172,18.245,37.68,2.092,744.183,91.083,6.667,43.0,0.775
2016-03-02 21:00:00,103.333,15.0,22.079,37.997,20.89,37.313,20.969,38.978,21.24,37.022,19.153,54.46,1.671,82.221,18.6,30.891,22.033,38.717,18.169,37.014,2.5,744.3,86.167,9.0,33.583,0.433
2016-03-02 22:00:00,63.333,1.667,22.033,37.116,20.723,36.902,20.862,38.533,20.78,35.45,18.772,50.75,0.75,81.383,18.522,30.774,21.787,39.213,18.111,36.793,2.5,744.55,86.667,7.75,34.583,0.492
2016-03-02 23:00:00,48.333,0.0,21.803,37.151,20.294,36.74,20.765,38.439,20.4,35.841,18.575,50.01,0.711,81.502,18.522,31.625,21.56,40.447,18.156,38.328,2.083,744.817,91.083,5.167,32.417,0.775
2016-03-03 00:00:00,48.333,0.0,21.552,37.54,19.862,36.952,20.76,38.461,20.122,36.082,18.439,49.852,0.854,81.529,18.522,32.015,21.318,43.124,18.185,39.159,1.833,744.533,91.917,4.417,40.0,0.642
2016-03-03 01:00:00,46.667,0.0,21.303,37.478,19.496,37.275,20.801,38.552,19.893,36.21,18.301,49.706,1.497,81.56,18.5,32.239,21.204,45.153,18.194,40.219,2.55,744.133,89.417,5.417,32.917,0.992
2016-03-03 02:00:00,35.0,0.0,21.078,37.4,19.197,37.679,20.879,38.686,19.72,36.304,18.204,49.338,2.109,81.571,18.5,32.448,21.078,45.474,18.2,40.82,2.442,743.692,92.5,5.583,40.5,1.317
2016-03-03 03:00:00,50.0,0.0,20.858,37.388,18.997,37.957,20.902,38.819,19.572,36.363,18.122,49.144,2.213,81.514,18.476,32.55,20.939,45.456,18.245,41.236,2.175,743.15,96.0,5.417,48.75,1.575
2016-03-03 04:00:00,46.667,0.0,20.698,37.482,18.818,38.287,20.957,38.9,19.457,36.545,18.056,49.27,2.958,81.598,18.402,32.706,20.834,45.66,18.282,41.556,3.2,742.633,94.333,5.583,31.833,2.35
2016-03-03 05:00:00,41.667,0.0,20.561,37.616,18.688,38.585,21.0,38.917,19.351,36.767,18.028,48.951,3.402,81.736,18.39,32.95,20.725,46.148,18.28,41.852,4.108,742.525,88.25,5.417,40.0,2.325
2016-03-03 06:00:00,38.333,0.0,20.357,37.761,18.556,38.75,20.931,39.066,19.25,36.851,17.951,48.703,3.364,81.798,18.384,33.04,20.683,46.2,18.29,42.129,4.025,742.867,85.5,5.583,35.417,1.8
2016-03-03 07:00:00,53.333,8.333,20.22,38.186,18.47,38.868,20.89,39.163,19.343,37.093,17.89,48.602,2.941,81.774,18.29,33.085,20.594,45.674,18.29,42.174,3.292,743.267,90.667,4.583,26.5,1.883
2016-03-03 08:00:00,65.0,16.667,20.2,39.017,18.445,39.562,20.761,38.748,19.856,37.529,17.972,47.264,3.081,81.676,18.28,33.082,20.409,43.355,18.29,41.891,3.292,743.75,93.0,4.417,25.5,2.25
2016-03-03 09:00:00,113.333,30.0,20.156,38.872,18.39,39.748,20.37,37.776,21.07,37.149,18.26,44.195,3.633,81.647,18.156,32.863,20.219,41.82,18.24,41.129,3.7,744.475,93.417,5.0,29.0,2.683
2016-03-03 10:00:00,76.667,31.667,20.071,38.559,18.543,39.218,19.897,37.802,21.114,37.184,18.117,44.831,4.294,81.525,18.133,32.928,20.092,41.197,18.316,41.8,3.742,745.625,91.917,5.417,27.333,2.508
2016-03-03 11:00:00,66.667,23.333,20.064,38.554,19.138,38.324,19.807,38.096,21.435,36.821,18.01,45.269,4.843,81.953,18.319,32.569,20.078,40.053,18.414,41.163,4.425,746.917,87.333,5.583,24.583,2.433
2016-03-03 12:00:00,110.0,25.0,20.263,38.509,19.41,37.485,19.968,37.878,21.929,36.996,18.0,44.981,6.111,83.481,18.803,32.096,20.316,39.236,18.487,41.637,6.008,747.708,79.583,5.417,30.667,2.608
2016-03-03 13:00:00,240.0,23.333,20.737,38.172,19.688,37.508,20.183,37.929,22.152,36.728,17.978,45.0,7.251,72.871,19.56,31.332,20.957,38.165,18.526,41.866,6.583,748.125,74.5,6.0,40.0,2.283
2016-03-03 14:00:00,145.0,1.667,21.084,37.382,19.937,37.175,20.23,37.916,22.024,35.648,17.957,44.951,7.145,63.834,19.948,30.624,21.267,37.25,18.6,41.657,6.708,748.425,74.667,5.167,40.0,2.442
2016-03-03 15:00:00,58.333,0.0,21.342,36.842,20.041,36.738,20.38,37.587,21.648,34.683,17.95,44.758,7.485,57.623,20.416,29.909,21.647,36.365,18.657,41.468,7.742,748.725,67.5,4.417,40.0,2.042
2016-03-03 16:00:00,126.667,0.0,21.483,36.433,20.0,36.46,20.537,37.284,21.297,34.367,17.938,44.549,7.342,57.956,20.428,29.456,21.781,36.254,18.668,41.352,7.467,749.025,64.833,4.583,40.0,1.275
2016-03-03 17:00:00,150.0,0.0,21.636,39.308,20.021,38.323,20.681,37.946,21.009,34.536,17.976,45.272,6.776,54.97,20.295,29.196,22.164,36.993,18.662,41.175,6.625,749.367,68.5,3.167,40.0,1.183
2016-03-03 18:00:00,91.667,5.0,21.613,37.774,19.913,37.776,20.729,37.686,20.766,34.789,17.922,45.359,5.933,56.638,19.981,29.079,22.368,37.125,18.612,41.041,5.392,749.808,74.917,2.417,40.0,1.217
2016-03-03 19:00:00,101.667,5.0,21.643,37.372,20.068,37.408,20.844,37.405,20.56,34.957,18.027,50.047,3.321,64.566,19.679,29.341,22.224,37.376,18.6,40.831,3.65,749.975,82.75,2.583,40.0,0.975
2016-03-03 20:00:00,91.667,0.0,21.954,36.956,20.588,37.305,21.216,37.231,20.336,34.673,20.269,78.428,1.464,70.132,19.435,29.593,22.18,38.564,18.55,38.882,2.142,749.8,89.25,2.0,35.0,0.55
2016-03-03 21:00:00,73.333,0.0,22.339,37.064,20.948,37.432,21.388,37.566,20.204,34.55,20.298,47.453,0.833,73.551,19.256,29.726,22.025,39.321,18.471,37.189,1.417,749.633,91.417,2.417,25.917,0.158
2016-03-03 22:00:00,50.0,1.667,22.461,36.868,20.952,37.518,21.052,37.818,20.07,34.889,19.891,47.381,1.176,76.562,19.224,30.542,21.875,40.54,18.39,37.162,1.592,749.15,92.0,3.0,23.0,0.392
2016-03-03 23:00:00,48.333,3.333,22.336,36.95,20.655,37.37,20.867,37.907,19.969,35.229,19.336,51.38,1.204,77.442,19.184,31.156,21.735,41.421,18.414,38.072,2.292,748.467,89.5,3.0,25.5,0.717
2016-03-04 00:00:00,48.333,1.667,22.129,36.854,20.25,37.249,20.782,37.917,19.835,35.337,19.03,52.47,1.702,78.355,19.095,31.463,21.513,42.034,18.495,39.344,2.908,747.583,84.333,3.417,33.583,0.475
2016-03-04 01:00:00,50.0,1.667,21.87,36.4,19.923,36.958,20.768,37.905,19.751,35.295,18.801,52.726,2.703,75.667,19.026,31.578,21.386,43.805,18.484,39.876,3.533,746.583,79.917,4.417,40.0,0.258
2016-03-04 02:00:00,46.667,0.0,21.627,36.164,19.624,36.911,20.799,37.987,19.668,35.29,18.633,52.625,3.537,68.51,18.956,31.633,21.266,44.722,18.5,40.309,4.167,745.583,75.333,6.25,40.0,0.075
2016-03-04 03:00:00,35.0,1.667,21.389,36.058,19.367,37.176,20.893,38.221,19.594,35.29,18.488,52.453,3.975,65.927,18.89,31.702,21.2,44.629,18.5,40.729,4.192,744.375,76.333,7.583,48.75,0.317
2016-03-04 04:00:00,46.667,1.667,21.204,36.152,19.179,37.474,20.911,38.378,19.502,35.502,18.371,52.13,3.818,72.894,18.832,31.846,21.107,44.515,18.5,41.045,3.942,742.917,82.667,7.0,52.25,1.192
2016-03-04 05:00:00,48.333,0.0,21.008,36.342,18.998,37.837,20.945,38.58,19.405,35.72,18.275,51.936,4.083,76.246,18.79,32.087,21.064,44.617,18.5,41.336,3.875,741.558,87.5,7.417,48.75,1.892
2016-03-04 06:00:00,45.0,1.667,20.826,36.597,18.847,38.162,21.0,38.703,19.35,35.99,18.2,51.576,3.945,79.259,18.74,32.362,20.955,44.587,18.5,41.572,3.754,740.687,91.119,7.643,59.75,2.378
2016-03-04 07:00:00,35.0,3.333,20.666,37.2,18.73,38.826,20.9,38.589,19.277,36.256,18.285,48.725,4.09,80.053,18.7,32.608,20.857,44.56,18.5,41.933,3.882,740.416,91.405,6.786,56.75,2.563
2016-03-04 08:00:00,53.333,3.333,20.553,38.005,18.658,39.041,20.61,37.841,19.28,36.662,18.247,47.424,4.228,80.809,18.583,32.621,20.661,42.679,18.508,41.555,4.011,740.144,91.69,5.928,53.75,2.748
2016-03-04 09:00:00,46.667,1.667,20.407,37.91,18.593,39.008,20.6,38.0,19.224,36.729,18.148,47.91,4.724,81.678,18.463,32.932,20.484,41.425,18.462,40.525,4.139,739.873,91.976,5.072,50.75,2.934
2016-03-04 10:00:00,36.667,0.0,20.353,37.94,18.673,38.983,20.583,37.866,19.124,36.555,18.07,47.774,4.175,81.356,18.408,32.943,20.34,40.886,18.39,39.718,4.268,739.601,92.262,4.214,47.75,3.12
2016-03-04 11:00:00,46.667,0.0,20.481,39.328,19.076,38.63,20.525,37.827,19.067,36.183,18.002,47.316,4.402,81.526,18.39,32.519,20.209,39.972,18.331,38.911,4.397,739.33,92.548,3.357,44.75,3.306
2016-03-04 12:00:00,53.333,0.0,20.67,40.598,19.546,38.332,20.61,38.089,19.023,36.24,18.007,46.951,6.007,81.902,18.39,32.761,20.104,39.732,18.311,38.7,4.525,739.058,92.833,2.5,41.75,3.492
2016-03-04 13:00:00,146.667,0.0,20.837,38.505,19.891,37.93,20.689,38.16,19.005,36.442,18.0,46.579,7.2,82.542,18.4,33.094,20.005,39.559,18.334,38.692,5.1,738.858,91.333,2.833,40.0,3.808
2016-03-04 14:00:00,240.0,0.0,21.072,39.026,20.275,37.619,20.807,38.36,19.098,36.613,18.014,46.414,7.622,82.718,18.523,33.12,20.0,39.376,18.393,38.702,5.467,738.8,87.75,3.583,35.0,3.558
2016-03-04 15:00:00,290.0,0.0,20.881,37.067,19.342,36.481,21.683,39.613,19.159,36.138,18.028,46.123,7.746,79.817,18.847,32.462,20.154,38.797,18.482,39.01,6.0,738.925,79.75,2.167,33.0,2.633
2016-03-04 16:00:00,238.333,0.0,20.895,38.776,19.596,38.19,22.373,38.83,19.126,36.071,18.026,46.103,7.776,75.821,18.908,32.048,20.129,38.354,18.5,38.856,7.442,739.142,67.667,1.0,40.0,1.775
2016-03-04 17:00:00,148.333,0.0,20.99,38.494,19.768,37.914,22.833,37.574,19.1,35.652,18.067,46.243,6.737,63.485,19.093,31.352,20.274,38.051,18.524,38.601,6.917,739.242,68.417,1.0,32.917,1.442
2016-03-04 18:00:00,95.0,1.667,20.946,37.871,19.524,37.5,22.272,36.526,19.064,35.423,18.111,45.64,4.416,67.804,19.163,30.884,20.967,38.481,18.54,38.127,5.1,739.467,80.583,1.0,30.083,1.992
2016-03-04 19:00:00,173.333,8.333,21.19,38.874,19.29,38.718,21.881,36.748,18.945,35.588,18.043,45.462,2.643,74.115,18.988,31.006,21.303,38.652,18.474,37.802,3.2,739.783,89.083,1.0,32.5,1.533
2016-03-04 20:00:00,118.333,18.333,21.395,37.906,19.29,39.201,21.713,37.073,19.0,36.56,18.094,45.76,2.285,76.483,18.819,31.074,21.613,38.712,18.386,37.277,2.417,739.942,92.417,1.417,22.0,1.258
2016-03-04 21:00:00,115.0,5.0,21.54,37.162,19.29,39.038,21.588,36.898,20.312,36.889,18.832,61.089,1.675,76.343,18.704,31.11,21.898,38.544,18.312,36.965,2.05,740.125,93.0,2.0,22.833,0.95
2016-03-04 22:00:00,88.333,1.667,21.553,37.041,19.151,39.106,21.403,36.857,19.895,35.434,18.93,54.143,0.976,75.97,18.613,31.069,22.17,38.366,18.29,36.916,1.533,740.342,92.583,1.583,23.583,0.392
2016-03-04 23:00:00,43.333,0.0,21.38,37.32,18.864,39.612,21.39,37.385,19.542,35.898,18.801,48.216,0.844,76.553,18.6,31.784,21.95,39.671,18.29,38.113,0.967,740.442,94.083,1.0,39.25,0.1
2016-03-05 00:00:00,48.333,1.667,21.166,37.363,18.589,39.886,21.396,37.638,19.292,36.208,18.7,45.986,1.044,77.618,18.6,32.151,21.645,40.938,18.312,38.93,0.542,740.5,97.0,1.0,62.0,0.142
2016-03-05 01:00:00,36.667,1.667,20.974,37.253,18.37,39.869,21.396,37.786,19.1,36.29,18.622,44.906,0.918,77.369,18.533,32.25,21.427,42.527,18.351,39.692,0.6,740.417,97.0,1.417,61.583,0.2
2016-03-05 02:00:00,48.333,0.0,20.775,37.2,18.115,39.978,21.219,37.809,18.945,36.29,18.589,44.278,0.556,76.913,18.5,32.29,21.245,43.161,18.39,40.293,0.392,740.258,97.833,1.167,58.083,0.075
2016-03-05 03:00:00,46.667,1.667,20.6,37.188,17.847,40.04,21.044,37.686,18.829,36.235,18.5,43.866,0.772,77.962,18.494,32.315,21.128,43.61,18.39,40.706,0.1,740.2,99.0,0.417,53.167,-0.1
2016-03-05 04:00:00,46.667,0.0,20.416,37.151,17.622,40.159,20.89,37.663,18.705,36.215,18.439,43.574,1.092,78.745,18.427,32.321,20.993,43.465,18.39,41.051,0.225,740.283,99.0,1.0,45.333,0.025
2016-03-05 05:00:00,35.0,0.0,20.255,37.163,17.47,40.456,20.794,37.571,18.644,36.29,18.373,43.43,1.406,79.134,18.39,32.388,20.874,43.288,18.39,41.286,0.483,740.442,98.167,1.0,39.333,0.2
2016-03-05 06:00:00,45.0,0.0,20.128,37.215,17.318,40.551,20.755,37.704,18.556,36.363,18.29,43.369,1.71,79.294,18.379,32.456,20.76,43.25,18.39,41.461,0.85,740.667,96.583,1.0,44.833,0.367
2016-03-05 07:00:00,46.667,0.0,19.975,37.296,17.215,40.627,20.862,37.966,18.488,36.489,18.29,43.302,1.9,79.356,18.29,32.52,20.7,43.564,18.39,41.591,1.2,740.983,96.417,1.0,41.0,0.683
2016-03-05 08:00:00,45.0,0.0,19.862,37.79,17.133,40.92,20.836,37.848,18.39,36.553,18.235,43.284,2.209,79.6,18.275,32.515,20.611,43.654,18.402,41.762,1.45,741.267,96.583,1.0,37.333,0.967
2016-03-05 09:00:00,45.0,0.0,19.801,38.029,17.199,40.953,20.633,37.217,18.39,37.003,18.27,42.674,2.907,79.996,18.128,32.007,20.506,42.566,18.357,40.597,2.175,741.542,93.917,1.0,50.333,1.242
2016-03-05 10:00:00,63.333,0.0,19.79,37.284,17.346,40.121,20.488,36.83,18.39,36.897,18.781,54.633,4.228,79.943,18.1,31.663,20.488,42.192,18.29,39.328,2.825,741.767,91.417,1.417,56.583,1.508
2016-03-05 11:00:00,76.667,0.0,19.7,36.618,17.42,39.08,20.398,36.398,18.318,36.388,19.246,82.899,4.763,66.586,18.1,30.812,20.785,41.62,18.22,38.116,3.375,742.042,89.083,2.0,55.25,1.717
2016-03-05 12:00:00,78.333,0.0,19.7,36.29,17.65,38.492,20.225,35.774,18.346,36.252,18.611,59.89,6.259,62.926,18.1,30.762,21.27,40.565,18.2,37.368,4.192,742.183,86.667,1.583,59.417,2.142
2016-03-05 13:00:00,76.667,1.667,19.639,36.222,17.786,37.679,20.094,35.692,18.357,36.143,18.5,48.127,7.527,61.004,18.1,30.952,21.554,40.218,18.2,37.259,5.017,742.425,81.917,1.0,40.917,2.067
2016-03-05 14:00:00,243.333,0.0,19.6,36.734,17.936,38.403,20.1,36.069,18.323,36.033,18.412,46.894,8.308,57.718,18.111,30.714,21.74,40.531,18.238,37.282,5.725,742.642,67.833,1.0,30.667,0.15
2016-03-05 15:00:00,248.333,0.0,19.707,36.865,18.011,38.476,20.099,36.207,18.445,36.376,18.301,47.908,7.389,50.724,18.601,30.303,22.162,39.677,18.282,37.507,6.567,742.742,58.25,1.0,35.0,-1.192
2016-03-05 16:00:00,300.0,0.0,19.973,36.997,18.1,37.919,21.452,38.575,18.6,36.444,18.22,47.419,7.114,48.195,19.117,28.935,22.493,37.734,18.414,37.851,6.875,742.883,58.833,1.417,33.0,-0.85
2016-03-05 17:00:00,63.333,6.667,20.011,34.61,17.887,36.729,21.692,35.392,18.468,35.018,18.144,46.858,6.329,51.183,19.027,28.833,22.156,36.137,18.346,37.0,5.417,743.125,67.833,2.417,40.0,-0.133
2016-03-05 18:00:00,193.333,11.667,20.067,37.516,18.137,38.446,21.123,34.933,18.335,35.264,18.083,46.503,4.657,54.682,18.835,28.823,21.762,35.823,18.275,36.324,3.725,743.425,74.417,3.0,40.0,-0.475
2016-03-05 19:00:00,108.333,18.333,20.313,38.848,18.139,40.562,20.804,36.29,18.29,36.809,18.022,47.501,2.669,61.66,18.656,29.021,21.622,36.63,18.2,35.808,2.292,743.683,83.667,2.583,40.0,-0.217
2016-03-05 20:00:00,76.667,23.333,20.272,37.986,17.93,39.806,20.38,36.388,18.21,37.301,18.016,49.203,2.83,66.586,18.496,29.324,21.439,35.961,18.117,35.535,2.5,743.925,86.417,2.417,32.5,0.442
2016-03-05 21:00:00,86.667,16.667,20.056,37.22,17.72,39.273,20.187,36.54,18.1,37.234,19.291,68.271,3.452,73.34,18.39,30.241,21.25,35.686,18.022,35.597,3.117,744.183,90.333,3.0,23.25,1.617
2016-03-05 22:00:00,91.667,13.333,19.927,37.473,17.622,39.752,20.1,36.716,18.0,36.917,19.31,67.13,3.639,75.139,18.318,30.98,21.119,35.826,17.988,35.956,3.083,744.342,94.583,3.417,25.0,2.242
2016-03-05 23:00:00,43.333,0.0,19.74,37.804,17.544,39.989,20.1,37.008,17.92,37.013,18.849,59.018,3.602,75.35,18.301,31.463,21.167,37.444,17.988,36.947,3.283,744.442,93.167,4.0,31.25,2.258
2016-03-06 00:00:00,41.667,0.0,19.606,37.7,17.408,39.978,20.1,37.236,17.857,37.09,18.583,56.712,3.676,75.764,18.319,31.799,21.072,39.518,18.0,38.102,3.4,744.583,92.417,4.417,34.583,2.242
2016-03-06 01:00:00,46.667,0.0,19.445,37.645,17.271,39.972,20.1,37.357,17.78,37.09,18.404,55.874,3.443,74.385,18.29,31.976,20.898,40.839,18.0,39.009,3.317,744.7,93.0,5.0,32.417,2.258
2016-03-06 02:00:00,41.667,0.0,19.329,37.657,17.161,39.939,20.15,37.428,17.7,37.14,18.235,55.323,3.391,76.384,18.29,32.139,20.78,42.352,18.0,39.917,3.325,744.783,93.0,5.417,40.0,2.283
2016-03-06 03:00:00,40.0,0.0,19.188,37.688,17.078,39.989,20.189,37.55,17.661,37.173,18.117,54.77,2.984,78.314,18.235,32.188,20.71,43.006,18.011,40.484,3.292,744.942,93.0,5.583,35.417,2.192
2016-03-06 04:00:00,48.333,0.0,19.078,37.77,16.976,40.02,20.26,37.784,17.6,37.188,18.033,54.197,3.07,78.55,18.2,32.293,20.644,43.372,18.022,40.808,2.792,745.042,93.833,5.833,33.583,1.817
2016-03-06 05:00:00,41.667,0.0,18.976,37.802,16.89,40.09,20.29,37.887,17.528,37.228,17.914,53.75,2.751,77.497,18.161,32.4,20.55,43.296,18.044,41.252,2.708,745.142,93.333,7.417,40.0,1.7
2016-03-06 06:00:00,38.333,0.0,18.857,37.9,16.801,40.08,20.245,37.956,17.476,37.25,17.833,53.351,2.717,76.654,18.1,32.433,20.469,43.25,18.0,41.52,3.0,745.283,91.0,7.583,40.0,1.7
2016-03-06 07:00:00,46.667,0.0,18.755,37.95,16.715,40.2,20.245,38.155,17.414,37.28,17.765,53.028,2.664,76.041,18.1,32.5,20.351,43.265,18.011,41.818,2.792,745.525,91.833,7.0,35.0,1.617
2016-03-06 08:00:00,43.333,0.0,18.672,38.025,16.694,40.21,20.29,38.29,17.365,37.296,17.71,52.683,2.816,75.719,18.067,32.51,20.29,43.553,18.011,41.972,2.667,745.783,93.833,6.167,24.667,1.75
2016-03-06 09:00:00,51.667,1.667,18.617,38.667,16.682,40.981,20.129,37.826,17.542,37.725,17.628,52.085,3.173,75.378,17.982,32.52,20.27,43.698,18.021,41.938,2.9,746.15,95.0,5.417,20.0,2.1
2016-03-06 10:00:00,55.0,1.667,18.829,39.433,16.904,41.208,19.914,37.478,18.468,37.583,17.6,50.222,2.654,75.09,17.862,32.234,20.22,42.974,17.976,40.562,2.817,746.625,95.0,6.0,20.833,2.017
2016-03-06 11:00:00,75.0,0.0,19.089,38.988,17.42,41.051,19.89,37.4,20.023,37.424,17.511,49.084,2.833,74.936,17.79,31.936,20.293,42.277,17.914,39.352,2.992,746.8,94.167,6.0,29.5,2.108
2016-03-06 12:00:00,88.333,18.333,19.451,39.006,17.989,40.547,19.812,37.466,20.698,36.641,17.5,48.313,3.571,75.136,17.79,32.249,20.578,41.316,17.868,38.748,3.733,746.883,93.0,6.417,40.0,2.692
2016-03-06 13:00:00,81.667,11.667,19.633,38.843,18.474,39.667,19.796,37.511,20.197,36.444,17.5,47.747,3.026,75.024,17.77,32.21,20.832,40.847,17.818,38.349,4.533,746.958,91.75,6.583,40.0,3.225
2016-03-06 14:00:00,60.0,0.0,20.182,38.518,19.084,38.857,19.884,37.694,19.681,35.967,17.511,47.407,3.44,75.082,17.79,32.329,20.988,40.847,17.79,37.996,4.458,747.025,90.417,6.0,32.5,2.983
2016-03-06 15:00:00,76.667,1.667,20.566,37.913,19.497,38.166,19.801,37.614,19.256,35.728,17.5,47.074,2.864,74.731,17.77,32.158,20.891,39.061,17.79,37.584,3.408,747.283,91.417,5.167,29.5,2.15
2016-03-06 16:00:00,73.333,0.0,20.578,37.265,19.428,37.574,19.857,37.489,19.1,36.636,17.556,46.73,3.344,75.122,17.872,32.029,21.186,39.55,17.79,37.419,2.667,747.4,92.417,4.0,48.75,1.508
2016-03-06 17:00:00,76.667,0.0,20.463,37.03,19.208,37.552,20.0,37.398,19.083,37.131,17.6,46.441,4.461,75.62,18.183,32.066,21.621,40.063,17.835,37.602,2.533,747.4,92.167,3.167,52.25,1.35
2016-03-06 18:00:00,383.333,1.667,20.301,39.288,18.95,38.531,19.963,37.575,18.963,37.162,17.6,46.193,3.477,76.767,18.225,31.673,21.737,38.95,17.812,37.336,2.875,747.525,90.583,1.583,40.0,1.492
2016-03-06 19:00:00,210.0,8.333,20.344,43.51,18.74,41.952,19.985,38.63,18.835,37.973,17.592,46.894,1.841,77.488,18.1,31.25,21.777,38.504,17.735,36.896,2.325,747.783,92.083,1.0,34.583,1.117
2016-03-06 20:00:00,240.0,6.667,20.229,40.748,18.445,40.756,20.183,39.403,18.77,37.92,17.94,66.039,0.711,77.407,17.988,30.928,22.038,38.107,17.7,36.568,1.508,747.942,96.25,1.0,24.917,0.917
2016-03-06 21:00:00,166.667,5.0,20.111,39.368,18.208,40.12,20.212,39.112,18.58,36.529,18.733,84.306,0.705,77.218,17.89,30.754,21.965,38.556,17.65,36.225,0.892,748.0,98.417,1.417,38.25,0.675
2016-03-06 22:00:00,68.333,21.667,20.1,38.614,18.009,39.811,20.1,39.129,19.742,36.94,18.137,80.441,0.144,77.486,17.879,31.165,21.688,39.753,17.6,36.23,0.767,748.0,98.167,1.583,61.833,0.542
2016-03-06 23:00:00,58.333,23.333,20.012,38.076,17.803,39.73,20.122,38.886,20.331,37.107,17.928,72.497,-0.578,77.224,17.89,31.633,21.533,41.407,17.6,36.874,0.583,747.875,97.417,1.0,57.167,0.225
2016-03-07 00:00:00,41.667,11.667,19.914,37.718,17.622,39.74,20.129,39.138,20.388,37.268,17.75,66.583,-0.77,77.136,17.89,31.725,21.426,42.544,17.578,37.47,0.0,747.7,98.0,1.0,47.75,-0.3
2016-03-07 01:00:00,48.333,1.667,19.77,37.33,17.433,39.79,20.094,39.004,20.061,36.76,17.644,62.745,-0.2,76.728,17.848,31.762,21.176,44.153,17.589,38.319,0.167,747.658,97.583,1.0,52.667,-0.175
2016-03-07 02:00:00,43.333,1.667,19.639,37.2,17.292,39.827,20.089,38.766,19.519,36.76,17.55,60.271,0.467,76.456,17.801,31.801,21.028,45.191,17.6,38.924,0.483,747.517,97.0,1.417,61.583,0.042
2016-03-07 03:00:00,40.0,1.667,19.522,37.177,17.194,39.79,20.032,39.008,19.135,36.67,17.494,58.845,0.775,76.443,17.79,31.857,20.904,45.064,17.6,39.54,0.392,747.358,97.833,2.0,40.167,0.058
2016-03-07 04:00:00,43.333,0.0,19.351,37.04,17.089,39.71,19.813,39.044,18.87,36.555,17.39,57.671,1.034,76.874,17.736,31.89,20.79,44.253,17.6,40.281,0.058,747.217,99.417,1.583,11.417,0.0
2016-03-07 05:00:00,36.667,1.667,19.225,36.928,16.963,39.51,19.7,38.703,18.666,36.45,17.312,56.696,1.172,77.286,17.7,31.92,20.666,43.771,17.611,40.82,0.042,747.142,100.0,1.0,20.333,0.042
2016-03-07 06:00:00,45.0,0.0,19.089,36.922,16.868,39.478,19.566,38.466,18.525,36.432,17.28,55.896,1.1,77.322,17.7,32.0,20.499,43.627,17.622,41.151,0.142,747.242,99.583,1.417,26.167,0.1
2016-03-07 07:00:00,53.333,1.667,19.0,37.109,16.78,39.614,19.589,38.446,18.346,36.574,17.312,54.693,1.273,77.124,17.636,31.954,20.422,43.655,17.662,41.414,0.242,747.467,99.0,1.583,25.083,0.142
2016-03-07 08:00:00,133.333,0.0,18.927,37.654,16.847,40.05,19.473,37.825,18.24,36.52,17.521,53.941,1.82,77.122,17.533,31.597,20.214,42.057,17.611,40.363,0.508,747.783,98.167,1.0,37.5,0.283
2016-03-07 09:00:00,78.333,0.0,18.945,37.815,17.105,39.736,19.39,37.34,18.122,35.962,17.984,52.186,2.141,76.852,17.439,31.282,20.033,40.282,17.556,38.651,1.008,748.025,96.583,2.25,50.167,0.525
2016-03-07 10:00:00,433.333,0.0,19.214,38.902,17.61,39.246,19.937,39.077,18.078,35.813,17.655,50.544,2.577,76.33,17.39,31.29,19.852,39.376,17.506,37.627,1.675,748.367,94.75,3.167,48.417,0.867
2016-03-07 11:00:00,486.667,0.0,19.834,43.027,18.321,39.563,21.042,40.282,18.066,35.713,17.522,49.941,3.611,75.926,17.438,31.296,19.75,38.764,17.5,37.203,2.658,748.683,88.833,2.833,33.0,0.892
2016-03-07 12:00:00,253.333,0.0,20.324,44.046,18.987,40.562,21.785,42.074,18.188,35.582,17.476,50.402,4.718,75.763,17.621,31.127,19.7,38.147,17.522,36.962,3.592,748.842,78.833,4.417,40.0,0.183
2016-03-07 13:00:00,313.333,0.0,20.697,40.72,19.334,39.087,21.91,39.299,18.24,35.276,17.39,49.749,4.929,75.592,17.816,30.805,19.7,37.692,17.589,36.714,3.917,748.983,76.333,4.583,40.0,0.1
2016-03-07 14:00:00,231.667,1.667,21.088,40.096,19.637,38.356,22.568,38.991,18.29,35.139,17.39,49.03,5.504,75.57,18.053,30.621,19.771,37.238,17.628,36.759,4.508,749.142,78.083,3.583,40.0,0.967
2016-03-07 15:00:00,268.333,0.0,21.373,41.157,19.846,38.203,22.718,38.456,18.39,34.872,17.39,49.138,6.006,75.629,18.432,30.08,19.998,36.862,17.755,37.224,4.958,749.283,74.417,3.0,40.0,0.783
2016-03-07 16:00:00,150.0,1.667,21.451,39.242,19.92,38.205,23.184,37.946,18.39,34.402,17.433,49.145,5.893,75.8,18.642,29.347,20.127,36.125,17.812,37.123,3.117,749.65,82.917,2.167,31.667,0.45
2016-03-07 17:00:00,66.667,0.0,21.353,38.186,19.761,37.631,22.606,36.306,18.373,34.677,17.5,48.552,4.541,76.476,18.756,31.478,20.156,36.341,17.835,37.641,2.392,750.167,91.083,1.417,28.333,1.092
2016-03-07 18:00:00,86.667,0.0,21.144,37.916,19.362,37.876,22.029,35.988,18.245,34.96,17.451,47.816,2.676,77.71,18.65,32.542,20.372,37.496,17.79,36.884,2.625,750.775,89.917,1.583,40.0,1.125
2016-03-07 19:00:00,223.333,3.333,21.033,39.896,19.033,38.431,21.677,35.973,18.122,34.989,17.402,47.238,0.796,77.703,18.528,32.737,20.739,38.216,17.714,36.298,1.733,751.508,93.167,1.0,35.417,0.767
2016-03-07 20:00:00,116.667,6.667,21.229,40.152,19.182,40.082,21.6,36.798,18.011,34.813,17.402,47.751,-0.395,77.709,18.334,31.651,20.998,38.146,17.644,35.886,1.992,752.008,91.583,1.0,29.0,0.75
2016-03-07 21:00:00,91.667,21.667,21.275,38.304,19.182,39.313,21.474,36.534,19.269,35.288,17.401,47.619,-0.6,77.684,18.323,31.707,21.139,38.262,17.594,35.755,1.325,752.508,92.25,1.0,25.667,0.233
2016-03-07 22:00:00,76.667,16.667,21.161,37.143,18.945,38.5,21.288,36.562,20.864,35.084,17.513,50.65,-0.544,77.72,18.301,32.107,20.94,38.499,17.533,35.494,0.717,752.967,94.833,1.417,21.0,0.0
2016-03-07 23:00:00,61.667,21.667,20.974,37.481,18.579,39.318,21.111,36.929,21.23,35.388,18.238,58.796,0.144,77.843,18.29,33.084,20.686,39.15,17.5,35.961,0.517,753.367,96.0,1.583,38.917,-0.042
2016-03-08 00:00:00,61.667,23.333,20.772,38.141,18.24,40.529,21.022,36.922,20.8,36.277,18.29,47.798,0.767,78.063,18.324,34.29,20.5,41.731,17.5,36.597,0.275,753.767,96.833,1.0,58.167,-0.142
2016-03-08 01:00:00,58.333,21.667,20.544,38.362,17.997,40.861,20.963,37.01,20.942,36.598,18.285,45.33,1.495,78.46,18.373,35.15,20.427,44.007,17.488,37.345,0.392,754.125,98.417,1.0,49.583,0.133
2016-03-08 02:00:00,50.0,6.667,20.335,38.375,17.786,41.014,20.908,37.133,20.862,36.338,18.208,44.292,1.898,78.802,18.379,35.477,20.324,45.028,17.5,37.937,0.967,754.342,99.0,1.0,45.667,0.767
2016-03-08 03:00:00,41.667,0.0,20.167,38.363,17.661,41.087,21.061,37.176,20.274,36.4,18.2,43.762,1.552,79.15,18.39,35.832,20.255,45.606,17.511,38.53,0.742,754.483,99.0,1.0,37.25,0.542
2016-03-08 04:00:00,45.0,0.0,19.978,38.165,17.528,41.0,21.017,37.265,19.745,36.333,18.155,43.429,-0.422,78.171,18.39,36.019,20.189,45.2,17.511,39.019,-0.275,754.767,99.0,1.0,26.167,-0.433
2016-03-08 05:00:00,46.667,0.0,19.829,38.035,17.344,40.936,21.0,37.392,19.398,36.28,18.1,43.112,-0.478,78.375,18.39,36.046,20.067,45.026,17.511,39.448,-0.675,755.208,99.417,1.0,16.75,-0.733
2016-03-08 06:00:00,40.0,0.0,19.688,38.003,17.165,40.989,21.011,37.582,19.16,36.209,18.039,42.915,-1.209,77.608,18.39,36.215,19.988,45.134,17.5,39.818,-0.542,755.75,99.583,1.417,15.0,-0.583
2016-03-08 07:00:00,56.667,3.333,19.6,38.379,17.056,41.139,20.829,37.452,18.881,35.621,17.905,43.896,-1.424,77.517,18.338,35.622,19.904,44.188,17.544,39.909,-0.517,756.267,99.417,2.0,25.0,-0.575
2016-03-08 08:00:00,51.667,0.0,19.6,37.964,17.165,40.557,20.503,36.414,18.74,35.21,17.715,45.17,-0.111,78.536,18.083,33.202,19.709,41.23,17.488,38.197,0.142,756.708,99.583,2.0,38.167,0.058
2016-03-08 09:00:00,33.333,5.0,19.5,37.639,17.357,39.788,20.303,35.946,18.678,35.408,17.611,45.122,1.807,79.101,17.927,32.422,19.538,39.863,17.408,37.109,1.233,757.125,98.167,2.417,47.0,0.95
2016-03-08 10:00:00,48.333,0.0,19.424,37.37,18.036,38.918,20.156,35.693,18.714,35.744,17.55,44.92,3.128,79.741,17.89,32.476,19.402,39.331,17.445,36.787,2.783,757.3,93.25,2.583,44.333,1.758
2016-03-08 11:00:00,50.0,0.0,19.49,38.524,18.636,36.962,20.061,35.704,18.952,35.868,17.5,44.588,5.765,80.407,18.009,32.786,19.39,39.314,17.583,37.212,4.758,757.3,84.25,2.417,28.917,2.233
2016-03-08 12:00:00,140.0,0.0,19.656,38.517,18.749,37.407,20.111,36.198,19.061,35.848,17.5,44.58,7.773,81.747,18.255,32.1,19.523,38.71,17.667,37.617,5.817,757.3,75.667,3.0,40.0,1.75
2016-03-08 13:00:00,130.0,1.667,19.818,38.795,18.988,36.95,20.25,36.493,19.1,35.432,17.987,64.952,9.048,82.407,18.56,31.03,19.699,37.739,17.7,38.064,6.442,757.258,67.667,3.417,40.0,0.733
2016-03-08 14:00:00,41.667,1.667,20.021,40.018,19.04,38.07,20.357,37.018,19.2,34.94,17.847,64.04,9.572,81.214,18.944,29.966,19.986,36.82,17.79,39.399,6.667,757.117,63.833,3.583,40.0,0.133
2016-03-08 15:00:00,43.333,0.0,20.078,40.141,18.968,38.229,20.296,37.386,19.144,34.341,17.708,55.941,9.42,77.257,18.997,29.328,20.044,36.276,17.78,39.77,6.775,757.0,64.167,3.417,40.0,0.35
2016-03-08 16:00:00,48.333,1.667,20.0,39.522,18.713,37.875,20.27,37.408,18.988,33.766,17.689,52.184,9.248,76.088,18.812,28.897,19.902,35.851,17.775,39.491,6.767,756.875,60.917,3.583,40.0,-0.375
2016-03-08 17:00:00,48.333,1.667,19.92,38.84,18.383,37.636,20.227,37.134,18.857,33.291,17.617,49.741,8.18,75.968,18.74,28.36,19.818,35.285,17.71,38.874,6.542,756.742,61.333,3.0,40.0,-0.525
2016-03-08 18:00:00,333.333,10.0,19.846,38.899,17.99,38.104,20.089,36.684,18.74,33.752,17.517,48.29,6.947,78.321,18.533,28.684,20.171,36.203,17.7,37.186,5.65,756.967,67.667,3.0,40.0,0.083
2016-03-08 19:00:00,123.333,25.0,20.167,45.166,18.009,43.311,20.144,37.918,18.754,35.629,17.5,48.619,5.975,79.34,18.39,29.153,20.329,36.194,17.611,35.84,5.342,757.117,70.833,3.0,40.0,0.408
2016-03-08 20:00:00,103.333,33.333,20.638,39.915,18.318,41.372,20.22,38.006,19.618,36.983,17.61,51.807,5.144,78.633,18.268,29.758,20.686,37.081,17.542,35.53,4.983,756.667,73.25,3.417,40.0,0.533
2016-03-08 21:00:00,103.333,3.333,21.009,39.108,18.644,41.281,20.34,37.874,20.897,35.73,18.715,54.239,4.941,78.808,18.368,31.564,20.79,37.559,17.482,35.359,4.525,755.992,74.583,4.0,40.0,0.342
2016-03-08 22:00:00,60.0,1.667,21.043,38.384,18.532,40.702,20.27,37.97,20.151,34.419,18.864,44.86,5.03,77.997,18.334,31.959,20.879,38.116,17.445,35.713,4.658,755.283,74.833,4.417,40.0,0.525
2016-03-08 23:00:00,36.667,0.0,20.794,38.066,18.175,40.479,20.161,38.102,19.664,35.001,18.387,46.618,5.018,77.23,18.379,33.23,20.803,40.41,17.5,37.641,4.6,754.408,75.583,5.417,40.0,0.617
2016-03-09 00:00:00,50.0,1.667,20.622,37.783,17.77,40.648,20.1,38.102,19.341,35.269,18.172,47.233,5.075,75.002,18.39,34.289,20.56,41.364,17.511,38.363,4.6,753.667,73.75,6.0,40.0,0.292
2016-03-09 01:00:00,46.667,0.0,20.38,37.521,17.44,40.54,20.167,38.08,19.138,35.336,17.987,47.21,5.027,70.709,18.414,34.746,20.34,42.688,17.578,38.951,4.517,752.908,72.417,5.583,40.0,0.0
2016-03-09 02:00:00,38.333,0.0,20.182,37.392,17.197,40.478,20.156,37.92,18.951,35.29,17.868,47.186,4.335,68.718,18.494,35.141,20.245,43.716,17.589,39.357,4.275,752.0,72.583,5.417,40.0,-0.208
2016-03-09 03:00:00,50.0,0.0,20.01,37.127,16.93,40.608,20.192,37.9,18.802,35.22,17.775,47.09,4.091,68.393,18.5,35.223,20.128,43.594,17.6,39.704,3.933,750.758,72.833,6.417,40.0,-0.5
2016-03-09 04:00:00,45.0,0.0,19.846,37.05,16.729,41.033,20.34,37.961,18.667,35.2,17.71,47.09,4.028,67.196,18.5,35.139,20.028,43.659,17.6,39.932,3.825,749.542,72.333,7.0,40.0,-0.708
2016-03-09 05:00:00,35.0,0.0,19.682,36.989,16.55,41.17,20.493,37.97,18.55,35.188,17.639,47.035,4.111,64.494,18.451,35.218,19.897,43.36,17.6,40.055,3.875,748.483,71.25,6.583,40.0,-0.917
2016-03-09 06:00:00,48.333,0.0,19.55,37.0,16.363,41.27,20.542,37.928,18.47,35.176,17.572,47.0,4.114,62.725,18.442,35.622,19.79,42.944,17.6,40.161,3.867,747.442,72.167,6.833,40.0,-0.758
2016-03-09 07:00:00,55.0,1.667,19.433,37.507,16.22,41.875,20.474,37.773,18.39,35.392,17.522,46.51,3.776,61.219,18.511,35.942,19.74,42.862,17.6,40.476,4.017,746.467,71.417,8.0,40.0,-0.7
2016-03-09 08:00:00,188.333,3.333,19.424,38.315,16.2,43.008,20.189,37.314,18.391,36.264,17.554,47.418,4.051,58.75,18.391,34.546,19.611,41.496,17.6,40.165,4.108,745.75,70.333,8.0,40.0,-0.825
2016-03-09 09:00:00,165.0,1.667,19.414,38.196,16.275,42.36,20.061,37.174,19.543,36.318,17.75,48.803,4.94,53.109,18.214,32.672,19.45,39.751,17.671,40.683,4.65,745.108,66.75,8.0,40.0,-1.042
2016-03-09 10:00:00,155.0,1.667,19.439,38.418,16.485,42.864,20.006,37.055,19.404,35.205,17.6,47.403,5.78,47.042,18.1,31.496,19.318,38.651,17.7,39.558,5.375,744.575,62.5,8.833,40.0,-1.267
2016-03-09 11:00:00,46.667,8.333,19.5,38.898,16.672,42.056,19.928,36.848,19.111,34.535,17.506,45.441,6.337,39.763,18.0,30.63,19.177,37.874,17.7,38.332,6.108,744.358,59.0,9.583,40.0,-1.375
2016-03-09 12:00:00,50.0,0.0,19.5,37.264,16.667,40.5,19.82,36.642,18.892,34.098,17.5,44.087,6.718,42.136,17.914,30.498,19.067,37.597,17.7,37.618,6.442,744.3,59.833,9.0,40.0,-0.908
2016-03-09 13:00:00,73.333,1.667,19.457,36.622,16.751,39.964,19.914,37.153,18.725,34.306,17.416,43.287,6.715,47.706,17.89,31.031,19.044,37.884,17.7,37.466,6.833,744.217,62.667,9.417,40.0,0.125
2016-03-09 14:00:00,86.667,0.0,19.463,36.604,16.939,39.74,19.812,36.816,18.635,34.756,17.402,43.293,7.541,41.227,17.961,31.75,19.639,38.57,17.656,37.317,7.133,744.35,65.417,9.167,40.0,1.0
2016-03-09 15:00:00,113.333,6.667,19.399,36.841,16.994,40.017,19.79,36.651,18.71,35.642,17.39,43.662,7.274,40.496,18.05,32.285,20.052,38.577,17.6,36.873,6.775,744.908,65.583,7.167,40.0,0.75
2016-03-09 16:00:00,103.333,3.333,19.39,36.71,16.89,39.892,19.79,36.633,20.129,35.796,17.39,43.945,7.25,38.815,17.939,31.496,20.329,38.607,17.528,36.806,6.558,745.367,64.167,5.167,40.0,0.192
2016-03-09 17:00:00,101.667,8.333,19.473,36.793,17.144,39.907,19.79,36.585,21.87,34.936,17.39,43.447,6.733,37.45,17.879,31.242,20.661,38.488,17.445,36.523,6.333,745.933,63.417,4.417,40.0,-0.183
2016-03-09 18:00:00,140.0,11.667,19.838,37.051,17.537,39.773,19.818,36.65,21.49,33.806,17.379,43.476,6.261,39.338,18.351,33.699,20.847,38.576,17.379,36.081,6.058,746.733,64.833,5.417,40.0,-0.133
2016-03-09 19:00:00,135.0,6.667,20.308,38.034,18.04,39.986,20.073,36.898,20.819,33.925,17.681,50.871,5.778,42.586,18.225,32.636,21.122,37.973,17.29,35.574,5.875,747.45,66.417,6.0,40.0,0.058
2016-03-09 20:00:00,130.0,16.667,20.783,38.017,18.368,41.328,20.313,37.386,20.624,34.126,18.851,46.074,4.774,45.193,18.111,31.791,21.155,37.572,17.28,35.374,5.242,748.175,69.5,5.167,40.0,0.083
2016-03-09 21:00:00,111.667,23.333,21.0,36.944,18.476,40.261,20.283,37.317,21.508,34.476,19.531,79.285,3.53,49.897,18.061,31.599,21.002,38.517,17.29,35.575,4.767,749.033,72.167,3.167,40.0,0.2
2016-03-09 22:00:00,56.667,23.333,20.988,36.242,18.373,39.405,20.072,37.393,21.23,34.598,18.723,72.142,4.292,52.098,18.136,32.432,20.957,39.192,17.29,35.642,4.792,749.708,73.083,1.583,35.417,0.325
2016-03-09 23:00:00,58.333,23.333,20.824,36.417,18.228,39.686,19.92,37.56,21.15,35.246,18.393,61.752,4.933,50.327,18.178,33.441,20.745,40.307,17.29,36.439,4.333,750.292,76.833,1.417,27.75,0.542
2016-03-10 00:00:00,61.667,21.667,20.652,36.818,17.98,39.874,20.008,37.462,21.132,35.641,18.229,56.785,5.137,48.283,18.2,34.119,20.533,42.004,17.29,37.034,3.558,750.95,78.833,1.583,24.75,0.225
2016-03-10 01:00:00,50.0,21.667,20.445,36.873,17.697,39.778,20.1,37.229,21.44,35.771,18.089,54.695,3.935,50.574,18.225,34.712,20.368,43.934,17.29,37.652,2.342,751.675,80.833,1.0,22.583,-0.592
2016-03-10 02:00:00,46.667,0.0,20.25,36.904,17.417,39.972,20.133,37.114,21.127,35.398,17.963,53.33,4.101,53.532,18.29,35.424,20.26,44.396,17.368,38.36,1.325,752.45,84.083,1.0,21.167,-1.083
2016-03-10 03:00:00,41.667,0.0,20.067,36.922,17.23,40.217,20.26,37.252,20.631,35.394,17.89,52.618,3.716,54.392,18.312,35.784,20.189,44.631,17.368,38.831,0.8,753.133,87.0,1.417,38.75,-1.2
2016-03-10 04:00:00,41.667,0.0,19.914,36.9,16.986,40.578,20.27,37.319,20.261,35.58,17.785,51.963,2.378,55.534,18.301,35.708,20.119,44.289,17.39,39.246,0.717,753.767,87.0,1.583,65.0,-1.283
2016-03-10 05:00:00,48.333,0.0,19.75,36.79,16.762,40.693,20.29,37.461,19.994,35.52,17.71,51.568,1.795,57.558,18.301,35.842,20.039,43.939,17.39,39.608,0.183,754.375,88.25,1.0,64.583,-1.608
2016-03-10 06:00:00,35.0,0.0,19.622,36.73,16.56,40.76,20.368,37.5,19.76,35.316,17.639,51.243,0.355,58.929,18.29,35.922,19.908,43.621,17.39,39.869,-0.483,755.233,90.417,1.0,64.0,-1.9
2016-03-10 07:00:00,51.667,0.0,19.505,36.99,16.336,41.17,20.213,37.351,19.578,35.248,17.675,49.3,-0.344,61.974,18.351,36.295,19.848,43.395,17.39,40.151,-0.433,755.992,91.417,1.0,62.75,-1.692
2016-03-10 08:00:00,55.0,0.0,19.402,37.121,16.301,41.84,20.022,37.01,19.451,35.479,17.868,45.181,-0.167,64.266,18.29,34.978,19.678,41.872,17.414,39.909,0.675,756.65,89.5,1.0,61.833,-0.942
2016-03-10 09:00:00,75.0,1.667,19.457,37.906,17.419,41.174,19.903,36.978,19.996,35.821,17.951,43.586,2.345,65.721,18.27,34.188,19.589,41.352,17.644,39.071,2.817,757.25,82.25,1.0,63.417,-0.008
2016-03-10 10:00:00,91.667,1.667,19.554,38.034,19.673,38.269,19.93,36.917,20.718,36.151,18.043,42.951,6.152,49.532,18.332,33.662,19.611,40.842,17.765,40.387,5.142,757.808,72.833,1.0,46.917,0.608
2016-03-10 11:00:00,75.0,0.0,19.729,38.331,20.577,36.642,20.061,37.044,21.472,36.086,17.829,45.05,7.744,37.788,18.553,32.771,19.704,39.418,17.874,41.455,7.392,758.225,64.5,1.417,24.25,1.067
2016-03-10 12:00:00,78.333,1.667,20.117,38.008,20.6,35.654,20.111,37.108,22.019,35.64,17.785,45.399,8.773,34.318,19.276,31.583,20.246,37.94,17.89,41.428,8.833,758.525,60.167,1.583,26.0,1.425
2016-03-10 13:00:00,85.0,16.667,20.528,37.515,20.464,35.614,20.18,37.066,22.083,35.474,17.72,45.375,9.186,32.772,19.722,30.81,20.628,36.84,17.969,41.296,9.425,758.742,57.333,1.0,23.917,1.308
2016-03-10 14:00:00,50.0,1.667,20.729,36.972,20.197,35.499,20.323,37.018,21.996,34.686,17.7,45.413,9.987,28.516,19.964,30.26,20.781,36.251,17.988,41.051,9.725,758.967,55.0,1.0,21.417,1.067
2016-03-10 15:00:00,58.333,0.0,20.98,36.378,20.1,35.443,20.509,36.607,21.697,33.789,17.7,45.442,10.481,22.124,20.476,29.462,21.174,35.373,18.056,40.74,9.858,759.283,54.583,1.417,22.0,1.092
2016-03-10 16:00:00,93.333,1.667,21.111,36.144,19.852,34.389,20.566,36.216,21.486,33.298,17.73,44.917,10.778,19.813,20.821,29.18,21.873,35.838,18.144,40.382,9.8,759.483,51.917,2.0,22.417,0.217
2016-03-10 17:00:00,270.0,15.0,21.1,36.008,19.56,33.903,20.325,35.75,21.261,32.841,17.78,44.234,10.573,19.634,20.839,29.564,22.537,36.298,18.2,40.26,9.592,759.767,51.5,1.583,23.0,-0.1
2016-03-10 18:00:00,438.333,18.333,21.308,42.708,19.504,37.651,20.657,37.58,21.4,34.581,17.79,44.533,8.274,23.808,20.611,30.797,22.725,36.28,18.167,40.225,8.133,760.292,60.833,1.417,40.5,0.85
2016-03-10 19:00:00,138.333,16.667,21.988,41.952,19.718,41.693,21.2,40.246,21.363,35.508,17.807,46.772,6.108,31.188,20.284,31.351,22.516,36.48,18.116,40.014,6.292,760.992,68.167,2.0,65.0,0.825
2016-03-10 20:00:00,140.0,25.0,22.092,38.366,19.821,39.434,21.28,38.521,21.457,35.776,17.796,46.973,4.903,38.082,19.867,29.739,22.433,36.802,18.1,40.08,5.542,761.567,70.333,2.0,64.167,0.467
2016-03-10 21:00:00,100.0,3.333,22.1,37.282,19.812,38.874,21.21,37.706,21.497,35.084,18.46,60.496,4.274,44.709,19.83,31.472,22.357,37.076,18.1,40.006,4.15,762.008,78.75,2.0,62.167,0.7
2016-03-10 22:00:00,65.0,3.333,22.039,37.532,19.598,39.907,21.189,37.53,21.142,33.977,19.121,48.564,2.984,51.3,19.715,32.075,22.153,38.141,18.1,39.624,3.142,762.425,82.333,1.583,61.417,0.45
2016-03-10 23:00:00,40.0,0.0,21.784,38.051,19.112,40.039,21.1,37.828,20.858,33.851,18.59,50.576,2.295,56.14,19.7,33.145,22.089,39.293,18.1,39.795,2.7,762.767,82.083,1.0,61.167,-0.067
2016-03-11 00:00:00,50.0,0.0,21.486,37.831,18.658,39.917,21.1,37.897,20.633,33.745,18.329,51.538,1.963,58.641,19.656,34.017,21.796,40.51,18.122,40.052,1.875,763.0,84.583,1.0,60.417,-0.467
2016-03-11 01:00:00,48.333,0.0,21.219,37.466,18.218,40.119,21.1,37.932,20.463,33.78,18.208,51.395,1.21,60.273,19.6,34.729,21.622,42.833,18.121,40.401,1.408,763.083,85.667,1.0,57.25,-0.742
2016-03-11 02:00:00,40.0,0.0,21.026,37.534,17.817,40.517,20.962,37.829,20.302,33.785,18.1,51.086,0.219,63.039,19.6,35.03,21.433,43.482,18.122,40.716,0.708,763.283,88.417,1.0,49.917,-1.008
2016-03-11 03:00:00,50.0,0.0,20.829,37.014,17.473,40.962,20.7,37.562,20.161,33.775,18.0,50.661,-0.011,66.084,19.6,35.177,21.297,43.663,18.145,40.977,0.342,763.4,89.417,1.0,44.5,-1.175
2016-03-11 04:00:00,40.0,0.0,20.688,36.54,17.153,41.409,20.633,37.342,20.044,33.802,17.902,50.363,-0.126,67.819,19.539,35.421,21.178,43.241,18.15,41.09,0.108,763.483,91.25,1.417,38.5,-1.125
2016-03-11 05:00:00,50.0,0.0,20.498,36.236,16.889,41.529,20.42,37.201,19.927,33.967,17.846,50.064,0.311,70.738,19.477,35.451,21.056,43.076,18.156,41.085,-0.592,763.6,93.417,1.583,33.75,-1.55
2016-03-11 06:00:00,41.667,0.0,20.335,36.139,16.72,41.751,20.511,37.337,19.801,34.04,17.79,49.82,0.045,70.639,19.414,35.604,20.914,42.947,18.15,41.035,-0.917,763.85,93.583,1.0,26.583,-1.858
2016-03-11 07:00:00,60.0,1.667,20.21,36.595,16.553,42.0,20.445,37.572,19.708,34.16,17.86,48.563,-0.864,69.317,19.391,35.839,20.766,42.681,18.2,41.166,-0.675,764.325,93.833,1.0,16.5,-1.55
2016-03-11 08:00:00,216.667,1.667,20.167,37.796,16.66,42.714,20.346,37.38,19.678,34.733,18.037,45.934,-0.289,71.555,19.256,34.446,20.611,41.206,18.189,40.518,0.375,764.625,93.333,1.0,14.667,-0.617
2016-03-11 09:00:00,143.333,6.667,20.1,36.509,17.446,39.456,20.252,36.772,19.846,34.143,17.857,46.06,1.626,73.441,19.028,32.498,20.433,39.55,18.27,38.908,2.267,764.842,89.75,1.417,25.75,0.658
2016-03-11 10:00:00,51.667,8.333,19.95,34.076,18.56,34.996,19.871,34.574,20.14,32.782,17.79,45.051,3.97,67.819,19.006,31.757,20.318,38.68,18.29,39.086,3.908,765.067,83.833,2.0,44.667,1.342
2016-03-11 11:00:00,41.667,5.0,19.777,33.156,18.809,33.454,19.409,33.228,20.326,32.963,17.78,44.352,5.752,55.538,19.165,31.508,20.335,37.85,18.29,39.917,5.608,765.3,74.667,2.833,56.5,1.4
2016-03-11 12:00:00,63.333,6.667,19.798,34.279,19.051,33.887,19.336,33.79,20.622,33.496,17.777,46.847,7.218,46.152,19.701,31.073,20.754,37.15,18.307,39.734,7.308,765.258,65.417,4.0,61.25,1.108
2016-03-11 13:00:00,43.333,5.0,20.362,34.804,19.428,34.317,19.713,34.549,20.7,33.55,18.021,61.398,8.613,33.335,20.429,30.229,21.49,36.059,18.39,39.555,8.717,765.033,56.917,4.0,45.083,0.575
2016-03-11 14:00:00,51.667,6.667,20.761,33.93,19.533,34.329,19.956,34.682,20.735,33.281,17.84,55.314,9.453,27.34,21.23,29.264,22.194,34.821,18.482,39.409,9.592,764.8,53.583,4.0,38.75,0.525
2016-03-11 15:00:00,38.333,6.667,20.963,33.507,19.583,33.924,20.162,34.456,20.818,33.151,17.79,49.77,9.941,24.094,21.852,28.412,22.681,33.906,18.567,39.218,9.833,764.758,55.083,4.417,65.0,1.075
2016-03-11 16:00:00,48.333,1.667,20.97,32.981,19.369,33.338,20.2,34.238,20.797,33.145,17.79,46.964,10.216,24.629,22.056,27.97,22.79,33.455,18.6,39.09,9.433,764.742,57.583,5.0,65.0,1.392
2016-03-11 17:00:00,53.333,0.0,20.829,32.286,19.111,32.942,20.189,34.553,20.633,33.262,17.79,45.276,9.607,25.283,21.9,27.707,22.611,33.685,18.6,39.163,8.825,764.8,57.833,4.167,46.667,0.892
2016-03-11 18:00:00,125.0,1.667,20.705,33.279,18.991,34.414,20.107,34.657,20.393,32.917,17.79,44.714,7.859,28.469,21.488,27.528,22.698,34.876,18.583,39.2,7.758,764.967,64.0,2.583,39.333,1.183
2016-03-11 19:00:00,143.333,5.0,20.929,36.383,19.186,36.098,20.215,34.966,20.23,33.596,17.79,44.8,5.678,33.888,21.041,27.633,22.729,35.209,18.561,39.063,6.917,765.408,71.417,2.0,64.583,2.0
2016-03-11 20:00:00,115.0,6.667,21.261,35.488,19.474,36.967,20.296,35.422,20.1,33.843,17.79,45.17,5.279,37.736,20.621,27.698,22.78,35.537,18.515,39.042,6.467,765.825,72.417,2.0,64.0,1.75
2016-03-11 21:00:00,93.333,5.0,21.556,35.362,19.555,37.11,20.439,35.634,19.92,33.378,18.348,59.529,4.144,41.974,20.355,28.008,22.605,35.322,18.5,39.2,5.583,766.125,76.75,2.0,59.0,1.733
2016-03-11 22:00:00,46.667,5.0,21.445,35.739,19.134,38.262,20.357,35.941,19.879,34.139,18.781,49.84,3.596,49.618,20.139,28.416,22.511,37.679,18.5,39.176,4.792,766.425,82.417,2.0,52.0,2.075
2016-03-11 23:00:00,50.0,1.667,21.224,36.183,18.674,39.222,20.167,36.398,19.812,34.686,18.846,44.098,3.607,52.262,20.1,29.364,22.328,39.316,18.5,39.403,4.833,766.6,83.833,2.0,49.5,2.317
2016-03-12 00:00:00,40.0,0.0,20.973,36.596,18.257,39.796,20.117,36.559,19.71,34.802,18.812,42.636,3.441,59.031,20.006,29.958,22.078,41.864,18.5,39.652,5.008,766.475,83.75,2.417,48.5,2.442
2016-03-12 01:00:00,48.333,1.667,20.736,36.75,17.837,40.094,20.094,36.67,19.6,34.851,18.78,42.047,2.865,60.452,19.879,30.475,21.927,44.286,18.5,39.828,3.808,766.3,84.5,2.167,49.083,1.425
2016-03-12 02:00:00,43.333,1.667,20.544,36.772,17.566,40.541,20.15,36.776,19.517,34.9,18.725,41.771,1.912,64.194,19.79,30.697,21.769,44.897,18.5,40.018,2.408,766.425,88.0,1.417,43.75,0.608
2016-03-12 03:00:00,41.667,0.0,20.38,36.911,17.29,40.814,20.2,37.0,19.445,34.845,18.689,41.623,1.474,67.141,19.71,30.834,21.628,44.803,18.5,40.262,1.708,766.517,89.667,2.0,39.083,0.158
2016-03-12 04:00:00,51.667,1.667,20.245,36.967,17.133,41.055,20.27,37.342,19.348,34.799,18.635,41.456,1.021,68.214,19.6,30.909,21.45,44.748,18.5,40.518,1.175,766.4,92.417,1.583,34.167,0.058
2016-03-12 05:00:00,38.333,0.0,20.089,36.916,16.893,41.17,20.29,37.488,19.25,34.814,18.589,41.467,0.144,67.858,19.499,30.994,21.391,45.18,18.5,40.72,0.458,766.483,93.417,1.0,31.75,-0.458
2016-03-12 06:00:00,46.667,0.0,19.957,36.888,16.666,41.342,20.29,37.54,19.178,34.79,18.511,41.55,-0.122,68.661,19.402,30.957,21.256,44.748,18.5,40.986,-0.383,766.683,94.0,1.0,22.083,-1.183
2016-03-12 07:00:00,45.0,1.667,19.829,37.002,16.511,41.772,20.275,37.517,19.122,34.814,18.44,41.99,-0.289,69.952,19.305,31.0,21.144,44.308,18.5,41.214,-0.458,766.883,95.667,1.0,9.333,-1.05
2016-03-12 08:00:00,58.333,0.0,19.879,39.02,16.642,42.573,20.128,37.255,19.308,35.204,18.225,44.36,0.621,71.998,19.208,30.496,21.067,44.029,18.539,41.101,0.267,767.125,98.417,1.0,9.083,0.05
2016-03-12 09:00:00,51.667,1.667,19.879,37.919,17.575,40.607,20.008,36.854,20.052,35.346,18.128,44.898,2.529,73.85,19.1,30.22,21.016,43.124,18.688,39.664,2.117,767.383,96.917,1.0,20.333,1.683
2016-03-12 10:00:00,85.0,3.333,19.79,36.243,19.04,36.431,19.708,35.718,20.392,34.934,18.025,44.599,4.618,72.207,19.136,30.409,21.245,42.746,18.7,39.541,4.108,767.5,91.917,1.0,34.917,2.875
2016-03-12 11:00:00,113.333,3.333,19.705,35.119,19.447,34.206,19.533,35.411,20.478,34.286,18.0,44.317,6.477,51.716,19.351,30.29,21.642,41.734,18.667,40.05,6.1,767.5,80.25,1.417,48.167,2.775
2016-03-12 12:00:00,228.333,6.667,19.797,38.253,19.665,34.078,19.486,35.64,20.718,34.127,17.902,43.966,7.892,37.503,20.018,29.55,22.593,39.848,18.671,39.934,7.917,767.417,67.583,2.417,62.25,2.233
2016-03-12 13:00:00,156.667,6.667,20.313,39.358,19.75,34.491,19.794,36.036,20.846,33.886,17.89,43.752,8.766,29.444,20.826,28.627,23.817,38.441,18.735,39.559,8.625,767.175,62.833,3.0,46.5,1.825
2016-03-12 14:00:00,98.333,3.333,20.707,35.555,19.689,33.588,19.89,35.202,20.829,33.869,17.89,43.091,9.419,25.376,21.628,27.864,24.786,37.664,18.851,39.203,9.008,766.917,56.167,3.417,22.0,0.642
2016-03-12 15:00:00,80.0,6.667,20.708,32.708,19.364,31.375,19.728,33.652,20.698,33.396,18.182,54.483,9.838,20.644,22.194,26.984,25.078,35.207,19.016,38.929,9.508,766.758,54.167,3.583,21.167,0.658
2016-03-12 16:00:00,70.0,5.0,20.611,32.394,19.15,32.084,19.722,32.928,20.561,33.133,18.42,53.756,10.065,20.922,22.463,26.494,25.017,33.459,18.973,39.076,9.8,766.7,51.75,3.417,22.083,0.267
2016-03-12 17:00:00,85.0,6.667,20.572,33.517,19.438,33.078,19.89,33.764,20.431,32.989,18.707,40.662,9.842,18.893,22.416,26.01,24.991,33.29,18.963,39.2,9.425,766.7,53.333,3.583,41.667,0.3
2016-03-12 18:00:00,136.667,5.0,20.517,33.016,19.116,32.675,19.988,33.552,20.271,32.863,18.451,42.595,8.406,21.353,22.057,25.627,24.994,33.822,18.969,39.2,8.025,766.867,61.75,3.0,64.167,1.042
2016-03-12 19:00:00,280.0,1.667,20.83,35.388,19.301,34.374,20.089,33.94,20.133,32.931,18.312,43.21,5.378,29.87,21.658,26.135,24.815,34.152,18.902,38.981,6.092,767.225,71.167,2.583,62.167,1.183
2016-03-12 20:00:00,236.667,5.0,21.551,37.075,19.749,36.397,20.314,35.358,20.1,34.164,18.637,55.675,4.051,39.473,21.38,27.796,24.519,33.582,18.914,38.9,4.683,767.567,79.083,2.0,58.5,1.258
2016-03-12 21:00:00,186.667,0.0,21.73,36.097,19.664,37.72,20.384,35.937,20.1,35.163,19.139,58.156,3.24,49.397,21.098,28.437,24.098,33.018,18.972,38.9,4.058,767.8,82.0,2.417,57.5,1.158
2016-03-12 22:00:00,96.667,1.667,21.7,36.25,19.258,38.869,20.301,36.427,20.072,35.482,19.567,43.182,2.575,56.856,20.793,28.293,23.751,32.966,18.914,38.9,3.292,767.925,84.083,3.0,58.5,0.767
2016-03-12 23:00:00,48.333,1.667,21.578,36.087,18.872,38.907,20.198,36.444,19.954,35.368,19.248,44.405,1.779,58.991,20.77,29.511,23.624,35.052,18.951,38.932,1.967,768.142,87.0,2.583,56.25,0.008
2016-03-13 00:00:00,51.667,0.0,21.365,35.898,18.446,38.875,20.056,36.328,19.846,35.099,18.837,47.71,0.956,62.03,20.79,30.918,23.342,37.552,18.902,39.222,1.292,768.158,87.417,2.0,55.5,-0.567
2016-03-13 01:00:00,51.667,0.0,21.133,35.79,18.028,38.816,20.138,36.381,19.76,34.899,18.622,48.642,0.499,65.202,20.765,31.77,23.15,39.278,18.914,39.476,0.833,768.142,88.0,1.583,50.75,-0.967
2016-03-13 02:00:00,45.0,0.0,20.927,35.657,17.632,39.306,20.2,36.52,19.667,34.763,18.445,48.899,0.033,67.573,20.73,32.672,23.002,39.492,18.921,39.707,0.558,768.283,88.417,1.0,47.75,-1.2
2016-03-13 03:00:00,55.0,0.0,20.75,35.478,17.306,39.72,20.245,36.81,19.583,34.596,18.307,48.994,-0.15,69.138,20.7,33.286,22.812,39.35,18.905,39.897,0.042,768.317,90.25,1.417,41.0,-1.408
2016-03-13 04:00:00,43.333,0.0,20.567,35.302,17.031,39.79,20.29,37.01,19.5,34.515,18.215,49.0,-0.728,68.822,20.689,33.59,22.677,39.25,18.902,40.127,-0.933,768.283,92.417,1.583,34.0,-1.992
2016-03-13 05:00:00,56.667,0.0,20.369,35.188,16.763,39.885,20.2,37.0,19.4,34.337,18.117,49.068,-1.166,69.666,20.589,33.53,22.533,39.163,18.902,40.317,-1.067,768.567,93.0,1.833,36.083,-2.067
2016-03-13 06:00:00,45.0,0.0,20.218,35.052,16.556,40.077,20.26,37.03,19.323,34.25,18.056,49.05,-1.104,70.989,20.506,33.608,22.329,39.245,18.951,40.509,-0.808,768.967,93.417,2.583,40.25,-1.767
2016-03-13 07:00:00,55.0,0.0,20.05,35.05,16.42,40.14,20.133,36.983,19.23,34.273,17.988,49.0,-0.989,71.05,20.5,33.976,22.177,39.356,18.945,40.657,-0.892,769.367,94.0,2.833,44.083,-1.792
2016-03-13 08:00:00,65.0,0.0,19.92,35.213,16.551,40.172,20.028,36.471,19.282,35.228,17.902,48.977,-0.567,71.061,20.408,33.896,22.089,39.75,18.999,40.688,-0.267,769.725,92.333,4.0,51.583,-1.375
2016-03-13 09:00:00,71.667,1.667,19.89,36.068,17.651,38.909,19.933,36.231,19.894,35.254,17.89,47.823,0.796,68.703,20.292,33.008,21.995,39.569,19.172,39.636,1.117,769.817,86.25,4.833,60.083,-0.95
2016-03-13 10:00:00,113.333,0.0,20.1,38.029,19.762,36.561,19.982,36.275,20.59,35.194,17.89,46.085,3.206,56.854,20.24,31.95,22.153,38.016,19.2,38.994,3.317,769.7,75.583,6.417,46.333,-0.683
2016-03-13 11:00:00,91.667,1.667,20.271,37.03,20.743,34.989,20.066,36.283,20.945,36.108,17.945,46.474,5.156,42.387,20.416,30.453,22.696,36.962,19.156,39.208,5.35,769.658,67.167,6.583,23.0,-0.258
2016-03-13 12:00:00,65.0,0.0,20.584,36.229,20.705,34.264,20.144,36.319,21.044,34.764,17.951,47.496,6.92,35.795,21.025,29.231,23.202,35.658,19.189,39.018,7.025,769.475,64.75,6.0,24.25,0.792
2016-03-13 13:00:00,65.0,1.667,21.117,35.446,20.567,33.97,20.26,36.107,21.022,33.988,17.975,45.994,8.12,31.016,21.706,28.424,23.819,34.152,19.2,38.692,8.275,769.258,61.333,6.0,24.75,1.2
2016-03-13 14:00:00,51.667,1.667,21.624,34.828,20.5,34.211,20.39,35.816,21.0,33.552,18.0,45.0,9.01,25.487,22.33,27.706,24.401,33.025,19.215,38.535,9.008,768.992,57.75,6.417,30.083,1.033
2016-03-13 15:00:00,63.333,0.0,22.048,34.311,20.589,34.183,20.555,35.73,21.0,33.273,18.0,44.418,9.77,21.784,22.846,26.91,24.872,32.057,19.29,38.324,9.425,768.575,56.0,7.0,35.0,0.925
2016-03-13 16:00:00,60.0,1.667,22.24,33.998,20.567,34.125,20.698,35.628,20.994,33.08,18.05,44.106,10.103,20.767,23.167,26.296,25.14,31.313,19.364,38.018,9.6,768.317,56.417,6.583,28.0,1.183
2016-03-13 17:00:00,65.0,10.0,22.229,33.75,20.808,33.803,20.715,35.478,20.862,32.917,18.139,43.808,9.895,21.707,23.133,26.054,25.111,30.997,19.39,37.827,9.267,768.283,57.417,6.0,28.0,1.175
2016-03-13 18:00:00,106.667,25.0,22.317,36.365,20.433,36.487,20.835,36.063,20.884,34.784,18.513,44.452,8.441,26.605,22.834,28.456,24.951,34.253,19.414,37.832,7.883,768.525,63.0,4.75,26.75,1.208
2016-03-13 19:00:00,111.667,3.333,22.182,35.784,19.874,37.32,20.868,36.339,20.719,34.43,18.492,48.584,6.186,34.673,22.446,29.746,24.61,33.185,19.476,38.031,6.267,768.742,72.083,3.417,23.75,1.542
2016-03-13 20:00:00,116.667,5.0,21.916,35.368,19.422,37.396,20.765,36.178,20.52,34.296,19.075,63.085,4.697,42.93,22.127,30.298,24.294,32.29,19.433,37.797,5.508,768.925,75.417,4.0,22.417,1.433
2016-03-13 21:00:00,81.667,0.0,21.708,35.22,19.054,37.552,20.628,36.497,20.297,33.741,19.349,72.919,4.15,49.428,21.852,30.368,23.997,33.146,19.39,37.32,4.975,769.058,76.833,4.0,22.583,1.2
2016-03-13 22:00:00,50.0,3.333,21.547,35.296,18.729,38.04,20.496,36.608,20.139,33.466,19.106,56.93,3.781,52.902,21.626,30.614,23.698,35.764,19.361,37.531,4.508,769.125,78.833,4.0,21.583,1.117
2016-03-13 23:00:00,48.333,0.0,21.324,35.339,18.428,38.339,20.379,36.812,19.975,33.78,18.88,53.332,3.24,56.745,21.645,31.927,23.509,38.05,19.301,38.094,3.6,769.258,82.5,3.583,38.917,0.917
2016-03-14 00:00:00,36.667,0.0,21.165,35.433,18.112,38.921,20.312,36.888,19.869,34.152,18.741,52.664,2.456,60.014,21.611,32.919,23.327,39.214,19.29,38.552,2.4,769.158,87.25,2.167,63.583,0.467
2016-03-14 01:00:00,48.333,0.0,20.957,35.345,17.793,39.133,20.28,36.888,19.77,34.2,18.633,51.583,1.456,63.148,21.586,33.53,23.125,39.748,19.29,38.894,1.742,768.975,88.583,1.833,63.0,0.0
2016-03-14 02:00:00,46.667,0.0,20.745,35.382,17.525,39.289,20.307,36.95,19.689,34.208,18.511,50.786,0.572,65.069,21.5,34.016,23.008,40.874,19.29,39.108,1.467,768.758,88.417,3.0,63.0,-0.292
2016-03-14 03:00:00,40.0,0.0,20.611,35.243,17.285,39.609,20.39,36.972,19.576,34.06,18.451,50.205,0.049,66.552,21.42,34.12,22.858,41.264,19.29,39.347,0.708,768.575,89.0,3.0,63.0,-0.95
2016-03-14 04:00:00,50.0,0.0,20.457,35.157,17.056,39.782,20.402,37.015,19.488,33.938,18.362,49.745,-0.308,67.05,21.306,34.132,22.749,41.403,19.29,39.635,0.133,768.4,89.833,3.0,62.583,-1.342
2016-03-14 05:00:00,36.667,0.0,20.302,35.06,16.846,39.888,20.39,37.09,19.392,33.743,18.29,49.447,-0.443,67.7,21.25,34.238,22.628,41.256,19.29,39.862,-0.058,768.4,90.583,3.417,61.583,-1.4
2016-03-14 06:00:00,50.0,0.0,20.178,35.0,16.681,39.986,20.39,37.176,19.282,33.691,18.245,49.061,-0.749,67.857,21.167,34.129,22.499,41.681,19.28,40.074,-0.083,768.483,90.417,4.417,60.583,-1.442
2016-03-14 07:00:00,45.0,1.667,20.089,35.429,16.528,40.056,20.357,37.11,19.22,33.362,18.355,47.567,-0.856,68.869,20.992,33.432,22.361,40.91,19.29,40.228,-0.117,768.767,90.583,4.583,60.417,-1.5
2016-03-14 08:00:00,233.333,0.0,20.0,34.831,16.56,38.962,20.25,36.471,19.139,32.778,18.37,46.16,-0.15,69.054,20.659,30.524,22.132,37.901,19.34,39.615,0.5,769.0,87.917,4.833,61.833,-1.292
2016-03-14 09:00:00,156.667,0.0,20.0,34.397,17.927,37.121,20.2,35.796,19.555,33.029,18.225,46.874,1.202,64.002,20.47,29.262,21.945,36.973,19.481,37.9,1.617,768.917,83.333,6.417,63.833,-0.917
2016-03-14 10:00:00,485.0,1.667,20.067,33.498,19.808,33.229,20.479,35.628,20.072,32.15,18.128,46.072,3.051,53.743,20.396,28.547,21.74,35.338,19.408,37.979,2.7,768.758,78.5,6.167,65.0,-0.717
2016-03-14 11:00:00,210.0,0.0,20.434,35.382,20.906,33.252,21.822,36.642,20.319,32.952,18.1,44.95,4.34,46.387,20.642,28.182,21.583,33.925,19.39,38.718,3.4,768.658,76.25,5.417,46.25,-0.433
2016-03-14 12:00:00,91.667,0.0,20.829,38.306,21.03,34.971,21.659,36.302,20.841,34.597,18.089,45.696,5.573,39.046,21.14,27.663,21.639,32.852,19.402,38.752,4.025,768.517,74.25,6.0,21.667,-0.242
2016-03-14 13:00:00,378.333,0.0,21.42,37.84,20.831,35.985,22.031,38.329,21.0,34.069,18.1,46.682,5.78,32.895,21.774,27.02,21.882,31.892,19.487,38.406,5.15,768.15,66.083,6.417,25.25,-0.717
2016-03-14 14:00:00,336.667,1.667,21.799,34.569,20.348,33.534,22.72,38.038,20.982,32.844,18.1,46.026,6.314,30.682,22.421,26.18,22.196,31.409,19.6,37.998,6.042,767.633,59.917,6.167,27.833,-1.217
2016-03-14 15:00:00,205.0,0.0,21.91,33.717,20.015,32.451,23.328,36.624,20.914,31.88,18.1,44.253,7.17,27.65,22.962,25.583,22.499,30.953,19.65,37.777,7.133,767.233,57.0,5.417,27.75,-0.85
2016-03-14 16:00:00,458.333,3.333,22.128,34.68,20.067,33.916,23.618,35.717,20.902,32.697,18.111,43.954,7.777,24.4,23.198,25.074,22.511,30.112,19.71,37.676,7.725,766.875,56.167,6.0,25.583,-0.542
2016-03-14 17:00:00,246.667,3.333,22.2,34.126,20.25,33.94,24.151,35.017,21.0,33.432,18.21,44.2,7.887,21.598,23.192,24.572,22.494,29.904,19.7,37.71,7.567,766.658,57.083,5.167,25.0,-0.433
2016-03-14 18:00:00,328.333,1.667,22.2,36.139,19.742,36.753,23.392,34.067,20.952,33.077,18.29,44.408,6.671,24.342,22.74,24.155,22.494,29.94,19.7,37.647,6.1,766.683,64.167,3.583,23.75,-0.283
2016-03-14 19:00:00,98.333,8.333,22.588,39.65,19.556,41.944,22.928,34.918,20.73,32.79,18.29,46.251,4.863,30.302,22.271,24.406,22.35,30.056,19.656,37.55,4.7,766.758,67.917,3.0,22.417,-0.775
2016-03-14 20:00:00,108.333,23.333,22.698,37.651,19.877,40.596,22.663,35.507,20.689,34.962,19.289,64.977,3.789,32.323,21.835,24.399,22.302,30.783,19.611,37.399,4.075,766.7,67.083,2.583,22.583,-1.508
2016-03-14 21:00:00,108.333,16.667,22.775,36.276,19.952,39.169,22.476,35.353,20.622,34.509,20.188,76.654,3.04,33.844,21.49,24.51,22.359,32.228,19.567,37.5,3.117,766.7,70.417,2.417,22.0,-1.842
2016-03-14 22:00:00,76.667,23.333,22.622,35.983,19.633,39.132,22.296,35.317,20.784,34.202,20.033,49.129,1.998,37.514,21.29,25.004,22.644,34.653,19.517,37.532,2.667,766.658,71.417,2.583,22.0,-2.067
2016-03-14 23:00:00,61.667,23.333,22.365,36.139,19.13,39.917,22.296,35.564,21.056,34.977,19.951,43.975,1.842,38.804,21.235,26.078,22.633,36.814,19.5,37.816,1.867,766.6,73.667,2.417,22.0,-2.383
2016-03-15 00:00:00,40.0,5.0,22.083,36.073,18.63,40.298,22.122,35.448,21.043,34.481,19.846,42.087,1.08,40.738,21.093,26.691,22.379,38.178,19.476,37.922,1.108,766.475,76.833,2.583,21.583,-2.625
2016-03-15 01:00:00,48.333,0.0,21.816,35.849,18.186,40.797,21.844,35.252,20.718,33.954,19.72,41.098,0.178,45.078,20.963,26.974,22.28,39.102,19.414,38.062,0.533,766.425,80.083,2.0,39.333,-2.592
2016-03-15 02:00:00,48.333,1.667,21.52,35.641,17.799,40.65,21.73,35.24,20.398,33.88,19.611,40.468,0.062,48.908,20.835,27.209,22.138,39.297,19.451,38.262,0.258,766.433,83.0,2.0,65.0,-2.342
2016-03-15 03:00:00,36.667,1.667,21.29,35.479,17.526,40.582,21.611,35.2,20.197,33.643,19.517,40.28,-0.422,52.773,20.738,27.416,22.067,39.621,19.408,38.432,-0.092,766.117,84.25,1.583,64.167,-2.483
2016-03-15 04:00:00,48.333,0.0,21.089,35.51,17.277,40.761,21.6,35.461,20.009,33.454,19.42,40.11,-0.865,55.942,20.617,27.556,21.951,39.242,19.42,38.613,-0.75,765.958,86.417,1.0,62.583,-2.767
2016-03-15 05:00:00,51.667,1.667,20.945,35.5,17.1,41.304,21.694,35.787,19.846,33.321,19.361,39.971,-1.649,58.544,20.506,27.7,21.812,39.179,19.414,38.781,-1.392,765.942,87.833,1.0,61.583,-3.167
2016-03-15 06:00:00,43.333,0.0,20.792,35.417,16.915,42.108,21.7,35.994,19.72,33.2,19.29,39.956,-1.654,61.409,20.408,27.76,21.698,39.066,19.39,39.028,-1.508,766.0,89.417,1.417,60.583,-3.025
2016-03-15 07:00:00,151.667,1.667,20.7,35.718,16.739,41.672,21.488,35.345,19.633,33.119,19.187,41.056,-1.495,63.878,20.261,27.46,21.588,39.024,19.39,39.08,-0.85,766.0,90.833,2.0,60.417,-2.167
2016-03-15 08:00:00,56.667,0.0,20.622,35.041,16.839,40.146,21.25,34.82,19.6,32.438,18.984,42.31,-0.122,64.85,20.067,26.462,21.373,36.714,19.426,37.786,0.125,766.0,89.917,2.0,61.417,-1.408
2016-03-15 09:00:00,103.333,3.333,20.544,35.73,17.819,40.654,20.961,33.807,19.846,32.277,18.909,42.174,1.977,58.884,19.982,26.24,21.22,35.409,19.567,37.378,1.833,766.0,84.5,1.583,62.0,-0.583
2016-03-15 10:00:00,58.333,5.0,20.5,35.119,19.532,38.381,20.89,33.906,20.288,32.16,18.916,41.047,4.663,45.266,19.994,26.21,21.111,34.962,19.578,38.045,4.042,765.875,77.25,1.417,62.833,0.333
2016-03-15 11:00:00,48.333,5.0,20.5,34.195,20.357,34.073,20.793,33.728,20.603,32.755,18.79,42.156,6.601,33.218,20.202,26.114,21.155,34.461,19.556,37.887,6.458,765.575,68.25,2.833,64.417,0.967
2016-03-15 12:00:00,120.0,5.0,20.605,33.708,20.143,33.112,20.314,33.771,20.94,32.14,18.704,41.949,8.417,25.764,20.786,25.787,21.669,33.495,19.59,37.898,8.508,765.317,60.5,4.417,46.25,1.242
2016-03-15 13:00:00,78.333,5.0,20.991,33.998,20.211,33.419,20.338,34.466,20.914,31.718,18.733,42.405,10.102,21.485,21.486,25.709,22.352,32.852,19.611,37.92,9.75,765.033,57.417,5.0,38.75,1.633
2016-03-15 14:00:00,53.333,5.0,21.219,33.283,20.29,32.91,20.656,34.02,21.039,31.529,19.186,42.386,11.115,20.873,22.029,25.678,22.824,32.571,19.689,37.74,10.308,764.467,57.583,5.0,65.0,2.183
2016-03-15 15:00:00,58.333,3.333,21.44,33.85,20.331,33.643,20.76,34.119,21.128,32.052,19.447,42.77,11.708,20.831,22.429,25.803,23.19,32.482,19.74,37.597,10.392,763.917,59.917,5.417,64.167,2.8
2016-03-15 16:00:00,135.0,3.333,21.39,34.288,20.283,34.294,20.835,34.672,21.134,32.996,19.514,42.744,11.49,24.434,22.146,26.246,22.962,32.828,19.76,37.7,9.892,763.717,66.917,6.0,45.083,3.917
2016-03-15 17:00:00,140.0,1.667,21.313,34.399,19.995,34.767,20.807,35.077,20.911,33.447,19.282,42.022,10.434,32.701,22.008,27.074,22.803,33.482,19.785,37.785,8.725,763.517,74.333,6.417,21.25,4.292
2016-03-15 18:00:00,293.333,16.667,21.23,39.47,19.46,38.886,20.868,35.802,20.823,34.842,19.147,42.568,8.7,41.336,21.692,27.976,22.838,35.014,19.72,37.869,7.125,763.567,80.25,7.0,23.0,3.875
2016-03-15 19:00:00,248.333,5.0,21.434,42.883,19.379,43.748,20.973,37.698,20.771,35.949,19.089,44.884,7.311,48.512,21.372,28.408,22.974,36.063,19.709,37.888,6.517,763.967,82.833,6.167,21.75,3.742
2016-03-15 20:00:00,210.0,3.333,21.5,41.46,19.248,44.874,21.111,38.95,20.589,36.248,19.056,48.14,6.774,51.693,21.089,28.782,23.214,36.67,19.7,37.9,6.358,764.283,82.75,5.0,37.917,3.592
2016-03-15 21:00:00,140.0,15.0,21.511,41.574,19.172,45.497,21.1,39.454,20.427,35.813,18.982,47.481,6.528,51.921,20.892,28.988,23.286,36.936,19.689,37.989,6.175,764.442,82.25,4.583,62.583,3.342
2016-03-15 22:00:00,61.667,23.333,21.533,41.183,19.083,45.092,21.067,39.319,20.658,36.694,18.902,47.06,5.698,54.577,20.771,29.116,23.229,38.42,19.654,38.112,5.542,764.583,85.667,3.583,61.583,3.233
2016-03-15 23:00:00,61.667,23.333,21.519,41.547,18.828,45.804,20.851,38.845,20.916,37.248,18.818,47.145,4.651,60.535,20.765,29.468,23.032,39.729,19.611,38.374,4.65,764.617,89.25,3.0,60.167,2.958
2016-03-16 00:00:00,60.0,23.333,21.433,41.469,18.497,46.694,20.79,38.61,21.122,37.25,18.782,47.347,3.807,66.822,20.7,29.755,22.802,41.518,19.6,38.535,4.342,764.5,91.833,3.0,57.333,3.067
2016-03-16 01:00:00,55.0,21.667,21.27,41.29,18.219,46.883,20.76,38.461,21.24,37.24,18.7,47.52,4.328,68.942,20.617,29.956,22.667,42.99,19.6,38.75,4.65,764.5,91.75,2.583,54.583,3.342
2016-03-16 02:00:00,51.667,1.667,21.133,41.252,17.981,47.025,20.79,38.375,21.152,36.671,18.678,47.57,3.663,68.231,20.544,30.156,22.506,42.851,19.589,38.944,4.792,764.5,89.167,2.833,55.667,3.108
2016-03-16 03:00:00,35.0,0.0,20.927,40.897,17.756,46.922,20.801,38.23,20.755,35.802,18.6,47.422,3.491,68.959,20.463,30.167,22.379,42.167,19.534,39.131,4.458,764.417,88.0,4.0,57.167,2.658
2016-03-16 04:00:00,51.667,0.0,20.77,40.651,17.55,46.814,20.857,38.28,20.509,35.682,18.572,47.369,3.529,68.752,20.39,30.189,22.245,41.641,19.511,39.2,3.942,764.3,89.25,3.583,53.5,2.35
2016-03-16 05:00:00,46.667,0.0,20.662,40.398,17.392,46.572,20.939,38.275,20.324,35.575,18.511,47.29,2.694,69.004,20.318,30.228,22.122,41.422,19.511,39.253,2.925,764.342,91.833,2.583,46.25,1.75
2016-03-16 06:00:00,40.0,0.0,20.506,40.083,17.219,46.297,20.933,38.24,20.144,35.52,18.47,47.165,2.848,70.413,20.245,30.23,22.033,41.471,19.5,39.461,2.317,764.442,93.833,2.833,38.917,1.442
2016-03-16 07:00:00,156.667,1.667,20.408,40.11,17.144,46.25,20.813,38.157,20.022,35.919,18.402,47.164,2.83,71.608,20.2,30.27,21.951,41.739,19.5,39.631,2.325,764.583,93.75,4.0,45.583,1.417
2016-03-16 08:00:00,83.333,1.667,20.401,40.078,17.343,45.256,20.765,38.067,19.939,35.956,18.537,48.372,2.683,70.34,20.05,29.745,21.766,39.455,19.622,39.386,3.0,764.742,87.0,4.417,44.0,0.967
2016-03-16 09:00:00,433.333,1.667,20.475,39.386,18.79,42.458,21.194,39.597,20.632,36.382,18.848,49.663,3.895,57.874,20.044,30.451,21.611,37.698,19.824,37.908,4.45,764.842,74.167,5.833,25.5,0.125
2016-03-16 10:00:00,176.667,0.0,20.739,40.186,20.972,38.941,22.262,39.529,21.412,35.419,18.694,47.36,5.873,36.22,20.1,30.386,21.533,37.689,19.762,38.012,5.917,764.858,61.833,8.25,33.583,-0.942
2016-03-16 11:00:00,106.667,0.0,20.984,40.822,21.533,38.254,22.132,38.318,21.439,33.964,18.6,46.508,6.912,24.948,20.218,27.979,21.527,36.576,19.76,39.239,6.708,764.8,56.0,9.583,35.417,-1.492
2016-03-16 12:00:00,113.333,0.0,21.1,39.746,21.353,36.955,21.86,38.356,21.451,35.822,18.6,45.9,8.292,20.022,20.39,26.826,21.544,36.507,19.74,39.15,7.042,764.8,56.833,8.583,29.0,-1.033
2016-03-16 13:00:00,108.333,5.0,21.218,38.622,20.974,36.152,21.617,37.669,21.301,34.73,18.6,44.753,9.062,16.141,20.616,26.196,21.874,35.673,19.72,38.074,7.308,764.633,56.333,8.0,28.167,-1.008
2016-03-16 14:00:00,435.0,28.333,21.318,39.007,20.642,36.699,21.97,38.658,21.393,34.473,18.633,44.098,10.128,12.949,20.71,25.52,22.46,35.022,19.708,37.609,7.975,764.317,51.5,8.0,26.583,-1.55
2016-03-16 15:00:00,153.333,21.667,21.494,40.515,20.408,38.971,22.976,38.951,21.698,33.884,18.652,44.834,10.038,11.931,20.77,24.984,22.961,34.542,19.73,37.964,8.417,764.117,48.417,8.0,27.25,-1.942
2016-03-16 16:00:00,180.0,23.333,21.428,36.293,19.927,35.047,22.518,35.753,21.785,33.151,18.689,44.237,9.948,11.841,20.75,24.653,23.1,34.555,19.7,37.91,8.008,764.042,49.417,8.417,28.167,-2.167
2016-03-16 17:00:00,421.667,8.333,21.26,33.756,19.526,32.91,22.773,34.506,21.707,31.387,18.7,42.309,9.185,13.329,20.694,24.485,23.29,33.801,19.7,37.781,7.392,764.267,52.5,8.167,26.167,-1.858
2016-03-16 18:00:00,563.333,20.0,21.519,38.807,19.466,37.086,23.519,35.432,21.589,32.248,18.689,42.484,7.883,17.329,20.521,24.536,23.459,33.63,19.633,37.73,6.892,764.625,56.417,7.0,25.417,-1.267
2016-03-16 19:00:00,196.667,18.333,22.378,38.931,19.86,38.952,24.165,37.547,21.6,33.028,18.7,43.987,6.509,21.183,20.351,24.879,23.556,33.528,19.6,37.5,6.183,764.925,58.667,6.583,25.167,-1.458
2016-03-16 20:00:00,138.333,21.667,22.65,37.2,20.187,37.616,23.618,35.833,21.792,33.818,18.7,44.122,5.031,24.658,20.225,25.0,23.6,33.494,19.6,35.972,5.183,765.225,62.25,5.583,23.167,-1.525
2016-03-16 21:00:00,100.0,6.667,22.67,35.584,20.266,36.825,23.164,35.508,21.889,33.677,18.7,43.818,4.119,26.683,20.111,25.0,23.662,33.752,19.561,34.5,4.517,765.483,64.0,5.0,22.417,-1.742
2016-03-16 22:00:00,50.0,1.667,22.532,35.208,19.907,36.636,22.892,35.476,21.537,32.239,18.7,43.455,3.645,29.672,20.078,25.576,23.408,35.263,19.528,35.191,4.025,765.642,66.083,4.583,22.583,-1.8
2016-03-16 23:00:00,45.0,0.0,22.292,35.584,19.436,37.357,22.74,35.718,21.223,32.225,18.617,43.607,2.996,32.937,20.1,26.617,23.288,37.763,19.589,37.588,3.083,765.742,70.667,3.583,21.167,-1.842
2016-03-17 00:00:00,53.333,0.0,22.031,35.887,18.984,38.136,22.622,35.887,21.01,32.338,18.6,44.118,2.184,37.184,20.008,27.091,22.997,38.048,19.556,38.263,2.292,765.842,74.667,3.417,20.0,-1.775
2016-03-17 01:00:00,50.0,0.0,21.772,36.068,18.577,38.277,22.6,35.968,20.782,32.513,18.578,44.476,1.864,41.47,20.0,27.389,22.775,39.413,19.578,38.649,1.5,765.942,79.5,4.0,38.333,-1.683
2016-03-17 02:00:00,36.667,0.0,21.526,36.22,18.218,38.773,22.52,36.025,20.644,32.72,18.542,44.654,1.542,45.001,19.921,27.633,22.633,40.884,19.583,38.996,0.8,766.0,82.583,4.0,64.0,-1.842
2016-03-17 03:00:00,51.667,0.0,21.304,36.287,17.906,39.651,22.373,36.157,20.487,32.875,18.5,44.803,1.011,48.194,19.846,27.755,22.498,41.117,19.589,39.2,0.717,766.0,82.417,3.583,64.0,-1.942
2016-03-17 04:00:00,50.0,0.0,21.103,36.348,17.632,40.024,22.29,36.2,20.34,32.971,18.5,44.95,0.553,51.506,19.79,27.801,22.362,40.692,19.578,39.245,0.475,766.0,83.833,3.0,63.583,-1.958
2016-03-17 05:00:00,43.333,0.0,20.869,36.29,17.37,40.27,22.26,36.176,20.245,33.04,18.466,45.028,0.267,54.052,19.75,27.903,22.235,40.323,19.578,39.394,-0.075,765.958,86.25,2.583,62.583,-2.067
2016-03-17 06:00:00,45.0,0.0,20.719,36.27,17.198,40.462,22.122,36.114,20.128,32.972,18.414,45.052,-0.41,55.119,19.71,28.028,22.117,40.216,19.578,39.339,-0.517,766.067,87.583,1.583,62.417,-2.342
2016-03-17 07:00:00,63.333,3.333,20.611,36.146,17.028,40.243,21.86,35.325,20.017,32.539,18.39,44.673,-1.6,56.882,19.589,27.34,21.997,39.298,19.567,39.176,-0.275,766.425,88.667,1.417,62.167,-1.983
2016-03-17 08:00:00,175.0,16.667,20.644,35.995,17.111,39.976,21.628,34.498,20.561,32.562,18.39,43.51,-0.272,60.546,19.445,26.451,21.76,36.721,19.544,37.584,1.067,766.642,85.167,2.417,44.333,-1.192
2016-03-17 09:00:00,73.333,5.0,20.639,35.284,18.484,38.006,21.484,34.483,21.664,32.404,18.414,42.457,2.375,54.599,19.39,26.29,21.578,35.573,19.886,38.455,3.7,766.658,74.083,3.417,21.0,-0.525
2016-03-17 10:00:00,175.0,1.667,20.755,35.197,20.7,35.036,21.36,34.567,21.572,32.676,18.402,41.608,5.101,40.408,19.475,26.335,21.488,35.03,19.807,38.528,5.808,766.6,67.917,4.0,39.333,0.208
2016-03-17 11:00:00,51.667,1.667,20.916,34.564,21.56,33.096,21.323,34.307,21.539,32.759,18.402,40.92,6.973,29.884,19.797,26.152,21.56,34.496,19.79,38.204,7.425,766.433,60.833,4.0,47.083,0.125
2016-03-17 12:00:00,90.0,0.0,21.429,35.729,21.55,33.04,21.358,34.161,21.787,32.987,18.451,40.951,8.551,22.642,20.453,25.766,22.072,33.107,19.843,38.154,8.8,766.033,53.333,4.0,24.5,-0.358
2016-03-17 13:00:00,51.667,1.667,22.177,34.745,21.47,33.354,21.5,34.486,21.89,32.68,18.5,41.28,9.515,18.855,21.269,25.29,22.779,32.096,19.914,37.662,9.542,765.633,51.833,4.417,25.5,0.033
2016-03-17 14:00:00,53.333,1.667,22.67,33.625,21.39,33.2,21.528,34.715,21.902,32.29,18.544,41.25,10.257,17.291,21.958,24.806,23.411,31.322,20.0,37.139,9.767,765.275,52.167,4.583,23.667,0.333
2016-03-17 15:00:00,70.0,0.0,22.72,32.539,21.176,30.927,21.567,34.262,21.927,31.916,18.592,40.313,10.433,15.893,22.456,24.357,23.6,31.628,20.106,37.003,10.083,764.933,50.167,4.0,26.833,0.058
2016-03-17 16:00:00,86.667,1.667,22.801,31.751,21.056,31.406,21.6,33.743,21.876,31.574,18.622,39.596,10.488,14.963,22.736,23.926,23.708,32.208,20.106,37.0,10.158,764.617,49.0,4.417,26.75,-0.083
2016-03-17 17:00:00,91.667,21.667,22.812,31.922,21.035,32.086,21.675,33.654,22.062,32.796,18.72,39.785,10.316,15.573,22.697,23.509,23.823,33.197,20.083,36.329,9.892,764.375,51.083,4.583,24.167,0.175
2016-03-17 18:00:00,283.333,20.0,22.709,32.929,20.579,33.163,21.689,33.673,22.334,33.313,18.79,40.1,9.298,18.278,22.351,23.599,23.89,33.074,20.034,35.557,8.433,764.2,59.417,3.167,22.167,0.825
2016-03-17 19:00:00,126.667,18.333,22.826,38.063,20.379,37.373,21.781,34.876,22.18,32.566,18.845,44.34,6.128,24.501,21.938,24.274,23.659,31.65,20.0,35.216,6.258,764.242,68.667,2.0,39.333,0.833
2016-03-17 20:00:00,135.0,21.667,22.879,35.221,20.334,36.605,21.867,35.302,22.188,33.131,19.196,61.66,3.974,32.47,21.564,24.654,23.533,30.934,19.976,35.284,5.083,764.342,73.083,2.417,64.583,0.6
2016-03-17 21:00:00,95.0,21.667,22.89,34.06,20.156,36.052,21.785,34.917,22.842,33.129,19.463,68.096,4.13,41.695,21.255,25.129,23.356,31.914,19.902,35.836,4.042,764.442,78.917,2.583,63.167,0.642
2016-03-17 22:00:00,70.0,23.333,22.792,34.047,19.863,36.462,21.639,35.052,22.999,32.876,19.406,79.004,3.62,49.25,21.1,25.945,23.188,35.041,19.89,36.534,3.025,764.458,84.667,2.0,61.583,0.658
2016-03-17 23:00:00,63.333,20.0,22.65,34.61,19.515,37.627,21.517,35.324,22.873,33.512,19.188,73.45,2.943,56.176,21.022,26.762,22.975,37.728,19.89,37.14,2.333,764.275,87.417,1.583,61.0,0.475
2016-03-18 00:00:00,38.333,0.0,22.487,35.252,19.224,38.324,21.463,35.456,22.662,33.449,19.044,65.973,2.41,59.961,20.902,27.307,22.823,39.886,19.882,37.4,2.058,764.1,88.417,1.0,61.0,0.342
2016-03-18 01:00:00,51.667,0.0,22.346,35.302,18.974,38.694,21.368,35.478,22.218,32.99,18.896,62.118,2.15,62.794,20.778,27.625,22.687,40.504,19.868,37.649,1.708,764.017,89.833,1.417,58.5,0.233
2016-03-18 02:00:00,51.667,0.0,22.187,35.28,18.702,38.784,21.443,35.574,21.869,32.792,18.796,59.158,1.796,65.366,20.694,27.893,22.594,41.117,19.846,37.842,1.3,763.817,91.0,2.0,50.833,0.0
2016-03-18 03:00:00,36.667,0.0,21.986,35.203,18.428,39.364,21.578,35.733,21.645,32.967,18.735,57.485,1.611,68.364,20.572,28.089,22.47,40.912,19.845,38.061,1.092,763.533,91.833,1.583,40.0,-0.083
2016-03-18 04:00:00,50.0,0.0,21.782,35.151,18.208,39.604,21.555,35.833,21.439,33.082,18.644,56.14,1.358,70.341,20.479,28.255,22.368,40.582,19.801,38.308,0.467,763.175,94.25,1.0,25.083,-0.367
2016-03-18 05:00:00,48.333,0.0,21.589,35.255,18.044,39.922,21.6,36.0,21.268,33.228,18.6,55.218,1.444,72.075,20.402,28.414,22.26,40.728,19.796,38.564,0.5,763.0,97.667,1.833,8.583,0.15
2016-03-18 06:00:00,46.667,1.667,21.386,35.373,17.892,40.517,21.6,36.082,21.117,33.42,18.522,54.508,1.97,73.613,20.312,28.644,22.178,40.592,19.818,38.884,1.533,763.125,99.583,3.0,1.417,1.492
2016-03-18 07:00:00,60.0,0.0,21.27,35.806,17.755,40.62,21.484,35.971,21.006,33.487,19.072,68.105,2.491,74.107,20.239,28.761,22.074,40.537,19.801,38.966,2.083,763.342,99.417,3.0,4.083,2.025
2016-03-18 08:00:00,50.0,1.667,21.24,36.228,17.755,40.674,21.357,35.676,20.846,33.333,19.123,74.324,2.93,74.162,20.061,28.689,21.876,38.412,19.77,38.163,2.283,763.483,99.583,3.0,8.25,2.242
2016-03-18 09:00:00,43.333,0.0,21.183,36.029,17.782,40.204,21.301,35.655,20.77,33.363,18.829,63.242,3.483,73.94,19.957,28.745,21.74,37.456,19.709,37.207,2.442,763.6,98.583,3.0,10.0,2.258
2016-03-18 10:00:00,53.333,0.0,21.094,35.662,17.79,39.598,21.133,35.375,20.678,33.433,18.683,56.381,3.874,72.328,19.857,28.857,21.567,36.841,19.661,36.428,2.667,763.6,97.167,2.583,18.75,2.242
2016-03-18 11:00:00,50.0,1.667,20.945,35.468,17.812,39.176,21.083,35.213,20.6,33.344,18.589,52.799,4.354,67.896,19.804,28.918,21.427,36.462,19.589,35.863,3.233,763.6,93.5,2.0,36.417,2.258
2016-03-18 12:00:00,83.333,0.0,20.89,35.829,17.962,39.316,21.0,35.289,20.583,33.296,18.511,50.84,5.272,59.931,19.76,28.939,21.302,36.196,19.528,35.496,4.283,763.475,86.25,2.0,51.083,2.158
2016-03-18 13:00:00,56.667,0.0,20.914,36.853,18.286,39.0,21.033,35.343,20.511,33.227,18.5,49.12,6.908,47.832,19.7,28.928,21.2,35.92,19.5,35.245,5.767,763.092,77.667,2.0,45.167,2.1
2016-03-18 14:00:00,51.667,0.0,21.044,37.084,18.728,38.378,21.111,35.153,20.611,33.177,18.5,47.842,8.58,36.892,19.7,28.79,21.351,35.538,19.567,35.674,7.367,762.592,71.333,2.417,25.5,2.392
2016-03-18 15:00:00,50.0,1.667,21.24,35.762,19.121,37.756,21.25,34.869,20.812,33.246,18.517,46.736,9.46,33.696,19.715,28.796,21.846,35.034,19.644,37.466,8.008,762.217,71.917,3.417,33.583,3.133
2016-03-18 16:00:00,56.667,0.0,21.39,35.714,19.38,37.576,21.312,34.845,20.89,33.44,18.528,46.244,8.806,39.142,19.79,29.079,22.156,34.818,19.68,37.825,6.933,762.1,80.583,4.0,40.0,3.725
2016-03-18 17:00:00,81.667,1.667,21.351,36.43,19.208,38.353,21.312,35.14,20.791,33.7,18.5,46.07,7.22,48.946,19.79,29.586,22.339,36.312,19.644,37.933,6.042,762.1,86.167,4.0,40.0,3.817
2016-03-18 18:00:00,150.0,1.667,21.376,36.713,19.236,38.768,21.29,35.302,20.65,33.751,18.488,45.762,6.659,53.544,19.72,29.928,22.556,37.355,19.639,37.296,5.975,762.142,85.833,4.0,50.417,3.7
2016-03-18 19:00:00,115.0,1.667,21.832,36.895,19.668,39.067,21.531,35.804,20.516,33.933,18.5,45.856,6.317,56.315,19.7,30.218,22.761,37.661,19.6,36.501,5.633,762.2,88.25,4.0,47.083,3.783
2016-03-18 20:00:00,98.333,0.0,22.229,36.476,20.013,38.913,21.751,35.888,20.396,34.073,18.5,46.0,6.182,59.552,19.654,30.503,22.935,37.863,19.556,36.22,5.275,762.283,90.833,4.0,39.5,3.9
2016-03-18 21:00:00,78.333,0.0,22.577,36.26,20.337,38.648,21.997,35.888,20.357,34.275,18.5,46.06,5.876,61.763,19.611,30.694,22.785,38.796,19.5,36.09,5.058,762.442,91.167,4.417,62.75,3.733
2016-03-18 22:00:00,48.333,1.667,22.667,36.26,20.327,38.606,22.014,35.91,20.29,34.362,18.511,45.985,5.546,62.22,19.606,30.705,22.71,40.097,19.511,36.362,5.0,762.5,90.0,4.167,61.0,3.458
2016-03-18 23:00:00,53.333,1.667,22.486,36.352,19.962,38.84,21.79,36.1,20.21,34.519,18.488,46.35,5.461,61.924,19.7,30.851,22.622,41.764,19.6,37.476,5.125,762.5,89.167,3.0,61.417,3.442
2016-03-19 00:00:00,53.333,0.0,22.272,36.518,19.53,39.266,21.79,36.309,20.172,34.713,18.426,46.629,5.56,61.836,19.7,30.951,22.439,41.954,19.6,38.074,5.342,762.542,88.0,3.417,60.75,3.5
2016-03-19 01:00:00,46.667,0.0,22.038,36.68,19.24,39.583,21.79,36.426,20.1,34.798,18.39,46.7,5.679,61.46,19.7,31.056,22.356,43.149,19.606,38.942,5.067,762.558,90.5,4.0,59.833,3.583
2016-03-19 02:00:00,43.333,0.0,21.793,36.74,19.014,39.791,21.76,36.51,20.05,34.887,18.39,46.782,5.23,65.829,19.665,31.132,22.27,43.083,19.672,39.465,4.683,762.333,92.333,3.583,62.25,3.533
2016-03-19 03:00:00,53.333,0.0,21.611,36.9,18.772,40.086,21.656,36.56,19.988,34.994,18.39,46.785,5.04,66.251,19.6,31.128,22.133,42.622,19.689,39.851,4.758,761.975,89.583,2.583,64.0,3.175
2016-03-19 04:00:00,48.333,0.0,21.427,37.072,18.56,40.131,21.542,36.505,19.939,35.0,18.379,46.74,5.15,62.153,19.6,31.161,22.039,42.285,19.7,40.206,4.658,761.8,88.583,1.583,64.417,2.917
2016-03-19 05:00:00,38.333,0.0,21.229,37.11,18.357,40.208,21.44,36.565,19.846,34.956,18.307,46.7,5.233,59.25,19.589,31.111,22.0,42.282,19.7,40.588,4.6,761.8,88.0,1.417,65.0,2.8
2016-03-19 06:00:00,51.667,0.0,21.072,37.114,18.23,40.328,21.38,36.59,19.79,34.9,18.312,46.651,5.3,57.035,19.524,31.067,21.912,42.067,19.7,40.863,4.683,761.8,88.0,2.0,46.667,2.883
2016-03-19 07:00:00,56.667,0.0,20.982,37.125,18.128,40.639,21.594,36.932,19.725,34.917,18.29,46.627,5.45,57.904,19.5,31.056,21.79,42.019,19.7,41.03,4.883,761.967,87.167,2.0,21.0,2.917
2016-03-19 08:00:00,65.0,0.0,20.994,37.831,18.1,41.357,21.473,36.73,19.7,35.103,18.29,46.549,5.74,57.728,19.463,31.054,21.76,42.219,19.689,40.692,5.042,762.242,84.333,2.417,39.333,2.592
2016-03-19 09:00:00,195.0,0.0,20.988,37.451,18.1,40.735,21.29,36.518,19.7,35.454,18.29,45.835,6.063,51.668,19.362,30.663,21.7,41.218,19.611,39.397,5.142,762.425,81.583,3.0,63.75,2.258
2016-03-19 10:00:00,110.0,0.0,20.89,36.92,18.194,40.057,21.276,36.313,19.622,34.793,18.29,45.266,6.512,47.256,19.29,30.292,21.683,40.78,19.578,38.462,5.367,762.642,80.583,3.0,62.0,2.242
2016-03-19 11:00:00,455.0,1.667,20.89,36.737,18.313,39.619,21.304,36.619,19.6,34.397,18.307,44.78,7.297,42.326,19.29,30.1,21.686,39.951,19.511,37.795,5.725,762.742,76.667,3.417,47.0,1.842
2016-03-19 12:00:00,246.667,0.0,20.944,36.948,18.597,39.219,22.583,38.138,19.589,34.102,18.373,44.471,8.678,34.654,19.27,29.856,21.934,37.99,19.5,37.073,6.108,762.717,72.0,4.0,27.25,1.408
2016-03-19 13:00:00,288.333,0.0,21.24,37.267,18.991,39.208,23.074,37.323,19.6,33.79,18.396,44.399,9.608,28.362,19.22,29.52,22.047,36.762,19.469,36.474,6.442,762.558,71.167,4.0,26.5,1.575
2016-03-19 14:00:00,115.0,0.0,21.414,36.676,19.188,38.707,23.526,35.733,19.633,34.445,18.418,44.355,9.664,25.44,19.2,29.293,22.251,37.238,19.472,36.05,6.542,762.458,70.417,3.583,24.667,1.525
2016-03-19 15:00:00,81.667,0.0,21.379,35.855,19.29,37.807,22.873,34.43,20.937,35.138,18.476,44.007,9.712,25.046,19.2,29.22,22.402,37.304,19.451,35.598,6.767,762.358,70.167,3.0,32.417,1.658
2016-03-19 16:00:00,101.667,0.0,21.26,35.832,19.225,37.379,22.439,34.084,20.998,34.488,18.5,43.607,9.44,23.924,19.2,29.116,22.534,37.088,19.427,35.341,7.042,762.217,68.583,3.0,35.417,1.6
2016-03-19 17:00:00,90.0,0.0,21.262,36.017,19.286,37.541,22.139,34.388,21.306,35.064,18.5,43.456,9.059,24.056,19.24,28.853,22.72,36.817,19.39,35.087,7.017,762.1,68.0,3.417,26.917,1.517
2016-03-19 18:00:00,153.333,15.0,21.56,36.392,19.761,37.518,22.1,34.54,21.999,34.485,18.5,43.305,8.045,27.69,19.22,28.84,22.772,36.878,19.329,34.898,6.775,762.142,68.417,3.583,24.0,1.317
2016-03-19 19:00:00,113.333,3.333,21.934,37.724,19.951,38.013,22.194,35.211,21.764,33.42,18.55,43.669,7.194,30.807,19.2,28.89,22.916,36.34,19.29,34.755,6.392,762.2,71.083,2.583,22.333,1.408
2016-03-19 20:00:00,108.333,3.333,22.176,36.306,20.083,38.014,22.2,35.088,21.321,33.042,18.589,43.869,6.892,34.26,19.2,29.032,23.031,36.139,19.235,34.573,6.017,762.367,76.083,2.417,20.833,2.033
2016-03-19 21:00:00,98.333,0.0,22.29,36.041,20.039,38.133,22.167,35.0,21.089,33.884,18.6,43.671,6.596,40.634,19.2,29.377,22.792,35.051,19.2,34.634,5.733,762.558,79.833,3.417,22.833,2.458
2016-03-19 22:00:00,71.667,5.0,22.25,35.774,19.839,37.997,22.067,35.109,20.942,34.506,18.6,43.398,6.233,43.979,19.2,29.679,22.667,35.152,19.22,35.063,5.417,762.5,81.833,3.583,24.417,2.483
2016-03-19 23:00:00,43.333,1.667,22.089,35.887,19.589,38.119,21.914,35.489,20.792,34.79,18.544,43.671,5.981,46.24,19.21,30.104,22.617,38.352,19.346,37.086,5.217,762.5,83.417,3.0,24.583,2.6
2016-03-20 00:00:00,58.333,1.667,21.935,36.092,19.327,38.473,21.845,35.625,20.656,34.802,18.5,44.008,5.74,48.6,19.275,30.399,22.445,40.842,19.39,37.883,5.142,762.417,83.167,3.0,23.583,2.517
2016-03-20 01:00:00,56.667,0.0,21.73,36.114,19.089,38.772,21.999,35.813,20.516,34.869,18.5,44.286,5.679,49.43,19.29,30.61,22.329,42.0,19.39,38.793,5.242,762.3,81.167,3.0,23.0,2.275
2016-03-20 02:00:00,48.333,1.667,21.55,36.133,18.835,38.879,22.1,36.111,20.414,34.827,18.5,44.52,5.668,47.186,19.26,30.666,22.245,42.251,19.421,39.154,5.217,762.217,78.333,3.0,23.833,1.683
2016-03-20 03:00:00,51.667,1.667,21.379,36.127,18.65,38.983,22.1,36.329,20.318,34.79,18.476,44.645,5.586,44.961,19.23,30.633,22.156,41.72,19.43,39.585,5.058,761.975,76.417,3.0,25.417,1.183
2016-03-20 04:00:00,56.667,0.0,21.23,36.127,18.445,39.055,22.1,36.56,20.235,34.672,18.451,44.686,5.45,43.683,19.2,30.594,22.067,41.621,19.5,39.814,4.958,761.675,77.0,3.417,23.917,1.258
2016-03-20 05:00:00,53.333,0.0,21.089,36.21,18.271,39.232,22.167,36.59,20.167,34.602,18.414,44.72,5.317,43.165,19.2,30.5,21.988,41.119,19.5,39.911,4.858,761.5,77.833,3.583,38.917,1.283
2016-03-20 06:00:00,50.0,0.0,20.914,36.26,18.133,39.456,22.178,36.669,20.089,34.58,18.39,44.76,5.3,44.083,19.189,30.5,21.862,40.906,19.5,40.083,4.8,761.625,79.0,2.583,64.0,1.442
2016-03-20 07:00:00,53.333,0.0,20.79,36.28,18.056,39.614,22.028,36.682,20.011,34.51,18.39,45.142,5.378,45.45,19.178,30.5,21.79,41.314,19.5,40.27,4.883,761.8,79.833,2.417,45.667,1.667
2016-03-20 08:00:00,96.667,0.0,20.76,36.852,18.0,40.069,21.94,36.34,19.933,34.456,19.533,76.52,5.612,46.536,19.089,30.431,21.79,40.912,19.5,40.346,5.042,761.925,81.0,3.417,20.417,1.983
2016-03-20 09:00:00,170.0,0.0,20.79,36.818,18.017,39.966,21.672,35.462,19.851,34.273,19.008,75.025,5.988,47.154,19.011,30.21,21.812,37.93,19.396,38.948,5.308,761.975,79.75,3.583,23.917,2.1
2016-03-20 10:00:00,120.0,1.667,20.852,38.241,18.236,38.869,21.6,35.184,19.79,33.976,18.79,60.43,6.918,42.912,19.0,30.189,21.894,37.018,19.368,37.961,5.683,761.925,78.833,2.583,28.0,2.308
2016-03-20 11:00:00,305.0,0.0,21.011,37.963,18.749,39.541,21.753,36.406,19.76,33.976,18.718,53.288,7.233,42.934,19.0,30.334,22.307,37.474,19.323,37.351,5.8,761.975,81.667,2.833,33.0,2.892
2016-03-20 12:00:00,198.333,0.0,21.241,37.531,19.307,39.108,23.314,39.564,19.7,34.176,18.7,50.347,8.086,40.396,19.0,30.634,22.696,37.619,19.325,37.203,6.217,761.675,79.833,3.583,40.0,2.925
2016-03-20 13:00:00,116.667,0.0,21.72,37.22,20.139,38.252,23.253,37.759,19.7,34.163,18.779,48.619,8.789,32.629,19.0,30.499,23.02,37.396,19.351,36.88,6.633,761.5,74.833,3.417,40.0,2.442
2016-03-20 14:00:00,123.333,0.0,22.077,36.517,20.635,37.417,22.856,36.612,19.7,33.994,18.79,47.439,8.485,32.458,19.0,30.27,23.24,37.287,19.38,37.632,6.65,761.333,74.333,4.0,40.0,2.417
2016-03-20 15:00:00,88.333,0.0,22.434,35.978,21.024,36.531,22.617,35.602,20.128,36.708,18.868,46.561,8.892,29.496,19.0,30.167,23.428,37.194,19.561,39.009,7.292,760.975,70.75,4.0,40.0,2.3
2016-03-20 16:00:00,170.0,0.0,22.666,35.934,21.189,36.16,22.6,35.137,20.533,36.983,18.956,45.766,9.304,27.879,19.039,30.008,23.594,37.137,19.6,38.118,7.95,760.717,69.0,4.0,40.0,2.55
2016-03-20 17:00:00,103.333,0.0,22.73,38.457,21.133,36.829,22.6,35.776,20.339,35.427,19.038,45.655,9.464,26.494,19.094,30.044,23.781,36.918,19.6,37.406,8.05,760.642,69.833,4.0,40.0,2.858
2016-03-20 18:00:00,283.333,3.333,22.633,36.486,20.903,36.903,22.6,35.466,20.133,34.752,19.796,42.424,8.574,32.598,19.1,30.185,23.951,36.786,19.534,36.797,7.408,760.742,74.333,4.417,35.417,3.092
2016-03-20 19:00:00,128.333,3.333,22.962,37.888,20.719,37.986,22.677,35.983,20.218,37.46,20.355,41.381,7.674,41.518,19.121,30.653,23.914,37.541,19.488,36.515,6.375,760.925,82.75,4.167,26.083,3.583
2016-03-20 20:00:00,126.667,3.333,23.094,36.92,20.544,38.792,22.561,36.168,20.362,38.459,20.674,42.793,6.296,54.163,19.189,31.228,23.926,37.588,19.433,36.524,5.542,761.267,88.833,3.0,21.583,3.867
2016-03-20 21:00:00,123.333,0.0,22.957,37.21,20.289,39.91,22.47,36.507,20.245,37.49,20.72,42.138,5.604,61.862,19.156,31.588,23.986,37.786,19.439,36.575,5.558,761.417,90.833,2.583,38.917,4.183
2016-03-20 22:00:00,63.333,3.333,22.745,37.154,19.934,40.059,22.346,36.609,20.106,37.042,20.578,41.301,5.888,64.523,19.189,31.847,24.055,38.307,19.402,36.621,5.667,761.383,91.167,1.583,45.667,4.342
2016-03-20 23:00:00,46.667,1.667,22.507,37.4,19.588,40.358,22.23,36.676,20.037,37.131,20.082,43.318,6.062,63.696,19.245,32.039,23.813,40.142,19.451,37.749,5.858,761.458,90.417,1.417,38.75,4.4
2016-03-21 00:00:00,58.333,0.0,22.292,37.478,19.34,40.755,22.1,36.76,19.963,37.03,19.824,44.364,6.206,61.951,19.29,32.182,23.554,40.832,19.511,38.918,5.633,761.4,90.167,2.0,47.5,4.108
2016-03-21 01:00:00,51.667,0.0,22.111,37.5,19.198,40.851,22.1,36.814,19.89,36.989,19.656,44.962,5.721,62.207,19.29,32.235,23.324,42.753,19.537,39.591,4.817,761.358,90.667,2.0,39.667,3.408
2016-03-21 02:00:00,56.667,0.0,21.926,37.431,18.94,40.85,22.1,36.79,19.823,36.842,19.517,45.386,4.112,64.02,19.29,32.211,23.162,44.274,19.6,40.086,4.208,761.217,94.25,1.583,58.417,3.375
2016-03-21 03:00:00,45.0,0.0,21.734,37.321,18.705,41.112,22.1,36.845,19.775,36.72,19.408,45.588,4.024,66.49,19.29,32.22,23.01,44.825,19.6,40.518,4.625,761.1,95.583,1.0,50.333,3.983
2016-03-21 04:00:00,53.333,0.0,21.567,37.357,18.486,41.494,22.161,36.939,19.71,36.7,19.329,45.745,4.254,67.777,19.28,32.292,22.885,44.554,19.6,40.761,4.717,761.017,95.833,1.0,49.667,4.142
2016-03-21 05:00:00,55.0,0.0,21.427,37.456,18.329,41.918,22.2,37.03,19.678,36.7,19.244,45.874,4.664,68.74,19.248,32.348,22.79,44.137,19.634,41.008,4.6,760.983,97.0,1.0,53.667,4.158
2016-03-21 06:00:00,118.333,0.0,21.301,37.932,18.245,42.411,22.133,36.973,19.6,36.797,19.2,45.998,5.286,70.184,19.2,32.433,22.688,43.853,19.611,41.294,4.975,761.1,97.0,1.833,58.083,4.475
2016-03-21 07:00:00,63.333,1.667,21.21,38.283,18.21,42.827,21.976,36.679,19.611,37.593,19.303,45.483,5.827,71.77,19.22,32.64,22.567,43.384,19.644,41.291,5.667,761.183,96.167,3.0,61.833,5.042
2016-03-21 08:00:00,170.0,0.0,21.2,38.529,18.381,43.106,21.957,36.845,19.6,37.714,19.431,43.483,6.79,71.556,19.21,32.846,22.369,42.082,19.6,40.726,6.15,761.383,93.75,3.0,45.083,5.142
2016-03-21 09:00:00,56.667,0.0,21.2,38.768,18.684,42.716,21.988,36.9,19.6,37.58,19.5,42.811,7.541,65.836,19.27,33.029,22.235,41.34,19.6,40.285,6.833,761.583,88.25,3.0,23.333,4.95
2016-03-21 10:00:00,50.0,0.0,21.265,38.732,19.144,41.894,21.994,36.9,19.738,37.678,19.5,42.503,9.168,48.37,19.29,33.08,22.117,40.798,19.6,39.875,7.758,761.742,79.667,3.0,33.0,4.433
2016-03-21 11:00:00,63.333,0.0,21.29,37.946,19.411,39.98,21.835,36.78,20.458,37.566,19.377,43.125,9.797,30.921,19.256,32.245,22.01,39.458,19.6,38.915,8.358,761.8,70.833,3.417,40.0,3.283
2016-03-21 12:00:00,60.0,0.0,21.29,36.965,19.335,38.826,21.79,36.462,20.357,36.66,19.301,42.862,10.3,25.318,19.21,31.225,21.837,38.186,19.5,37.961,8.717,761.675,64.167,3.583,40.0,2.208
2016-03-21 13:00:00,55.0,0.0,21.24,36.198,19.567,37.715,21.79,36.094,20.23,35.542,19.29,42.274,11.218,20.311,19.22,30.695,21.76,37.608,19.5,37.186,9.217,761.333,63.417,3.0,40.0,2.542
2016-03-21 14:00:00,43.333,0.0,21.21,35.728,19.611,37.087,21.725,35.683,20.122,35.2,19.258,41.862,11.318,20.243,19.2,30.409,21.656,37.153,19.5,36.676,9.308,760.933,63.167,2.167,40.0,2.642
2016-03-21 15:00:00,55.0,0.0,21.2,35.5,19.656,36.718,21.694,35.416,20.039,35.169,19.25,41.397,12.319,19.044,19.24,30.416,21.567,36.978,19.451,36.38,9.558,760.575,62.0,1.417,35.0,2.617
2016-03-21 16:00:00,56.667,0.0,21.128,35.417,19.572,36.535,21.7,35.145,19.97,35.182,19.2,41.093,11.535,19.701,19.26,30.357,21.47,36.753,19.433,36.113,9.417,760.233,62.833,2.417,33.0,2.625
2016-03-21 17:00:00,46.667,10.0,21.089,35.48,19.357,36.725,21.678,34.9,19.907,35.325,19.2,40.956,10.296,23.817,19.23,30.684,21.34,36.51,19.379,36.005,9.092,760.083,66.917,2.583,35.417,3.217
2016-03-21 18:00:00,210.0,25.0,21.259,36.096,19.478,37.063,21.633,34.906,21.187,36.129,19.156,41.064,9.551,29.174,19.301,31.98,21.266,36.771,19.323,36.0,8.508,760.117,71.417,2.0,33.583,3.592
2016-03-21 19:00:00,138.333,16.667,21.961,38.632,20.158,38.208,21.93,36.143,21.272,36.519,19.189,41.872,8.742,30.215,19.353,32.646,21.657,37.461,19.29,36.03,7.642,759.917,75.75,1.583,34.167,3.55
2016-03-21 20:00:00,130.0,25.0,22.441,37.226,20.716,38.198,22.156,36.193,22.037,37.096,19.574,56.198,8.118,32.466,19.539,33.559,22.12,38.471,19.249,35.958,7.125,759.883,78.083,1.417,31.833,3.525
2016-03-21 21:00:00,115.0,21.667,22.719,36.884,20.939,38.097,22.194,36.181,22.093,36.853,19.663,55.265,7.972,34.743,19.644,34.994,22.497,39.041,19.2,35.79,7.3,760.0,74.417,2.417,32.917,3.083
2016-03-21 22:00:00,56.667,21.667,22.692,36.786,20.695,38.532,22.017,36.416,22.071,37.022,19.517,52.694,7.607,39.313,19.6,35.04,22.694,40.136,19.2,36.246,7.008,759.833,77.5,2.583,40.5,3.367
2016-03-21 23:00:00,58.333,21.667,22.52,37.123,20.245,39.214,21.88,36.477,22.427,37.204,19.408,51.279,7.173,46.129,19.633,36.198,22.543,41.807,19.2,37.114,6.142,759.6,82.25,1.583,64.583,3.308
2016-03-22 00:00:00,58.333,18.333,22.303,37.291,19.861,39.652,21.852,36.556,22.242,37.238,19.348,49.93,6.419,48.474,19.7,36.774,22.329,42.859,19.2,37.973,5.458,759.558,84.417,1.0,45.667,2.983
2016-03-22 01:00:00,51.667,0.0,22.099,37.569,19.546,39.77,22.008,36.862,21.897,36.576,19.29,48.983,6.206,47.352,19.725,37.083,22.235,44.299,19.2,38.719,5.442,759.375,85.0,1.417,20.0,3.1
2016-03-22 02:00:00,46.667,0.0,21.881,37.388,19.282,39.874,22.209,37.139,21.451,36.5,19.2,48.329,6.07,49.652,19.79,37.225,22.156,44.186,19.214,39.489,5.5,759.075,85.833,2.0,38.333,3.267
2016-03-22 03:00:00,43.333,0.0,21.719,37.422,19.054,40.107,22.199,37.261,21.127,36.5,19.2,47.849,5.28,52.211,19.79,37.202,22.033,43.883,19.28,40.304,4.75,758.733,89.5,1.583,63.167,3.167
2016-03-22 04:00:00,48.333,0.0,21.544,37.4,18.793,40.272,22.2,37.351,20.882,36.431,19.161,47.418,2.661,55.041,19.79,37.009,21.976,44.552,19.29,40.758,3.158,758.458,94.667,1.0,56.583,2.408
2016-03-22 05:00:00,51.667,0.0,21.392,37.263,18.455,40.559,22.22,37.422,20.708,36.202,19.1,47.095,1.33,57.799,19.77,36.839,21.89,44.211,19.29,41.108,2.067,758.275,97.417,1.0,30.25,1.708
2016-03-22 06:00:00,58.333,3.333,21.275,37.562,18.17,41.221,22.104,37.062,20.538,35.989,19.17,45.949,0.654,60.29,19.79,37.268,21.772,43.216,19.29,41.266,1.142,758.1,97.583,1.0,15.667,0.8
2016-03-22 07:00:00,46.667,0.0,21.183,38.11,17.981,42.226,21.881,36.487,20.391,35.863,19.133,45.983,0.322,62.329,19.775,36.801,21.661,42.145,19.29,40.529,1.375,758.142,97.0,1.0,33.25,0.933
2016-03-22 08:00:00,51.667,0.0,21.1,38.09,18.056,42.33,21.79,36.529,20.324,35.814,19.078,46.728,2.041,66.701,19.7,35.494,21.539,40.997,19.486,39.476,3.767,758.158,92.833,1.0,46.25,2.642
2016-03-22 09:00:00,50.0,0.0,21.144,38.208,19.729,40.64,21.771,36.565,20.99,36.081,19.0,46.619,5.0,68.96,19.617,34.936,21.414,40.396,19.764,38.45,6.442,758.1,79.917,1.417,45.75,3.15
2016-03-22 10:00:00,38.333,0.0,21.271,38.176,21.973,37.57,21.812,36.52,21.671,35.936,19.0,46.429,8.176,40.804,19.589,34.418,21.39,39.995,19.705,38.407,8.608,757.975,65.833,2.0,30.083,2.55
2016-03-22 11:00:00,51.667,0.0,21.468,38.01,22.64,35.975,21.851,36.544,21.847,35.697,19.0,46.318,9.76,28.44,19.6,33.918,21.539,39.097,19.705,38.697,10.017,757.717,58.75,2.0,34.583,2.283
2016-03-22 12:00:00,53.333,0.0,21.819,37.709,22.528,35.62,21.933,36.587,22.028,35.515,19.0,46.128,10.806,20.202,19.6,33.449,22.095,38.183,19.78,39.736,11.142,757.475,56.167,2.417,32.417,2.692
2016-03-22 13:00:00,53.333,0.0,22.197,37.286,22.482,35.461,22.1,36.498,22.044,35.4,19.01,46.038,12.343,16.828,19.661,33.162,22.567,37.577,19.79,39.839,11.942,757.133,55.833,3.0,40.0,3.308
2016-03-22 14:00:00,45.0,0.0,22.21,37.168,22.23,35.483,22.189,36.363,21.857,35.363,19.067,45.999,12.944,16.284,19.678,33.025,22.456,37.53,19.801,39.944,11.542,756.733,58.667,3.833,34.583,3.558
2016-03-22 15:00:00,43.333,0.0,22.2,37.06,21.863,35.762,22.156,36.28,21.74,35.409,19.078,45.956,12.468,17.457,19.7,32.992,22.457,37.55,19.79,39.91,10.942,756.375,60.583,4.583,32.417,3.5
2016-03-22 16:00:00,53.333,0.0,22.111,37.07,21.396,36.296,22.128,36.327,21.551,35.388,19.092,45.906,11.909,19.341,19.678,32.899,22.198,37.688,19.79,39.82,11.125,756.158,58.333,4.0,40.0,3.167
2016-03-22 17:00:00,63.333,0.0,22.1,37.092,21.044,36.663,22.2,36.255,21.482,35.415,19.155,45.9,11.707,19.082,19.7,32.784,22.21,37.661,19.79,39.769,11.008,756.017,58.083,4.417,40.0,2.95
2016-03-22 18:00:00,228.333,0.0,22.028,37.087,20.693,36.5,22.117,35.994,21.351,34.767,19.245,45.035,10.922,21.044,19.611,31.937,22.643,37.993,19.79,39.432,9.767,755.983,66.417,4.583,34.583,3.633
2016-03-22 19:00:00,196.667,6.667,22.365,44.392,20.794,39.427,22.277,37.594,21.214,34.659,19.225,45.246,8.845,34.252,19.589,32.193,23.049,38.081,19.79,39.28,7.725,756.1,77.75,3.583,26.167,3.975
2016-03-22 20:00:00,133.333,23.333,22.702,40.168,21.111,40.22,22.531,38.078,21.352,37.086,20.119,59.786,7.389,47.776,19.594,33.214,23.27,38.612,19.79,38.941,6.292,756.142,83.417,2.167,23.75,3.675
2016-03-22 21:00:00,130.0,5.0,22.97,39.14,21.255,39.902,22.667,37.931,21.678,38.307,20.997,66.23,6.023,56.61,19.785,35.264,23.522,38.869,19.73,38.173,5.583,756.158,86.5,1.0,39.083,3.458
2016-03-22 22:00:00,56.667,1.667,23.01,38.273,21.008,39.519,22.288,37.627,21.544,37.755,20.6,61.252,5.389,65.12,19.79,35.228,23.617,39.553,19.699,38.09,5.333,756.142,91.667,2.25,62.167,4.025
2016-03-22 23:00:00,53.333,0.0,22.803,38.64,20.462,40.976,22.1,37.59,21.313,37.536,20.664,47.398,5.776,68.204,19.801,36.162,23.487,41.319,19.73,39.164,5.758,756.179,93.792,3.583,61.208,4.817
2016-03-23 00:00:00,53.333,0.0,22.608,38.79,20.009,41.678,22.1,37.602,21.133,37.297,20.583,44.775,6.085,67.072,19.891,36.973,23.133,41.817,19.71,39.594,5.658,756.129,93.292,2.583,61.708,4.617
2016-03-23 01:00:00,53.333,0.0,22.393,38.79,19.659,41.958,22.207,37.792,20.988,37.09,20.482,43.634,6.005,65.473,19.957,37.334,22.959,42.72,19.769,40.316,5.517,756.017,93.833,2.0,62.0,4.542
2016-03-23 02:00:00,36.667,0.0,22.22,38.725,19.417,42.235,22.357,37.978,20.868,36.998,20.39,42.991,5.429,66.154,19.969,37.258,22.818,43.224,19.79,41.018,5.275,755.858,95.0,2.0,57.833,4.475
2016-03-23 03:00:00,51.667,0.0,22.039,38.664,19.184,42.405,22.312,38.05,20.78,36.9,20.334,42.671,5.56,67.707,20.0,37.594,22.715,44.138,19.79,41.375,5.058,755.8,95.0,2.0,47.833,4.3
2016-03-23 04:00:00,53.333,0.0,21.85,38.688,19.044,42.478,22.39,38.114,20.686,36.885,20.26,42.439,5.59,67.062,20.0,37.73,22.606,44.265,19.79,41.535,5.083,755.8,95.0,2.0,38.667,4.383
2016-03-23 05:00:00,50.0,0.0,21.74,38.74,18.902,42.55,22.39,38.205,20.594,36.79,20.2,42.203,5.686,67.36,20.011,37.84,22.476,43.972,19.79,41.719,5.242,755.8,95.0,2.0,33.583,4.542
2016-03-23 06:00:00,155.0,1.667,21.622,39.152,18.778,42.953,22.34,38.097,20.511,36.869,20.089,43.153,5.776,67.696,20.056,38.096,22.391,43.78,19.806,41.926,5.3,755.925,95.833,2.0,32.167,4.683
2016-03-23 07:00:00,115.0,0.0,21.543,39.768,18.7,43.843,22.155,37.875,20.457,36.899,19.962,44.377,5.875,68.24,20.122,38.517,22.281,43.419,19.807,41.863,5.508,756.1,97.0,2.417,37.25,5.008
2016-03-23 08:00:00,148.333,1.667,21.528,39.887,18.824,43.904,22.1,37.933,20.796,37.342,20.056,44.404,6.613,68.839,20.089,37.281,22.094,41.814,19.78,41.306,6.092,756.142,95.333,2.583,51.417,5.383
2016-03-23 09:00:00,73.333,1.667,21.628,40.02,19.025,44.403,22.1,37.922,21.2,38.396,20.037,48.228,7.751,65.305,20.039,37.228,21.945,41.934,19.76,40.841,6.875,756.158,91.333,2.417,61.083,5.583
2016-03-23 10:00:00,78.333,0.0,21.748,41.363,19.446,46.324,22.145,38.308,21.2,39.229,19.873,48.606,9.328,53.785,20.011,36.763,21.84,42.051,19.722,40.533,7.692,756.142,86.5,3.417,47.333,5.533
2016-03-23 11:00:00,76.667,8.333,21.857,43.371,19.719,46.304,22.15,39.1,21.267,39.668,19.79,48.393,10.043,42.949,19.951,35.957,21.761,41.595,19.74,39.888,8.475,756.242,79.667,4.0,30.667,5.092
2016-03-23 12:00:00,50.0,0.0,21.846,40.938,19.77,43.439,22.1,39.439,21.319,40.007,19.722,47.316,10.083,37.48,19.868,34.931,21.678,40.261,19.715,38.999,9.042,756.258,74.167,4.417,40.0,4.633
2016-03-23 13:00:00,66.667,0.0,21.76,39.149,19.65,41.473,22.094,38.78,21.127,38.163,19.678,45.942,9.918,39.022,19.79,34.327,21.556,39.542,19.7,38.401,8.975,756.2,75.5,4.583,40.0,4.817
2016-03-23 14:00:00,93.333,0.0,21.65,38.66,19.567,40.982,22.0,38.278,20.94,37.7,19.611,45.009,9.966,44.684,19.78,34.642,21.863,40.062,19.644,38.25,8.717,756.033,79.0,4.417,40.0,5.275
2016-03-23 15:00:00,76.667,1.667,21.561,38.437,19.594,40.588,21.915,37.942,20.801,37.431,19.6,44.45,10.386,39.3,19.76,34.649,22.432,40.401,19.622,38.141,8.475,755.8,81.917,5.0,40.0,5.475
2016-03-23 16:00:00,108.333,6.667,21.47,38.0,19.452,40.213,21.78,37.663,20.729,37.678,19.572,44.357,9.844,42.988,19.851,35.579,22.858,41.502,19.6,38.163,8.592,755.8,82.667,5.0,40.0,5.75
2016-03-23 17:00:00,101.667,10.0,21.254,37.194,19.198,39.296,21.7,37.192,20.55,37.333,19.5,43.949,9.891,40.789,19.972,36.606,23.191,41.496,19.572,38.118,8.833,755.842,78.833,5.0,40.0,5.358
2016-03-23 18:00:00,143.333,11.667,21.471,38.774,19.528,40.228,21.715,37.23,20.516,37.257,19.5,43.945,9.394,42.096,20.133,37.474,23.433,40.804,19.5,37.886,8.35,756.025,81.25,3.75,40.0,5.3
2016-03-23 19:00:00,130.0,11.667,22.031,40.103,20.272,40.979,21.922,37.888,20.414,37.109,19.5,44.53,8.769,43.403,20.24,36.818,23.667,40.24,19.433,37.717,8.0,756.283,81.75,2.833,40.0,5.05
2016-03-23 20:00:00,130.0,13.333,22.416,39.752,20.707,41.516,22.198,38.386,20.357,36.873,20.341,50.84,8.387,42.092,20.239,35.139,23.824,39.663,19.402,37.614,7.75,756.483,80.417,3.167,40.0,4.575
2016-03-23 21:00:00,86.667,25.0,22.628,38.9,20.79,40.419,22.29,38.262,20.336,37.087,20.615,44.518,7.738,45.218,20.527,35.415,23.707,39.383,19.426,37.54,7.233,756.683,82.25,2.0,40.0,4.4
2016-03-23 22:00:00,63.333,23.333,22.6,38.335,20.617,40.151,22.133,38.141,22.273,38.398,20.137,46.73,7.288,49.52,20.494,36.201,23.528,41.237,19.427,37.951,6.542,756.883,85.25,2.0,35.417,4.15
2016-03-23 23:00:00,46.667,13.333,22.434,38.606,20.208,40.816,22.022,38.183,22.742,37.798,19.933,47.902,6.863,51.366,20.39,36.698,23.343,42.895,19.39,38.548,5.9,756.958,87.0,1.583,27.75,3.842
2016-03-24 00:00:00,51.667,0.0,22.25,39.151,19.862,41.284,22.161,38.564,22.185,37.264,19.782,48.265,6.629,52.68,20.39,37.127,23.089,44.747,19.396,39.288,6.108,756.9,85.75,1.417,27.25,3.9
2016-03-24 01:00:00,51.667,0.0,22.078,38.943,19.567,41.326,22.285,38.816,21.696,37.172,19.7,48.351,6.458,53.735,20.39,37.507,22.928,46.088,19.433,40.314,6.067,756.817,86.917,1.583,26.083,4.025
2016-03-24 02:00:00,51.667,0.0,21.902,38.803,19.324,41.342,22.385,38.933,21.342,37.167,19.622,48.363,6.389,54.84,20.439,37.732,22.812,46.484,19.494,40.912,5.558,756.658,91.0,1.0,39.917,4.2
2016-03-24 03:00:00,50.0,0.0,21.745,38.765,19.1,41.62,22.413,39.013,21.089,37.21,19.544,48.4,6.17,55.875,20.463,38.061,22.72,45.971,19.511,41.397,5.292,756.558,91.833,1.0,65.0,4.075
2016-03-24 04:00:00,36.667,0.0,21.589,38.715,18.903,41.869,22.417,39.04,20.915,37.198,19.5,48.336,6.032,56.453,20.457,38.067,22.611,45.313,19.589,41.671,5.167,756.375,92.167,1.417,65.0,3.942
2016-03-24 05:00:00,53.333,0.0,21.47,38.72,18.74,42.149,22.335,39.114,20.76,37.09,19.445,48.227,5.928,57.158,20.445,38.179,22.51,44.933,19.6,41.891,5.442,756.2,90.167,2.0,65.0,3.917
2016-03-24 06:00:00,60.0,1.667,21.39,39.202,18.622,42.751,22.298,38.819,20.639,37.035,19.386,48.157,5.828,58.145,20.39,38.214,22.385,44.578,19.6,42.077,5.542,756.242,88.583,2.0,65.0,3.758
2016-03-24 07:00:00,53.333,0.0,21.39,39.794,18.567,43.849,22.183,38.41,20.561,37.055,19.384,48.238,6.051,59.336,20.463,38.496,22.287,44.538,19.594,42.091,5.892,756.425,86.75,1.583,46.25,3.825
2016-03-24 08:00:00,43.333,3.333,21.29,39.955,18.514,43.952,22.061,38.374,20.482,37.127,19.323,48.29,6.663,58.796,20.368,37.296,22.145,42.806,19.5,41.346,6.383,756.642,84.167,1.833,20.833,3.917
2016-03-24 09:00:00,61.667,21.667,21.2,39.857,18.589,43.7,22.0,38.265,20.808,37.623,19.29,48.183,7.397,55.572,20.29,36.506,22.044,42.095,19.451,40.562,6.708,756.783,81.333,2.583,22.833,3.717
2016-03-24 10:00:00,61.667,21.667,21.2,39.785,18.686,43.427,22.0,38.05,21.154,38.304,19.29,47.893,8.88,47.583,20.225,35.908,21.89,41.542,19.439,39.966,7.333,756.9,76.083,2.417,24.0,3.35
2016-03-24 11:00:00,48.333,5.0,21.189,39.81,18.921,42.925,22.0,37.932,21.291,38.263,19.29,47.529,10.254,35.874,20.2,35.38,21.801,41.034,19.414,39.416,8.133,756.9,69.5,3.417,22.75,2.833
2016-03-24 12:00:00,46.667,0.0,21.117,39.688,19.229,42.13,21.902,37.851,21.106,37.09,19.29,47.123,11.313,26.385,20.2,34.909,21.735,40.564,19.414,39.033,8.808,756.817,65.167,4.0,39.333,2.558
2016-03-24 13:00:00,48.333,0.0,21.1,39.431,19.381,41.506,21.89,37.709,20.904,36.514,19.29,46.807,12.216,20.049,20.2,34.473,21.661,40.134,19.402,38.559,9.267,756.575,62.333,4.417,65.0,2.333
2016-03-24 14:00:00,50.0,0.0,21.089,39.238,19.55,40.917,21.89,37.525,20.785,36.296,19.29,46.497,12.564,18.804,20.166,34.151,21.6,39.82,19.402,38.184,9.5,756.317,61.25,4.583,64.583,2.392
2016-03-24 15:00:00,45.0,0.0,21.08,39.119,19.544,40.657,21.885,37.427,20.689,36.31,19.29,46.262,11.696,20.061,20.111,34.04,21.5,39.676,19.39,37.959,9.458,756.158,64.25,4.0,63.583,3.008
2016-03-24 16:00:00,121.667,0.0,21.006,39.005,19.55,40.467,21.801,37.346,20.6,36.61,19.29,46.03,11.512,21.114,20.1,33.983,21.763,40.565,19.39,37.804,9.275,756.142,66.0,4.0,46.333,3.175
2016-03-24 17:00:00,101.667,0.0,20.982,38.83,19.303,40.102,21.76,37.282,20.6,37.309,19.29,45.736,10.177,27.985,20.017,33.741,22.33,40.853,19.301,37.44,8.85,756.2,69.75,4.0,23.833,3.5
2016-03-24 18:00:00,245.0,1.667,21.08,41.996,19.338,40.8,21.698,37.232,20.544,36.872,19.29,45.156,9.429,34.891,19.976,34.591,22.522,40.66,19.265,37.218,8.333,756.242,76.25,4.0,24.167,4.325
2016-03-24 19:00:00,96.667,3.333,21.594,43.486,19.964,43.087,21.951,38.544,20.408,36.75,19.27,46.112,8.402,40.359,20.076,35.519,22.528,40.242,19.2,37.205,7.85,756.342,80.083,3.583,22.167,4.583
2016-03-24 20:00:00,95.0,20.0,21.997,40.417,20.441,41.44,22.167,38.209,20.45,37.522,20.217,62.417,7.648,47.429,20.439,36.762,22.6,40.812,19.2,37.351,7.208,756.4,85.917,2.583,20.583,4.908
2016-03-24 21:00:00,96.667,0.0,22.26,39.563,20.604,40.762,22.22,37.939,20.714,38.856,20.721,76.729,7.398,53.494,20.498,37.317,22.64,41.934,19.128,37.602,6.675,756.275,91.25,2.417,37.083,5.283
2016-03-24 22:00:00,63.333,3.333,22.275,39.64,20.394,41.502,22.15,38.101,20.667,38.974,20.553,56.14,6.98,59.321,20.379,37.327,22.7,43.486,19.156,38.473,6.5,755.975,93.0,3.0,58.5,5.442
2016-03-24 23:00:00,50.0,0.0,22.15,39.53,20.064,41.781,22.0,38.24,20.498,38.831,20.187,54.145,6.878,62.713,20.357,37.902,22.7,44.784,19.24,40.007,6.417,755.758,94.25,3.0,50.833,5.583
2016-03-25 00:00:00,53.333,0.0,21.975,39.505,19.695,41.972,21.988,38.302,20.368,38.7,19.986,53.448,6.75,65.167,20.39,38.591,22.54,45.486,19.29,40.964,6.3,755.617,96.0,3.0,41.667,5.7
2016-03-25 01:00:00,43.333,0.0,21.808,39.428,19.392,41.998,22.122,38.53,20.29,38.633,19.835,52.468,6.702,68.181,20.402,38.812,22.39,47.055,19.34,42.142,6.3,755.375,95.583,3.417,41.167,5.658
2016-03-25 02:00:00,51.667,0.0,21.656,39.456,19.165,42.251,22.235,38.745,20.205,38.505,19.72,51.686,6.634,70.352,20.39,39.343,22.307,47.819,19.39,42.757,6.217,754.992,95.833,4.0,43.667,5.6
2016-03-25 03:00:00,55.0,0.0,21.463,39.53,18.961,42.549,22.301,38.922,20.117,38.565,19.644,51.079,6.53,71.479,20.426,39.838,22.225,47.58,19.482,43.161,6.1,754.533,97.0,4.417,38.167,5.6
2016-03-25 04:00:00,53.333,0.0,21.368,39.5,18.793,42.834,22.385,38.984,20.044,38.55,19.567,50.574,6.5,72.471,20.39,39.792,22.167,47.031,19.451,43.454,6.183,754.133,96.167,5.0,37.833,5.6
2016-03-25 05:00:00,48.333,0.0,21.215,39.53,18.639,43.106,22.39,39.0,19.976,38.56,19.5,50.218,6.489,72.866,20.39,39.989,22.089,46.783,19.463,43.639,6.217,753.775,95.0,5.417,38.583,5.517
2016-03-25 06:00:00,43.333,0.0,21.117,39.596,18.506,43.341,22.335,39.02,19.89,38.59,19.422,50.002,6.46,73.214,20.39,40.234,22.044,46.383,19.488,43.794,6.1,753.433,95.833,6.0,39.25,5.483
2016-03-25 07:00:00,65.0,3.333,21.039,40.229,18.39,43.688,22.239,38.861,19.89,38.798,19.39,49.71,6.54,73.636,20.387,40.318,21.922,45.376,19.5,43.809,6.225,753.283,97.0,6.0,44.75,5.725
2016-03-25 08:00:00,106.667,3.333,21.0,40.432,18.39,44.141,21.921,38.172,19.818,38.776,19.356,49.384,6.762,73.811,20.22,38.373,21.74,43.262,19.445,42.806,6.442,753.483,97.0,6.0,52.083,5.942
2016-03-25 09:00:00,261.667,0.0,20.927,40.632,18.39,44.239,21.79,38.134,19.78,38.837,19.296,48.841,7.166,74.008,20.111,37.683,21.572,42.501,19.402,41.775,6.708,753.642,96.583,5.583,57.917,6.167
2016-03-25 10:00:00,158.333,0.0,20.963,40.52,18.478,44.285,21.666,38.151,19.752,39.297,19.29,48.33,7.878,74.377,20.044,37.489,21.47,42.194,19.39,41.311,7.208,753.825,95.583,4.583,62.833,6.567
2016-03-25 11:00:00,520.0,0.0,21.051,41.137,18.578,44.682,21.895,39.057,19.7,39.476,19.24,47.818,8.854,74.959,20.0,37.651,21.346,42.114,19.39,41.139,7.958,754.125,95.0,4.0,63.583,7.258
2016-03-25 12:00:00,160.0,0.0,21.336,42.686,18.89,46.592,23.118,40.406,19.7,39.896,19.218,47.968,9.825,74.025,20.0,38.098,21.28,42.401,19.402,41.375,8.6,754.633,92.917,4.833,48.833,7.567
2016-03-25 13:00:00,395.0,1.667,21.527,41.894,19.196,45.726,23.038,39.631,19.715,40.002,19.245,48.05,10.04,63.842,20.033,37.869,21.22,42.253,19.477,41.994,9.267,755.35,82.083,6.0,33.583,6.308
2016-03-25 14:00:00,345.0,0.0,21.857,41.377,19.74,44.772,23.697,39.513,19.88,39.38,19.329,48.122,11.397,47.031,20.506,36.526,21.51,41.17,19.578,41.428,10.367,755.867,67.667,5.583,40.0,4.575
2016-03-25 15:00:00,316.667,1.667,22.25,41.576,20.078,43.871,24.208,39.43,20.039,38.586,19.368,48.035,11.125,40.434,21.041,34.849,21.984,41.378,19.71,41.989,10.35,756.267,65.5,5.417,40.0,4.075
2016-03-25 16:00:00,365.0,0.0,22.509,40.741,20.258,43.512,24.452,38.497,20.1,37.788,19.39,48.09,10.962,39.336,21.272,33.572,22.589,40.757,19.766,41.989,10.167,756.708,67.75,5.167,40.0,4.433
2016-03-25 17:00:00,238.333,1.667,22.633,40.414,20.323,42.657,24.942,38.53,20.1,37.196,19.451,48.072,9.969,40.423,21.287,32.619,23.016,40.007,19.78,41.688,10.192,757.292,64.333,3.583,40.0,3.7
2016-03-25 18:00:00,391.667,18.333,22.962,40.532,20.63,41.397,25.281,38.18,20.261,38.216,19.633,47.406,9.519,42.282,21.475,34.92,23.336,39.474,19.79,40.729,9.15,757.867,67.0,2.583,40.0,3.25
2016-03-25 19:00:00,296.667,8.333,23.398,45.633,21.024,42.601,25.564,38.23,20.549,41.802,19.689,47.234,6.637,52.95,21.649,34.952,23.312,39.6,19.78,39.562,7.85,758.267,72.333,1.583,40.0,3.1
2016-03-25 20:00:00,133.333,3.333,23.622,41.997,21.167,43.098,24.788,38.096,20.633,41.639,19.7,48.113,4.419,59.818,21.159,33.032,23.463,39.373,19.735,39.033,6.583,758.75,76.667,1.0,35.417,2.692
2016-03-25 21:00:00,108.333,1.667,23.525,40.314,20.839,43.509,24.17,37.741,20.457,38.916,19.775,48.737,3.449,63.506,20.869,32.45,23.6,39.147,19.7,38.347,4.633,759.142,88.083,1.0,27.75,2.767
2016-03-25 22:00:00,66.667,1.667,23.314,39.54,20.436,42.545,23.718,37.614,20.426,39.156,19.822,47.95,2.797,64.717,20.768,33.279,23.56,39.363,19.704,38.524,2.908,759.2,92.667,1.0,25.167,1.758
2016-03-25 23:00:00,53.333,1.667,23.111,38.942,19.973,41.806,23.456,37.546,20.644,40.771,19.729,47.66,2.083,65.317,20.791,35.011,23.283,41.559,19.71,39.719,1.675,759.2,95.833,1.0,22.333,1.042
2016-03-26 00:00:00,55.0,0.0,22.901,38.39,19.512,42.136,23.351,37.51,20.667,40.641,19.7,47.397,1.867,66.916,20.803,35.918,23.054,43.486,19.75,40.629,1.833,759.033,94.5,1.0,22.917,1.017
2016-03-26 01:00:00,55.0,0.0,22.676,37.901,19.126,42.16,23.29,37.52,20.589,40.351,19.636,47.144,1.73,67.892,20.832,36.662,22.874,44.18,19.79,41.222,3.175,758.8,88.917,1.833,27.417,1.442
2016-03-26 02:00:00,51.667,0.0,22.434,37.65,18.787,41.962,23.29,37.5,20.481,40.12,19.596,46.997,1.311,66.91,20.803,37.042,22.757,43.804,19.79,41.649,4.233,758.675,86.0,3.0,27.583,2.033
2016-03-26 03:00:00,41.667,0.0,22.218,37.535,18.578,42.204,23.29,37.489,20.373,39.791,19.558,46.919,1.059,67.179,20.792,37.08,22.627,43.281,19.79,42.05,3.667,758.333,86.833,2.583,25.75,1.633
2016-03-26 04:00:00,55.0,0.0,22.033,37.433,18.313,42.528,23.265,37.52,20.285,39.603,19.5,46.872,1.516,68.781,20.79,37.264,22.492,42.898,19.79,42.157,3.117,757.892,88.0,2.417,23.583,1.317
2016-03-26 05:00:00,50.0,0.0,21.813,37.327,18.107,42.775,23.27,37.624,20.157,39.428,19.5,46.825,2.204,69.729,20.78,37.455,22.367,42.651,19.79,42.297,3.292,757.433,87.167,3.417,23.0,1.367
2016-03-26 06:00:00,55.0,0.0,21.656,37.339,17.938,43.013,23.205,37.697,20.089,39.314,19.479,46.772,3.244,70.586,20.74,37.559,22.284,42.692,19.79,42.375,4.033,757.117,85.167,4.0,24.667,1.767
2016-03-26 07:00:00,56.667,0.0,21.509,37.439,17.95,43.027,23.234,37.761,20.011,39.26,19.416,46.718,4.293,71.278,20.727,37.817,22.204,42.808,19.79,42.409,5.125,756.875,83.167,4.417,25.75,2.458
2016-03-26 08:00:00,66.667,0.0,21.396,37.923,18.347,42.84,23.165,37.419,20.046,39.965,19.394,46.713,6.248,72.452,20.7,38.137,22.143,43.602,19.8,42.328,6.333,756.7,84.5,6.667,22.333,3.85
2016-03-26 09:00:00,61.667,0.0,21.39,39.125,18.487,43.997,22.95,37.092,20.094,39.971,19.39,46.851,7.531,72.876,20.71,38.995,22.1,44.318,19.79,42.069,7.508,756.617,88.417,8.167,21.667,5.692
2016-03-26 10:00:00,193.333,1.667,21.39,39.889,18.655,44.592,22.896,37.168,20.022,40.219,20.785,74.444,9.2,72.37,20.7,39.473,22.1,45.31,19.818,42.288,8.958,756.25,87.333,6.583,26.083,6.925
2016-03-26 11:00:00,291.667,5.0,21.335,40.387,19.143,44.293,22.902,37.375,20.022,40.664,20.347,81.01,11.962,58.051,20.7,39.485,22.194,43.244,19.89,42.39,10.392,755.567,79.583,7.667,33.583,6.892
2016-03-26 12:00:00,253.333,13.333,21.462,41.016,19.826,43.34,23.847,39.956,20.197,40.942,20.133,69.182,13.74,45.918,20.811,38.257,22.287,41.526,19.89,41.839,12.0,754.892,70.75,9.583,40.0,6.767
2016-03-26 13:00:00,95.0,5.0,21.822,42.443,20.401,43.454,23.909,38.31,20.312,40.641,19.945,59.568,15.046,41.843,21.122,37.373,22.633,41.201,19.964,42.131,13.283,754.308,66.083,8.583,40.0,6.958
2016-03-26 14:00:00,71.667,0.0,22.0,42.516,20.88,43.033,23.637,38.208,20.39,40.586,19.914,55.264,15.859,31.93,21.28,36.739,22.75,40.576,20.0,42.189,13.85,753.608,63.667,8.0,40.0,7.067
2016-03-26 15:00:00,70.0,0.0,22.0,41.841,20.914,42.321,23.451,38.29,20.307,40.513,19.89,53.241,15.047,33.042,21.178,36.69,22.74,40.454,20.0,42.2,13.208,753.033,69.333,8.0,40.0,7.675
2016-03-26 16:00:00,83.333,1.667,21.982,41.814,20.835,42.306,23.314,38.302,20.28,41.313,19.89,51.829,14.814,36.01,21.078,37.129,22.783,41.447,20.0,42.193,13.175,752.425,72.75,7.167,40.0,8.283
2016-03-26 17:00:00,110.0,5.0,21.963,41.72,20.75,42.51,23.1,38.4,20.301,42.48,19.896,50.965,15.062,33.494,21.078,37.351,23.29,43.473,20.0,42.29,13.742,751.608,68.5,6.0,40.0,7.942
2016-03-26 18:00:00,106.667,3.333,21.902,41.497,20.49,42.489,23.039,38.394,20.302,42.338,19.896,50.285,14.374,31.473,21.042,37.005,23.644,44.406,20.0,42.117,13.508,751.033,66.667,5.583,40.0,7.342
2016-03-26 19:00:00,201.667,13.333,22.028,44.431,20.365,43.775,23.011,38.467,20.379,43.184,19.896,50.691,13.731,33.972,20.933,36.966,23.664,44.412,19.939,41.473,13.267,750.383,67.333,5.833,40.0,7.233
2016-03-26 20:00:00,198.333,15.0,22.42,43.692,20.768,44.67,23.022,39.042,20.519,43.895,20.862,69.961,12.984,35.548,20.84,37.138,23.767,43.516,19.89,41.161,13.417,749.425,65.0,7.417,40.0,6.958
2016-03-26 21:00:00,120.0,1.667,22.788,42.939,21.431,44.186,23.089,39.431,20.466,42.652,21.119,50.662,12.306,36.857,20.745,37.255,23.988,43.398,19.829,40.874,13.3,748.65,65.0,7.167,40.0,6.817
2016-03-26 22:00:00,216.667,1.667,22.982,42.159,21.689,43.318,23.1,39.5,20.313,41.975,21.39,46.894,12.282,35.945,20.7,37.04,24.067,43.007,19.79,40.547,13.258,747.925,63.75,6.833,40.0,6.45
2016-03-26 23:00:00,55.0,0.0,23.0,41.921,21.462,42.787,23.0,39.467,20.204,41.63,21.119,49.498,12.508,33.828,20.803,38.24,24.22,43.988,19.84,41.14,13.325,747.025,61.167,8.0,40.0,5.975
2016-03-27 00:00:00,41.667,0.0,22.951,41.186,21.138,42.619,23.045,39.5,20.1,41.38,20.697,51.099,12.037,40.587,20.846,39.03,24.025,45.113,19.89,41.907,11.333,747.375,72.083,8.0,49.583,6.092
2016-03-27 01:00:00,65.0,1.667,22.89,40.661,20.818,42.698,23.1,39.489,20.044,41.329,20.522,51.52,8.513,69.118,20.914,39.84,23.803,45.986,19.902,42.341,7.925,748.725,91.5,5.5,63.417,6.583
2016-03-27 02:00:00,61.667,0.0,22.865,40.213,20.48,42.771,23.215,39.515,19.963,41.2,20.384,51.707,7.763,71.839,20.945,40.137,23.578,47.667,19.939,42.716,7.317,748.879,95.417,2.0,64.0,6.679
2016-03-27 03:00:00,61.667,0.0,22.79,39.851,20.176,43.021,23.301,39.59,19.902,41.102,20.26,51.496,7.612,72.008,21.0,40.467,23.403,49.544,19.902,43.08,7.117,748.829,96.417,2.0,64.0,6.629
2016-03-27 04:00:00,61.667,0.0,22.745,39.672,19.904,43.551,23.346,39.55,19.851,41.055,20.2,51.053,7.225,71.8,21.033,40.599,23.26,49.253,19.994,43.491,7.0,748.8,97.417,2.417,64.417,6.642
2016-03-27 05:00:00,55.0,0.0,22.65,39.459,19.644,43.974,23.368,39.51,19.79,40.874,20.111,50.772,6.797,71.662,21.0,40.421,23.144,48.694,20.0,43.685,6.792,749.05,97.167,3.833,47.917,6.367
2016-03-27 06:00:00,61.667,0.0,22.578,39.26,19.427,44.2,23.318,39.5,19.725,40.709,20.061,50.473,6.263,71.177,21.011,40.598,23.016,48.088,20.0,43.79,6.417,749.525,95.167,5.417,30.667,5.692
2016-03-27 07:00:00,53.333,0.0,22.476,39.05,19.29,44.095,23.296,39.461,19.7,40.487,20.0,50.217,5.678,70.606,21.056,40.47,22.897,47.69,20.044,43.873,6.3,750.033,91.917,6.0,40.0,5.067
2016-03-27 08:00:00,53.333,0.0,22.346,38.884,19.28,43.767,23.265,39.32,19.678,40.218,20.0,50.005,5.777,70.84,21.05,40.732,22.79,47.322,20.133,43.967,6.3,750.542,88.583,6.417,40.0,4.558
2016-03-27 09:00:00,81.667,1.667,22.433,40.722,20.424,43.352,23.053,39.087,19.891,40.121,20.0,49.47,7.68,71.386,21.05,40.385,22.79,47.448,20.351,43.826,6.383,750.892,88.0,7.417,40.0,4.542
2016-03-27 10:00:00,95.0,1.667,22.572,41.084,21.32,42.033,23.011,39.25,20.225,40.506,20.477,67.187,9.888,58.592,21.04,39.712,22.927,46.972,20.329,43.722,7.458,751.342,83.417,8.417,40.0,4.767
2016-03-27 11:00:00,78.333,0.0,22.55,39.918,21.451,40.515,23.0,39.006,20.38,41.649,20.381,62.36,11.275,43.842,20.999,37.811,23.189,43.808,20.29,42.987,9.092,751.358,74.917,9.833,40.0,4.875
2016-03-27 12:00:00,71.667,0.0,22.594,38.873,21.644,39.071,22.989,38.532,20.542,40.603,20.23,57.049,12.886,35.873,21.133,36.466,23.291,41.374,20.29,42.717,10.25,751.258,69.5,10.167,35.417,4.867
2016-03-27 13:00:00,68.333,0.0,22.611,38.12,21.716,38.025,22.933,38.151,20.6,39.84,20.172,52.663,13.64,28.462,21.293,35.254,23.434,39.735,20.29,41.941,11.675,751.242,63.5,9.0,33.583,4.933
2016-03-27 14:00:00,60.0,0.0,22.688,37.463,21.71,37.357,22.862,37.86,20.622,39.251,20.194,50.144,14.014,22.402,21.536,34.072,23.659,38.638,20.29,41.074,12.033,751.092,58.75,9.0,40.0,4.158
2016-03-27 15:00:00,68.333,0.0,22.835,36.868,21.7,36.78,22.823,37.752,20.73,38.826,20.128,48.378,14.536,17.006,21.857,32.966,23.968,37.673,20.323,40.596,12.217,750.675,55.333,9.833,40.0,3.358
2016-03-27 16:00:00,66.667,0.0,22.89,36.603,21.661,36.381,22.886,37.695,20.79,38.475,20.172,47.059,14.135,16.009,22.077,32.123,24.217,36.895,20.379,40.189,12.675,750.375,53.833,10.583,40.0,3.383
2016-03-27 17:00:00,88.333,1.667,22.829,36.272,21.371,36.564,22.89,37.541,20.725,38.456,20.156,46.129,12.184,27.551,21.912,32.012,24.089,36.697,20.34,39.856,12.25,750.075,55.417,9.583,40.0,3.417
2016-03-27 18:00:00,156.667,0.0,22.72,36.692,21.053,37.55,22.89,37.282,20.772,39.544,20.189,45.953,10.443,35.674,21.708,32.609,24.207,38.219,20.29,40.108,11.108,749.9,63.083,7.75,40.0,4.133
2016-03-27 19:00:00,95.0,1.667,22.6,37.026,20.653,38.585,22.79,37.068,20.812,39.292,20.183,46.135,8.668,44.621,21.521,32.703,24.271,39.118,20.29,39.539,9.583,749.983,72.167,6.417,40.0,4.758
2016-03-27 20:00:00,73.333,0.0,22.5,37.628,20.322,40.416,22.765,37.172,20.71,39.418,20.1,45.785,8.366,49.326,21.335,32.936,24.037,37.631,20.22,38.606,8.833,750.1,72.25,6.583,40.0,4.083
2016-03-27 21:00:00,86.667,5.0,22.357,38.194,20.072,41.008,22.735,37.524,20.633,39.873,20.156,46.213,7.978,51.242,21.308,34.258,23.815,38.069,20.2,38.784,8.558,749.933,75.667,6.417,40.0,4.492
2016-03-27 22:00:00,85.0,0.0,22.202,38.314,19.783,40.948,22.851,38.005,20.511,39.661,20.09,46.913,8.196,49.42,21.39,36.014,23.703,38.073,20.248,40.104,8.375,749.45,77.583,6.583,40.0,4.692
2016-03-27 23:00:00,63.333,0.0,22.028,38.25,19.519,41.269,22.951,38.198,20.384,39.483,20.0,47.117,8.056,49.263,21.39,37.033,23.862,39.506,20.275,41.038,8.283,748.85,76.583,6.833,40.0,4.358
2016-03-28 00:00:00,60.0,0.0,21.857,38.29,19.303,41.509,22.988,38.29,20.265,39.34,20.0,47.304,8.318,46.682,21.39,37.639,23.708,40.673,20.29,41.634,8.483,748.125,75.167,8.0,40.0,4.258
2016-03-28 01:00:00,60.0,0.0,21.715,38.29,19.144,41.57,23.0,38.351,20.21,39.198,19.95,47.424,8.788,42.204,21.39,37.921,23.544,41.794,20.29,42.042,8.767,747.225,72.75,8.417,40.0,4.075
2016-03-28 02:00:00,60.0,0.0,21.633,38.28,19.042,41.619,22.97,38.4,20.111,39.102,19.957,47.5,8.898,39.95,21.39,37.854,23.357,42.493,20.29,42.34,9.0,746.242,71.417,9.0,40.0,4.025
2016-03-28 03:00:00,61.667,0.0,21.533,38.2,18.933,41.545,22.807,38.263,20.1,39.03,19.896,47.5,8.806,40.773,21.379,38.062,23.235,42.734,20.29,42.594,8.917,745.058,72.0,9.417,40.0,4.075
2016-03-28 04:00:00,58.333,0.0,21.488,38.23,18.829,41.672,22.715,38.2,20.032,38.986,19.89,47.472,7.598,55.343,21.373,38.309,23.106,43.001,20.29,42.788,8.467,744.008,76.167,10.0,50.417,4.358
2016-03-28 05:00:00,56.667,0.0,21.373,38.275,18.694,41.846,22.75,38.144,19.957,39.0,19.89,47.475,7.809,51.34,21.323,38.585,23.028,43.754,20.29,42.987,7.833,742.933,81.167,10.417,54.583,4.708
2016-03-28 06:00:00,50.0,0.0,21.285,38.29,18.589,41.79,22.79,38.29,19.902,38.928,19.823,47.488,8.328,45.941,21.301,38.446,22.951,43.988,20.29,43.157,7.892,741.5,77.083,11.833,40.0,4.05
2016-03-28 07:00:00,63.333,0.0,21.2,38.449,18.511,42.496,22.655,37.993,19.902,39.123,19.79,47.5,8.779,43.13,21.29,38.466,22.89,43.971,20.29,43.162,8.425,740.467,73.0,13.0,40.0,3.783
2016-03-28 08:00:00,73.333,1.667,21.25,39.365,18.579,43.546,22.5,37.633,19.976,40.061,19.79,47.552,8.937,50.085,21.29,38.663,22.823,43.933,20.28,42.84,8.6,739.792,74.667,13.0,35.0,4.233
2016-03-28 09:00:00,86.667,8.333,21.38,40.35,18.775,44.665,22.408,37.729,20.0,40.117,19.79,47.597,9.462,56.191,21.29,39.157,22.77,44.168,20.22,42.375,8.725,739.333,79.5,12.583,33.0,5.325
2016-03-28 10:00:00,138.333,11.667,21.451,40.909,19.21,44.621,22.368,38.112,20.82,40.683,19.818,47.363,9.311,67.147,21.225,38.966,22.792,43.73,20.2,41.782,8.775,739.392,86.75,11.583,49.583,6.658
2016-03-28 11:00:00,213.333,0.0,21.741,40.653,20.586,42.283,22.436,38.262,21.061,39.58,19.902,46.654,11.432,46.455,21.225,36.936,23.01,42.464,20.34,43.145,9.308,740.217,84.083,9.75,53.417,6.592
2016-03-28 12:00:00,110.0,0.0,22.346,40.379,21.701,39.982,22.589,38.478,21.2,39.313,19.963,45.84,12.086,33.217,21.25,34.978,23.172,41.01,20.39,43.092,10.508,740.967,68.417,9.25,40.0,4.85
2016-03-28 13:00:00,236.667,0.0,22.745,39.148,22.153,38.808,22.621,38.539,21.263,39.703,20.056,45.356,11.326,37.452,21.422,34.285,23.322,40.852,20.433,42.537,10.508,741.617,63.667,11.0,40.0,3.883
2016-03-28 14:00:00,263.333,1.667,23.173,38.899,22.531,37.472,23.697,41.116,21.464,39.563,20.106,45.155,13.099,28.129,21.933,33.224,23.258,37.782,20.5,42.533,10.6,742.325,64.333,11.0,40.0,4.083
2016-03-28 15:00:00,235.0,3.333,23.484,37.986,22.73,36.608,24.218,38.317,21.511,39.072,20.18,44.918,13.384,24.68,22.219,32.356,23.318,35.875,20.5,42.408,11.425,742.542,61.583,9.75,40.0,4.242
2016-03-28 16:00:00,138.333,0.0,23.689,45.55,22.686,39.443,23.988,39.781,21.556,39.419,20.23,46.328,11.634,27.944,22.152,31.778,23.342,36.298,20.567,41.931,10.225,742.892,68.083,8.417,40.0,4.425
2016-03-28 17:00:00,316.667,0.0,23.678,40.506,22.374,38.75,23.87,39.158,21.589,39.714,20.29,46.226,10.936,26.489,22.078,31.546,23.365,35.36,20.52,41.42,9.217,743.342,73.0,8.167,35.417,4.475
2016-03-28 18:00:00,218.333,3.333,23.614,42.447,22.033,39.494,23.765,38.984,21.445,39.471,20.29,45.92,9.78,30.857,21.846,31.8,23.315,35.47,20.5,40.44,10.0,743.567,67.25,6.167,33.583,4.133
2016-03-28 19:00:00,180.0,1.667,23.567,39.294,21.718,39.161,23.643,38.684,21.22,38.949,20.29,45.961,8.751,38.022,21.649,32.118,23.29,35.466,20.482,38.462,8.967,743.883,70.25,5.0,40.0,3.775
2016-03-28 20:00:00,191.667,0.0,23.457,38.851,21.307,39.83,23.381,38.52,21.046,38.68,20.29,46.924,8.052,44.194,21.482,32.265,23.436,36.943,20.39,37.758,8.333,744.167,74.917,4.167,40.0,4.058
2016-03-28 21:00:00,81.667,3.333,23.347,38.68,20.939,40.183,23.24,38.507,20.939,38.54,20.215,46.799,7.458,51.217,21.39,32.791,23.614,38.48,20.427,38.873,7.808,744.525,79.417,4.25,40.0,4.45
2016-03-28 22:00:00,56.667,0.0,23.198,38.242,20.588,40.458,23.194,38.59,20.823,38.676,20.2,46.362,6.483,59.6,21.362,33.46,23.816,40.768,20.5,40.362,7.025,744.825,83.333,6.417,35.417,4.308
2016-03-28 23:00:00,45.0,1.667,23.009,38.127,20.223,40.801,23.128,38.58,20.748,38.84,20.2,46.151,6.204,60.149,21.29,33.816,23.737,42.58,20.5,41.563,6.5,745.25,88.833,7.0,42.75,4.725
2016-03-29 00:00:00,56.667,1.667,22.797,37.953,19.909,41.173,23.208,38.619,20.639,38.833,20.1,46.102,5.562,59.18,21.24,33.752,23.502,43.259,20.516,42.18,6.208,745.892,87.5,7.0,52.833,4.233
2016-03-29 01:00:00,58.333,0.0,22.65,37.786,19.661,41.578,23.301,38.78,20.566,38.755,20.1,46.09,5.457,60.36,21.189,33.7,23.371,43.783,20.539,42.568,5.8,746.508,84.417,7.0,40.0,3.342
2016-03-29 02:00:00,60.0,1.667,22.539,37.705,19.439,41.76,23.323,38.802,20.493,38.688,20.078,46.05,5.868,61.744,21.1,33.735,23.258,43.297,20.594,42.859,5.883,746.967,84.583,7.417,40.0,3.4
2016-03-29 03:00:00,53.333,0.0,22.392,37.715,19.323,41.944,23.379,38.851,20.39,38.59,20.006,46.005,5.894,61.734,21.061,33.772,23.133,42.845,20.6,43.202,5.958,747.325,85.25,7.583,40.0,3.608
2016-03-29 04:00:00,61.667,0.0,22.26,37.698,19.167,41.9,23.348,38.824,20.346,38.59,20.0,46.06,5.778,59.717,21.0,33.745,23.03,42.751,20.589,43.476,5.775,747.667,87.0,7.833,40.0,3.733
2016-03-29 05:00:00,60.0,1.667,22.178,38.254,19.067,42.457,23.213,38.578,20.28,38.569,19.988,46.196,5.322,58.742,20.939,33.7,22.926,42.737,20.578,43.641,5.475,748.067,86.583,8.167,40.0,3.333
2016-03-29 06:00:00,45.0,0.0,22.056,38.321,18.945,43.0,23.008,37.989,20.27,38.666,19.939,46.428,4.815,59.733,20.879,33.688,22.848,42.752,20.522,43.294,5.217,748.508,85.583,7.417,40.0,2.975
2016-03-29 07:00:00,61.667,0.0,22.0,38.407,18.936,42.819,22.818,37.577,20.28,38.997,19.971,46.638,5.248,60.492,20.857,33.639,22.79,42.601,20.5,42.786,5.058,749.05,85.417,8.0,40.0,2.8
2016-03-29 08:00:00,71.667,0.0,21.908,38.428,19.122,42.552,22.834,37.41,20.245,39.102,20.489,60.293,6.949,55.06,20.79,33.51,22.79,42.967,20.464,41.624,5.542,749.567,83.917,8.0,34.583,2.967
2016-03-29 09:00:00,86.667,0.0,21.829,38.456,19.44,42.031,22.89,37.29,20.2,38.922,20.677,80.993,8.482,46.597,20.79,33.53,22.946,42.985,20.42,40.594,6.717,750.008,78.5,8.0,32.417,3.2
2016-03-29 10:00:00,81.667,0.0,21.79,38.602,20.025,41.127,22.812,37.22,20.25,38.827,20.461,62.018,10.269,41.813,20.807,33.571,23.244,43.114,20.439,39.661,7.842,750.508,75.417,7.583,40.0,3.783
2016-03-29 11:00:00,61.667,0.0,21.79,38.873,20.572,40.231,22.765,37.253,20.346,38.651,20.402,52.842,11.412,31.44,20.868,33.551,23.482,43.51,20.463,39.528,8.808,750.967,74.75,7.0,40.0,4.558
2016-03-29 12:00:00,103.333,0.0,21.835,39.308,20.738,39.828,22.7,37.428,20.445,38.712,20.414,51.341,11.788,24.901,20.984,33.309,23.72,43.542,20.5,39.487,9.183,751.2,70.083,7.0,40.0,4.0
2016-03-29 13:00:00,111.667,0.0,22.044,39.862,20.996,40.074,22.7,37.665,20.675,39.28,20.29,53.397,12.92,19.528,21.209,33.064,23.907,42.672,20.5,39.563,10.092,751.242,63.5,7.417,35.417,3.467
2016-03-29 14:00:00,108.333,1.667,22.172,39.269,21.124,39.501,22.76,37.72,20.974,39.862,20.235,53.337,12.076,21.82,21.326,32.887,24.24,42.345,20.561,39.984,10.825,751.3,60.0,7.167,33.583,3.325
2016-03-29 15:00:00,108.333,1.667,22.302,39.098,21.229,39.23,22.812,37.827,21.195,40.062,20.2,52.786,13.472,14.882,21.6,32.661,24.54,41.921,20.6,41.275,10.592,751.425,65.0,5.167,40.0,4.175
2016-03-29 16:00:00,121.667,23.333,22.39,38.819,21.26,38.982,22.823,37.922,21.313,39.652,20.2,51.776,13.338,13.382,21.71,32.052,24.76,41.504,20.6,41.14,11.292,751.517,67.417,4.833,35.0,5.35
2016-03-29 17:00:00,293.333,10.0,22.506,41.891,21.189,40.164,22.79,38.225,21.463,38.553,20.2,49.829,13.187,12.595,21.656,30.842,24.812,39.834,20.6,40.052,11.867,751.358,57.667,6.0,33.0,3.675
2016-03-29 18:00:00,108.333,15.0,22.622,44.04,21.071,43.286,22.868,39.485,21.402,38.382,20.2,50.207,12.264,15.696,21.502,30.405,24.704,38.615,20.544,38.496,11.767,751.3,55.5,5.167,40.0,3.092
2016-03-29 19:00:00,128.333,15.0,22.544,41.151,20.734,40.705,22.707,38.94,21.445,38.748,20.161,49.176,10.726,22.316,21.312,30.863,24.67,38.545,20.464,37.332,10.758,751.175,61.917,3.583,40.0,3.667
2016-03-29 20:00:00,131.667,0.0,22.439,39.942,20.428,40.327,22.567,38.467,21.379,38.326,20.1,48.041,9.699,28.321,21.165,31.363,24.904,38.507,20.396,36.89,10.0,750.875,66.417,3.417,40.0,3.983
2016-03-29 21:00:00,90.0,8.333,22.329,39.536,20.208,41.03,22.556,38.314,21.255,38.44,20.045,47.953,9.38,39.041,21.122,32.196,24.976,39.678,20.34,37.013,9.667,750.658,70.75,4.417,40.0,4.517
2016-03-29 22:00:00,61.667,21.667,22.225,40.215,19.997,41.74,22.76,38.53,21.281,39.213,20.078,47.529,9.172,46.519,21.108,32.949,24.771,41.712,20.29,38.078,9.367,750.392,76.0,5.417,40.0,5.308
2016-03-29 23:00:00,70.0,21.667,22.043,40.524,19.756,42.24,22.807,38.729,21.493,40.024,20.1,46.661,9.232,50.527,21.1,33.467,24.622,43.502,20.301,39.007,9.683,750.058,77.667,6.833,40.0,5.933
2016-03-30 00:00:00,65.0,10.0,21.891,40.681,19.561,42.624,22.896,38.888,21.606,40.168,20.1,46.392,9.538,47.594,21.067,33.798,24.346,44.15,20.301,39.609,9.675,750.083,80.417,7.167,40.0,6.358
2016-03-30 01:00:00,56.667,0.0,21.77,40.911,19.433,43.03,23.0,38.994,21.511,39.785,20.089,46.483,9.545,49.068,21.014,33.997,24.177,45.081,20.346,40.388,9.542,750.367,78.917,6.417,40.0,6.008
2016-03-30 02:00:00,61.667,0.0,21.7,40.738,19.318,43.075,23.061,39.055,21.323,39.676,20.066,46.482,9.376,42.702,21.0,34.07,23.976,45.113,20.384,41.056,9.558,750.642,75.583,6.583,40.0,5.475
2016-03-30 03:00:00,58.333,0.0,21.62,40.466,19.23,42.838,23.1,39.102,21.167,39.5,20.058,46.464,8.986,42.65,20.963,34.0,23.823,44.763,20.39,41.413,9.25,750.783,75.417,5.583,40.0,5.092
2016-03-30 04:00:00,56.667,0.0,21.528,40.281,19.133,42.79,23.111,39.139,21.039,39.518,20.033,46.362,8.653,44.408,20.89,34.0,23.688,44.57,20.39,41.717,8.817,750.9,75.583,4.583,40.0,4.675
2016-03-30 05:00:00,53.333,1.667,21.5,40.507,19.056,43.407,22.997,38.905,20.957,39.565,20.0,46.371,8.16,47.508,20.884,34.07,23.583,44.799,20.39,41.978,8.533,750.942,76.667,3.583,40.0,4.625
2016-03-30 06:00:00,61.667,1.667,21.5,40.518,18.994,44.15,22.691,38.501,20.873,39.627,19.976,47.033,7.596,48.877,20.801,34.01,23.482,44.82,20.39,42.131,7.925,751.125,82.333,3.0,40.0,5.008
2016-03-30 07:00:00,58.333,1.667,21.5,40.456,18.933,44.23,22.594,38.288,20.79,39.59,19.996,48.021,7.698,49.148,20.811,34.588,23.373,44.308,20.39,41.89,7.442,751.425,85.333,3.417,40.0,5.05
2016-03-30 08:00:00,83.333,1.667,21.5,40.5,19.067,44.169,22.5,38.29,20.79,39.59,20.161,48.75,8.776,43.11,20.939,36.963,23.265,43.612,20.364,41.603,7.625,751.808,81.333,4.0,40.0,4.575
2016-03-30 09:00:00,83.333,0.0,21.5,40.633,19.468,43.883,22.396,38.101,20.76,39.34,20.061,48.186,10.188,34.576,20.79,35.796,23.078,41.27,20.5,43.035,8.008,752.267,76.917,4.417,40.0,4.192
2016-03-30 10:00:00,98.333,3.333,21.583,42.412,20.461,43.762,22.379,38.541,20.836,39.857,20.011,48.226,11.596,26.03,20.835,34.94,23.393,41.59,20.476,41.18,8.675,752.625,71.5,5.0,40.0,3.775
2016-03-30 11:00:00,100.0,0.0,21.65,42.496,21.071,41.929,22.508,39.663,21.089,42.17,20.078,48.03,12.802,18.056,20.87,34.345,23.633,41.696,20.491,40.457,9.367,753.008,67.167,5.417,35.417,3.558
2016-03-30 12:00:00,105.0,6.667,21.678,42.187,21.248,40.677,22.622,39.516,21.2,41.379,20.067,47.76,13.336,16.27,20.89,33.942,23.829,41.611,20.476,39.919,9.725,753.342,64.75,6.0,33.583,3.333
2016-03-30 13:00:00,98.333,23.333,21.7,41.652,21.172,40.388,22.611,39.086,21.276,41.173,20.089,47.437,13.834,16.131,20.89,33.808,24.06,41.288,20.439,39.617,10.233,753.4,63.417,6.0,35.417,3.475
2016-03-30 14:00:00,88.333,21.667,21.7,41.042,21.089,40.056,22.539,38.713,21.402,40.25,20.1,47.111,14.029,14.353,20.899,33.448,24.313,40.524,20.465,39.406,10.658,753.483,64.833,4.75,33.583,4.208
2016-03-30 15:00:00,88.333,3.333,21.656,39.751,21.061,38.736,22.5,38.477,21.5,39.296,20.1,45.918,14.086,12.84,20.89,32.452,24.39,39.369,20.408,38.364,10.85,753.475,63.5,3.417,40.0,4.167
2016-03-30 16:00:00,61.667,0.0,21.606,38.996,20.951,37.961,22.5,38.02,21.439,38.202,20.089,44.872,13.965,13.65,20.835,31.984,24.218,38.217,20.414,37.602,11.117,753.258,62.917,4.0,40.0,4.283
2016-03-30 17:00:00,86.667,0.0,21.804,38.9,21.099,37.76,22.488,37.574,21.296,37.576,20.078,44.13,12.933,14.233,20.791,31.628,23.858,36.983,20.39,37.184,10.917,753.158,66.583,3.167,40.0,4.892
2016-03-30 18:00:00,195.0,1.667,21.998,38.729,21.144,37.542,22.5,37.374,21.29,38.264,20.078,44.398,11.251,18.545,20.705,31.392,23.796,37.079,20.301,37.009,10.592,753.142,64.75,2.0,40.0,4.183
2016-03-30 19:00:00,161.667,3.333,22.285,38.891,21.247,38.892,22.671,37.594,21.205,38.34,20.717,50.646,8.986,35.498,20.694,32.35,23.993,38.072,20.323,37.7,9.758,753.283,67.167,2.833,40.0,3.933
2016-03-30 20:00:00,196.667,0.0,22.589,39.064,21.25,39.54,22.65,37.728,21.167,39.047,20.574,46.926,8.06,44.419,20.6,33.228,24.078,38.752,20.29,38.11,8.417,753.567,77.583,4.0,40.0,4.692
2016-03-30 21:00:00,68.333,1.667,22.689,38.998,20.956,39.887,22.578,37.868,21.1,39.386,20.39,48.895,7.497,50.54,20.6,33.75,24.188,39.603,20.28,38.434,7.392,753.883,86.5,3.583,40.0,5.308
2016-03-30 22:00:00,61.667,20.0,22.6,39.0,20.553,40.77,22.544,38.081,21.044,39.621,20.26,49.677,7.029,54.56,20.656,34.007,24.126,41.99,20.215,39.125,6.975,754.125,90.417,3.0,40.0,5.517
2016-03-30 23:00:00,56.667,1.667,22.533,39.087,20.164,41.329,22.5,38.27,21.15,40.204,20.178,49.386,6.79,56.406,20.656,34.164,23.87,43.754,20.2,39.711,6.675,754.3,92.667,2.167,34.583,5.525
2016-03-31 00:00:00,38.333,0.0,22.329,39.108,19.849,41.638,22.667,38.472,21.05,39.922,20.1,49.206,6.745,57.468,20.622,34.265,23.73,45.718,20.28,40.672,6.417,754.258,95.417,1.0,32.417,5.7
2016-03-31 01:00:00,51.667,0.0,22.198,39.108,19.606,42.191,22.75,38.778,20.933,39.715,20.056,49.017,6.779,60.867,20.6,34.357,23.611,46.072,20.29,41.318,6.217,754.242,96.417,1.0,50.417,5.658
2016-03-31 02:00:00,53.333,0.0,22.044,39.114,19.382,42.696,22.851,38.961,20.816,39.542,20.0,48.787,6.581,63.605,20.589,34.461,23.453,45.864,20.29,41.918,6.1,754.3,97.417,1.0,64.167,5.683
2016-03-31 03:00:00,55.0,0.0,21.939,39.114,19.218,42.987,22.89,39.015,20.73,39.489,19.976,48.645,6.344,64.807,20.566,34.5,23.362,45.82,20.337,42.534,6.058,754.175,98.0,1.0,63.417,5.758
2016-03-31 04:00:00,48.333,0.0,21.823,39.163,19.028,43.167,22.902,39.09,20.667,39.363,19.933,48.555,6.272,65.706,20.5,34.52,23.285,45.471,20.379,42.838,6.0,754.125,98.417,1.0,60.667,5.783
2016-03-31 05:00:00,48.333,3.333,21.709,39.718,18.891,43.852,22.838,38.904,20.6,39.325,19.89,48.478,6.19,66.21,20.5,34.58,23.167,44.907,20.39,43.102,6.0,754.05,98.583,1.417,58.917,5.817
2016-03-31 06:00:00,55.0,0.0,21.7,40.182,18.801,44.373,22.544,38.338,20.583,39.824,19.868,48.442,6.168,66.333,20.5,34.59,23.056,44.718,20.379,43.114,5.958,753.825,96.75,1.583,63.833,5.492
2016-03-31 07:00:00,58.333,6.667,21.617,40.222,18.79,44.441,22.567,38.302,20.5,40.14,20.819,79.219,6.438,66.706,20.404,34.525,22.963,44.282,20.312,42.852,5.942,754.083,94.583,1.0,46.25,5.158
2016-03-31 08:00:00,65.0,11.667,21.57,39.817,18.796,43.841,22.5,38.194,20.55,40.297,20.313,66.179,6.918,67.32,20.29,34.52,22.879,43.384,20.23,41.331,6.042,754.242,94.417,1.417,21.667,5.225
2016-03-31 09:00:00,71.667,0.0,21.463,39.253,18.885,42.892,22.408,37.961,20.544,39.874,20.907,71.881,7.753,66.097,20.272,34.568,22.908,42.945,20.183,40.142,6.35,754.342,93.75,2.417,30.667,5.442
2016-03-31 10:00:00,86.667,0.0,21.39,39.09,19.089,42.319,22.34,37.667,20.451,39.392,20.888,80.601,8.89,57.825,20.28,34.507,23.185,42.674,20.111,39.453,7.075,754.483,88.667,3.417,35.417,5.333
2016-03-31 11:00:00,93.333,0.0,21.312,39.228,19.2,42.09,22.29,37.59,20.39,39.125,20.503,60.15,8.946,59.228,20.25,34.498,23.45,41.966,20.1,39.041,7.725,754.767,83.583,4.0,33.583,5.142
2016-03-31 12:00:00,105.0,16.667,21.235,39.456,19.144,41.999,22.23,37.59,20.396,39.317,20.39,50.704,8.13,60.885,20.21,34.477,23.754,41.428,20.036,38.776,7.525,754.875,83.417,4.0,50.0,4.908
2016-03-31 13:00:00,96.667,0.0,21.2,39.732,19.293,41.975,22.25,37.58,20.5,39.697,20.39,47.962,8.408,67.01,20.2,34.454,24.008,40.897,20.0,38.5,7.375,754.658,84.833,4.0,49.417,4.958
2016-03-31 14:00:00,106.667,0.0,21.2,39.54,19.42,41.612,22.111,37.62,20.572,40.023,20.368,46.497,9.097,59.951,20.205,34.439,24.303,40.696,20.0,38.329,7.983,754.475,83.917,4.0,28.583,5.35
2016-03-31 15:00:00,103.333,0.0,21.2,39.4,19.539,41.304,22.017,37.628,20.633,40.078,20.318,45.465,9.566,55.274,20.27,34.308,24.456,40.432,19.988,38.116,8.1,754.3,80.583,4.417,33.0,4.917
2016-03-31 16:00:00,90.0,0.0,21.21,39.53,19.6,40.996,21.982,37.52,20.622,39.61,20.329,44.563,9.546,49.331,20.29,33.983,24.6,39.816,20.01,38.19,8.183,754.05,79.583,5.417,35.0,4.8
2016-03-31 17:00:00,203.333,1.667,21.393,41.299,19.65,41.275,21.927,37.463,20.667,39.316,20.215,45.943,9.192,50.397,20.21,33.552,24.517,39.426,20.011,38.456,8.383,753.992,77.333,4.75,28.417,4.592
2016-03-31 18:00:00,100.0,3.333,21.671,44.31,19.857,43.998,21.963,38.209,20.641,40.224,20.106,47.86,8.529,54.922,20.2,33.639,24.457,39.221,19.988,38.272,8.333,754.567,77.917,2.583,33.583,4.675
2016-03-31 19:00:00,110.0,0.0,21.957,41.295,20.242,42.751,21.963,38.456,20.6,40.84,20.033,48.319,7.64,59.711,20.2,33.877,24.494,39.607,19.939,38.683,7.975,754.883,83.667,2.0,32.5,5.325
2016-03-31 20:00:00,108.333,0.0,22.503,40.119,20.842,41.515,22.122,38.456,20.661,41.37,20.0,48.03,6.343,68.22,20.2,33.887,24.696,39.272,19.89,38.478,7.383,755.083,87.25,2.833,22.833,5.333
2016-03-31 21:00:00,43.333,3.333,22.775,39.255,20.905,40.898,22.06,38.417,20.667,41.071,19.96,48.143,5.96,67.941,20.189,33.86,24.665,40.307,19.951,39.152,6.508,755.325,87.75,4.0,30.667,4.6
2016-03-31 22:00:00,55.0,0.0,22.73,38.933,20.587,41.161,22.022,38.58,20.556,40.464,19.89,48.617,6.167,66.754,20.239,34.07,24.583,42.705,20.0,40.388,6.183,755.75,86.833,3.583,33.75,4.108
2016-03-31 23:00:00,53.333,0.0,22.567,39.141,20.186,41.612,22.26,38.869,20.451,40.111,19.89,48.92,6.117,64.969,20.28,34.198,24.377,43.078,20.017,41.235,6.383,756.267,88.0,3.833,41.667,4.483
2016-04-01 00:00:00,55.0,0.0,22.335,39.2,19.798,41.634,22.365,38.876,20.362,39.881,19.851,49.02,6.144,64.205,20.29,34.27,24.1,43.768,20.1,41.958,6.417,756.833,88.417,4.583,64.583,4.6
2016-04-01 01:00:00,38.333,0.0,22.127,39.096,19.497,41.56,22.414,38.851,20.275,39.737,19.79,49.0,6.052,62.094,20.246,34.24,23.916,45.723,20.1,42.374,6.217,757.467,89.0,4.0,64.0,4.517
2016-04-01 02:00:00,53.333,0.0,21.927,39.07,19.251,41.592,22.39,38.875,20.21,39.52,19.78,49.0,5.029,62.419,20.22,34.114,23.74,46.309,20.1,42.602,5.6,757.867,90.25,3.583,64.0,4.108
2016-04-01 03:00:00,53.333,0.0,21.745,38.9,18.978,41.827,22.476,38.953,20.128,39.345,19.71,48.933,3.965,63.763,20.2,34.025,23.6,46.594,20.133,42.752,4.733,758.017,91.583,2.583,45.667,3.45
2016-04-01 04:00:00,51.667,0.0,21.614,38.768,18.735,41.934,22.5,38.939,20.056,39.131,19.7,48.9,3.169,64.1,20.2,33.917,23.474,45.897,20.149,43.014,3.917,758.275,92.667,2.0,37.5,2.767
2016-04-01 05:00:00,38.333,0.0,21.476,38.641,18.48,42.09,22.505,38.906,19.963,38.944,19.65,48.796,2.847,65.247,20.189,33.78,23.332,45.131,20.139,43.245,2.933,758.925,95.0,2.0,57.833,2.175
2016-04-01 06:00:00,55.0,0.0,21.346,38.478,18.252,42.355,22.39,38.821,19.878,38.799,19.6,48.593,2.505,65.456,20.111,33.7,23.235,44.411,20.122,43.285,2.492,759.35,95.833,1.583,48.25,1.875
2016-04-01 07:00:00,65.0,1.667,21.28,38.884,18.22,42.897,22.283,38.286,19.79,38.613,19.589,48.403,2.772,66.219,20.1,33.59,23.128,44.05,20.183,43.205,2.2,759.908,96.167,1.0,40.083,1.617
2016-04-01 08:00:00,105.0,0.0,21.29,38.888,18.663,42.787,22.089,37.573,19.818,39.144,19.578,48.238,3.943,67.374,20.1,33.58,23.006,43.941,20.186,39.684,2.617,760.367,96.667,1.0,38.083,2.125
2016-04-01 09:00:00,98.333,0.0,21.307,38.864,20.274,40.682,21.902,37.332,20.113,39.275,19.673,46.454,6.257,68.712,20.1,33.59,23.033,43.083,20.451,38.997,3.992,760.725,95.667,1.417,49.75,3.292
2016-04-01 10:00:00,196.667,0.0,21.422,39.404,22.203,38.39,21.957,37.555,20.598,39.163,19.812,44.553,8.48,64.7,20.177,33.686,23.372,41.749,20.39,39.382,5.767,760.983,89.75,1.583,62.417,4.158
2016-04-01 11:00:00,48.333,0.0,21.664,39.77,23.014,37.063,22.122,37.755,20.917,38.971,19.71,45.724,9.952,50.658,20.415,33.728,23.358,40.34,20.402,40.567,7.408,761.267,84.25,1.417,45.083,4.883
2016-04-01 12:00:00,40.0,0.0,22.053,39.529,23.07,36.625,22.24,37.922,21.167,38.541,19.7,46.018,10.782,41.035,20.886,33.282,23.161,40.2,20.457,41.497,8.983,761.292,76.917,1.583,22.083,5.125
2016-04-01 13:00:00,53.333,0.0,22.25,39.184,23.02,36.53,22.24,37.944,21.246,37.999,19.7,46.182,12.472,32.819,21.174,32.773,23.01,39.988,20.476,41.535,10.217,760.875,68.167,1.417,26.667,4.425
2016-04-01 14:00:00,51.667,0.0,22.351,38.746,22.772,36.55,22.301,37.934,21.189,37.387,19.7,46.2,13.432,28.076,21.265,32.264,22.862,39.544,20.5,41.301,10.758,760.7,58.75,2.417,33.583,2.867
2016-04-01 15:00:00,48.333,0.0,22.373,38.373,22.331,36.752,22.39,37.863,21.089,37.067,19.71,46.139,12.882,26.625,21.15,32.145,22.76,39.357,20.439,40.952,10.867,760.533,56.583,3.417,35.417,2.442
2016-04-01 16:00:00,45.0,0.0,22.29,38.255,21.692,37.142,22.402,37.761,20.951,36.9,19.7,45.999,12.454,30.751,21.028,32.121,22.645,39.25,20.414,41.019,10.85,760.175,57.25,3.583,33.583,2.625
2016-04-01 17:00:00,45.0,0.0,22.222,38.191,21.168,37.758,22.34,37.58,20.846,36.787,19.689,45.869,12.074,33.441,20.888,32.176,22.522,39.29,20.41,39.947,10.417,759.917,59.833,2.583,40.0,2.883
2016-04-01 18:00:00,48.333,0.0,22.1,38.176,20.696,38.363,22.346,37.59,20.76,36.839,19.661,45.749,11.032,37.991,20.77,32.363,22.39,39.221,20.351,38.757,10.175,759.717,62.667,1.583,40.0,3.25
2016-04-01 19:00:00,51.667,0.0,22.0,38.09,20.329,39.039,22.351,37.514,20.683,37.41,19.6,45.596,9.996,42.744,20.689,32.639,22.275,39.275,20.285,38.168,9.708,759.6,67.5,1.0,40.0,3.85
2016-04-01 20:00:00,38.333,0.0,21.862,38.163,19.973,39.687,22.323,37.388,20.6,37.685,19.578,45.608,9.264,45.587,20.578,32.774,22.183,39.275,20.219,37.842,9.258,759.725,71.0,1.0,40.0,4.2
2016-04-01 21:00:00,50.0,0.0,21.755,38.283,19.729,40.308,22.23,37.302,20.499,37.857,19.511,45.59,8.768,50.799,20.482,33.027,22.1,39.357,20.189,37.79,9.033,759.817,71.833,1.0,40.0,4.158
2016-04-01 22:00:00,50.0,0.0,21.683,38.482,19.504,40.921,22.229,37.325,20.402,37.939,19.5,45.59,8.444,53.235,20.427,33.249,22.017,39.433,20.1,37.79,8.55,759.658,75.917,1.0,34.167,4.475
2016-04-01 23:00:00,50.0,0.0,21.589,38.585,19.329,41.386,22.2,37.29,20.379,38.06,19.5,45.602,8.314,53.191,20.384,33.369,21.914,39.5,20.064,37.814,8.325,759.6,78.75,1.417,31.833,4.833
2016-04-02 00:00:00,41.667,0.0,21.5,38.698,19.194,41.682,22.172,37.29,20.29,38.09,19.476,45.629,8.14,53.017,20.29,33.486,21.835,39.5,20.0,37.725,8.292,759.517,78.25,2.417,35.417,4.642
2016-04-02 01:00:00,46.667,0.0,21.39,38.75,19.067,41.965,22.1,37.302,20.22,38.08,19.396,45.515,7.911,53.519,20.27,33.57,21.775,39.5,19.933,37.7,7.958,759.275,79.583,2.583,33.583,4.575
2016-04-02 02:00:00,55.0,0.0,21.323,38.875,18.951,42.196,22.1,37.325,20.194,38.09,19.39,45.494,7.692,54.832,20.2,33.56,21.689,39.5,19.902,37.7,7.692,758.975,80.667,2.0,40.0,4.483
2016-04-02 03:00:00,46.667,0.0,21.245,38.942,18.846,42.444,22.056,37.25,20.1,38.133,19.39,45.42,7.487,55.837,20.194,33.654,21.606,39.5,19.823,37.663,7.275,758.8,83.417,2.0,33.75,4.6
2016-04-02 04:00:00,43.333,0.0,21.2,38.95,18.73,42.582,21.94,37.2,20.061,38.157,19.357,45.4,7.286,57.22,20.1,33.7,21.55,39.5,19.79,37.627,7.017,758.633,85.25,1.583,23.333,4.683
2016-04-02 05:00:00,50.0,0.0,21.161,38.978,18.617,42.629,21.745,37.2,20.0,38.127,19.323,45.388,7.14,58.309,20.1,33.755,21.488,39.51,19.756,37.688,6.775,758.317,87.417,1.0,20.583,4.8
2016-04-02 06:00:00,51.667,0.0,21.089,39.01,18.55,42.793,21.735,37.354,19.927,38.188,19.29,45.345,7.071,59.466,20.047,33.812,21.39,39.5,19.71,37.7,6.683,758.158,87.583,1.0,20.0,4.758
2016-04-02 07:00:00,36.667,0.0,21.011,39.082,18.5,43.1,21.801,37.411,19.89,38.23,19.29,45.265,7.507,60.186,20.0,33.875,21.323,39.58,19.694,37.75,6.8,758.017,87.417,1.0,38.75,4.825
2016-04-02 08:00:00,51.667,0.0,21.0,39.24,18.567,43.092,21.79,37.4,19.843,38.295,19.29,45.2,8.558,56.571,20.0,33.911,21.265,39.633,19.644,37.8,6.925,757.9,86.75,1.0,64.583,4.917
2016-04-02 09:00:00,51.667,0.0,20.927,39.388,18.739,42.864,21.79,37.411,19.79,38.32,19.29,45.12,10.022,45.105,19.96,33.9,21.2,39.59,19.611,37.792,7.35,757.942,83.75,1.417,64.0,4.758
2016-04-02 10:00:00,41.667,0.0,20.89,39.4,18.928,42.486,21.79,37.376,19.79,38.32,19.29,45.04,10.763,32.842,19.97,33.869,21.2,39.545,19.6,37.651,7.867,758.042,81.167,2.0,64.417,4.783
2016-04-02 11:00:00,45.0,0.0,20.89,39.411,19.163,42.103,21.79,37.308,19.79,38.29,19.29,44.978,11.47,28.185,20.0,33.802,21.106,39.555,19.6,37.58,8.392,757.975,77.083,2.0,50.0,4.567
2016-04-02 12:00:00,51.667,0.0,20.957,39.45,19.808,41.024,21.796,37.393,19.812,38.23,19.356,44.809,13.82,17.885,20.072,33.78,21.078,39.55,19.689,37.64,9.133,757.592,71.333,2.0,27.75,4.1
2016-04-02 13:00:00,58.333,0.0,21.044,39.562,20.255,40.218,21.89,37.5,19.89,38.2,19.379,44.72,14.607,16.043,20.1,33.814,21.022,39.614,19.71,37.796,9.683,757.133,69.417,2.0,26.833,4.308
2016-04-02 14:00:00,45.0,0.0,21.1,39.728,20.499,39.792,21.862,37.472,19.93,38.546,19.39,44.7,14.639,16.819,20.228,33.998,21.196,40.007,19.765,38.032,9.883,756.567,71.25,2.0,25.5,4.892
2016-04-02 15:00:00,61.667,0.0,21.178,39.851,20.556,39.649,21.812,37.594,20.0,38.715,19.414,44.778,14.628,17.762,20.28,34.238,21.379,39.79,19.78,38.314,10.458,755.808,73.0,2.417,22.0,5.758
2016-04-02 16:00:00,60.0,0.0,21.172,39.972,20.357,39.961,21.801,37.71,20.0,38.79,19.427,44.896,14.242,20.252,20.226,34.523,21.39,39.863,19.76,38.477,11.267,754.983,73.833,3.0,21.167,6.692
2016-04-02 17:00:00,55.0,0.0,21.178,40.035,20.163,40.514,21.812,37.829,19.92,38.845,19.39,45.03,14.04,23.024,20.2,34.896,21.39,40.155,19.73,38.671,11.75,754.15,74.583,3.0,20.833,7.308
2016-04-02 18:00:00,46.667,0.0,21.183,40.267,19.87,41.286,21.79,37.939,19.902,39.051,19.39,45.139,13.254,28.95,20.184,35.273,21.39,40.551,19.71,38.96,12.1,753.717,75.667,3.0,21.583,7.892
2016-04-02 19:00:00,60.0,0.0,21.1,40.55,19.638,41.995,21.79,38.113,19.879,39.329,19.373,45.287,12.386,37.638,20.1,35.635,21.368,41.039,19.7,39.281,12.1,753.392,78.417,3.0,21.417,8.383
2016-04-02 20:00:00,55.0,0.0,21.089,40.851,19.433,42.72,21.79,38.333,19.801,39.599,19.373,45.444,11.772,43.972,20.1,35.992,21.368,41.497,19.661,39.594,11.892,753.142,81.5,3.0,21.167,8.75
2016-04-02 21:00:00,56.667,0.0,21.055,41.072,19.254,43.314,21.76,38.494,19.79,39.934,19.379,45.575,11.72,48.71,20.089,36.238,21.312,41.802,19.6,39.848,11.183,753.158,87.917,2.167,37.5,9.183
2016-04-02 22:00:00,48.333,0.0,21.0,41.248,19.167,43.728,21.678,38.57,19.79,40.255,19.328,45.694,12.842,45.012,20.033,36.482,21.29,42.073,19.6,40.173,11.85,752.975,83.667,2.667,47.833,9.008
2016-04-02 23:00:00,56.667,0.0,20.97,41.534,19.111,44.073,21.556,38.716,19.725,40.524,19.29,45.79,13.135,44.188,20.0,36.685,21.29,42.313,19.544,40.463,13.683,752.675,72.417,5.833,27.583,8.767
2016-04-03 00:00:00,56.667,0.0,20.89,41.813,19.1,44.423,21.517,38.879,19.7,40.861,19.29,45.851,13.03,46.606,20.0,36.947,21.29,42.613,19.533,40.774,13.842,752.375,73.417,7.0,27.833,9.125
2016-04-03 01:00:00,46.667,0.0,20.89,42.088,19.078,44.713,21.6,39.075,19.7,41.129,19.29,45.946,12.932,50.641,20.0,37.259,21.28,42.93,19.5,41.125,13.65,752.158,75.667,7.0,28.583,9.425
2016-04-03 02:00:00,61.667,0.0,20.89,42.429,19.05,45.069,21.6,39.142,19.689,41.53,19.29,46.065,12.386,60.576,20.0,37.753,21.28,43.461,19.5,41.556,12.883,752.142,82.583,7.0,42.583,10.017
2016-04-03 03:00:00,53.333,0.0,20.846,42.74,19.0,45.434,21.6,39.45,19.624,41.928,19.28,46.245,12.069,63.208,19.976,38.129,21.26,43.884,19.5,42.029,12.217,752.117,90.25,6.167,63.417,10.683
2016-04-03 04:00:00,60.0,0.0,20.79,42.998,19.0,45.819,21.656,39.671,19.606,42.249,19.235,46.388,11.835,64.921,19.939,38.432,21.28,44.179,19.488,42.402,11.975,751.917,92.417,4.167,64.0,10.758
2016-04-03 05:00:00,46.667,0.0,20.79,43.2,18.89,46.153,21.622,39.75,19.6,42.534,19.24,46.53,11.815,65.189,19.933,38.65,21.265,44.371,19.5,42.683,11.842,751.758,92.583,3.0,45.667,10.658
2016-04-03 06:00:00,58.333,0.0,20.79,43.309,18.89,46.38,21.6,39.921,19.589,42.73,19.24,46.604,11.281,64.553,19.92,38.76,21.21,44.411,19.39,42.77,11.942,751.742,91.583,3.417,20.833,10.6
2016-04-03 07:00:00,56.667,0.0,20.79,43.399,18.986,46.362,21.6,40.085,19.6,42.839,19.23,46.708,11.196,66.742,19.902,38.816,21.2,44.407,19.408,42.871,11.917,751.883,91.0,4.0,22.417,10.517
2016-04-03 08:00:00,45.0,0.0,20.801,43.51,19.401,45.872,21.65,40.121,19.611,43.062,19.225,46.763,12.497,65.065,19.924,39.005,21.22,44.52,20.029,42.697,12.008,752.125,90.167,4.0,23.0,10.483
2016-04-03 09:00:00,60.0,0.0,20.891,43.66,21.258,43.433,21.633,40.207,20.076,43.584,19.29,46.976,14.863,51.781,20.0,39.238,21.29,44.76,20.297,42.105,12.925,752.342,86.5,4.417,30.083,10.767
2016-04-03 10:00:00,56.667,0.0,21.1,43.967,23.274,39.804,21.781,40.498,20.767,43.018,19.307,47.204,16.967,36.627,20.078,39.577,21.323,44.911,20.006,42.362,14.592,752.442,79.667,4.583,35.417,11.125
2016-04-03 11:00:00,60.0,0.0,21.382,43.916,23.793,38.697,21.915,40.651,21.18,42.724,19.345,47.509,17.663,27.228,20.324,39.728,21.655,44.497,20.0,42.577,16.2,752.417,72.083,4.0,33.583,11.175
2016-04-03 12:00:00,61.667,0.0,21.819,43.48,23.801,38.137,22.111,40.676,21.452,42.272,19.39,47.696,18.329,18.591,20.941,39.224,22.318,43.298,20.017,42.747,17.358,752.175,62.583,4.0,40.0,10.125
2016-04-03 13:00:00,71.667,0.0,22.24,43.021,23.601,38.325,22.27,40.68,21.567,42.06,19.463,47.951,19.38,14.242,21.544,38.562,22.809,43.413,20.1,43.018,18.417,751.875,54.583,4.417,40.0,9.15
2016-04-03 14:00:00,90.0,0.0,22.577,42.593,23.392,38.767,22.417,40.765,21.611,41.911,19.5,48.154,19.496,13.95,22.104,37.894,23.309,44.551,20.178,43.228,19.042,751.408,52.333,4.583,40.0,9.0
2016-04-03 15:00:00,86.667,0.0,22.689,42.489,23.181,39.297,22.589,40.761,21.6,42.03,19.583,48.293,20.219,12.797,22.24,37.863,23.686,45.962,20.21,43.431,18.892,750.875,53.75,3.583,40.0,9.175
2016-04-03 16:00:00,86.667,0.0,22.7,42.478,22.827,39.84,22.7,40.808,21.55,42.035,19.639,48.464,19.987,12.213,22.078,37.875,23.928,46.639,20.24,43.607,19.058,750.45,56.5,3.417,40.0,10.192
2016-04-03 17:00:00,101.667,0.0,22.533,42.643,22.341,40.486,22.556,40.587,21.44,42.474,19.7,48.545,19.603,13.112,21.814,38.345,24.012,46.223,20.29,43.79,18.95,749.975,57.583,3.583,40.0,10.358
2016-04-03 18:00:00,111.667,1.667,22.399,43.207,22.156,41.607,22.622,40.952,21.301,43.219,19.7,48.607,18.726,17.086,21.589,39.319,24.094,47.001,20.29,44.002,17.65,749.675,64.833,2.583,40.0,10.958
2016-04-03 19:00:00,100.0,1.667,22.34,43.87,21.917,42.713,22.7,41.379,21.29,44.696,19.73,49.019,17.175,23.826,21.433,40.523,24.245,47.057,20.29,44.563,17.3,749.375,65.167,2.0,40.0,10.65
2016-04-03 20:00:00,118.333,1.667,22.225,44.46,21.666,43.957,22.644,41.713,21.26,45.151,19.78,49.498,16.298,32.874,21.302,41.544,24.351,47.612,20.29,45.154,17.092,749.325,66.917,2.417,40.0,10.758
2016-04-03 21:00:00,98.333,3.333,22.2,44.964,21.481,44.746,22.7,42.018,21.21,45.014,19.79,49.799,15.596,34.274,21.2,41.539,24.487,47.697,20.29,45.422,16.55,749.458,71.417,3.417,40.0,11.317
2016-04-03 22:00:00,71.667,1.667,22.178,44.752,21.186,44.8,22.813,42.049,21.2,44.478,19.79,49.827,15.149,37.059,21.2,40.741,24.622,48.098,20.29,45.552,15.908,749.233,73.25,3.583,40.0,11.117
2016-04-03 23:00:00,63.333,1.667,22.1,44.59,20.944,45.062,22.89,41.924,21.183,44.162,19.818,49.903,14.877,38.626,21.189,40.34,24.439,48.85,20.296,46.045,15.292,748.833,75.417,3.833,40.0,10.875
2016-04-04 00:00:00,58.333,1.667,22.022,44.501,20.74,45.418,23.0,41.79,21.111,44.015,19.794,50.169,14.203,43.178,21.111,40.2,24.318,50.082,20.345,46.244,14.917,748.558,76.417,5.0,35.417,10.7
2016-04-04 01:00:00,56.667,1.667,21.933,44.5,20.567,45.785,23.0,41.72,21.1,44.0,19.79,49.84,13.759,47.607,21.1,40.205,24.111,50.59,20.39,46.646,14.3,748.542,79.5,4.167,29.0,10.742
2016-04-04 02:00:00,46.667,0.0,21.885,44.54,20.387,46.088,23.042,41.738,21.1,44.0,19.79,49.7,13.116,50.231,21.1,40.205,23.868,52.198,20.39,47.444,13.35,748.558,85.083,2.583,27.75,10.925
2016-04-04 03:00:00,56.667,0.0,21.79,44.5,20.255,46.345,23.0,41.735,21.067,43.956,19.79,49.7,12.063,55.121,21.036,40.108,23.735,53.134,20.414,47.952,12.625,748.375,88.833,2.0,26.0,10.85
2016-04-04 04:00:00,58.333,0.0,21.71,44.59,20.089,46.662,23.05,41.75,21.0,43.9,19.79,49.785,11.985,58.629,21.022,40.05,23.633,52.546,20.463,47.907,12.058,748.117,90.833,2.417,24.75,10.583
2016-04-04 05:00:00,56.667,0.0,21.667,44.539,19.945,46.657,23.1,41.78,21.0,43.805,19.79,49.735,11.579,51.646,21.0,39.761,23.499,51.511,20.5,48.121,11.958,748.042,90.333,3.833,30.083,10.367
2016-04-04 06:00:00,58.333,5.0,21.578,44.371,19.802,46.518,23.089,41.708,20.994,43.586,19.79,49.642,11.288,52.286,20.976,39.397,23.368,50.637,20.506,48.108,11.525,748.142,88.0,3.75,40.0,9.525
2016-04-04 07:00:00,156.667,15.0,21.611,45.083,19.7,47.329,22.869,41.478,20.969,43.63,19.79,49.721,10.932,55.225,20.862,39.32,23.24,50.165,20.561,47.835,11.0,748.45,88.0,2.417,40.0,9.042
2016-04-04 08:00:00,70.0,6.667,21.6,45.221,19.7,47.581,22.748,41.418,20.976,43.814,19.859,50.586,10.554,58.883,20.79,39.544,23.1,48.963,20.511,46.751,10.708,748.967,88.833,3.833,40.0,8.933
2016-04-04 09:00:00,401.667,5.0,21.555,45.763,19.808,47.847,22.92,42.598,20.89,43.999,20.186,51.85,11.184,59.506,20.78,39.777,23.0,48.446,20.488,45.833,10.217,749.45,90.833,5.0,35.417,8.742
2016-04-04 10:00:00,230.0,5.0,21.75,46.29,20.697,47.264,23.931,43.008,21.032,44.772,20.392,50.85,13.8,45.454,20.823,39.562,23.013,48.336,20.488,45.33,10.475,749.842,88.25,5.833,33.583,8.55
2016-04-04 11:00:00,398.333,1.667,22.03,46.142,22.003,44.029,24.425,42.797,21.403,44.634,20.666,53.529,15.19,25.488,21.009,38.673,23.414,46.528,20.566,45.439,12.0,749.9,77.583,7.0,40.0,8.117
2016-04-04 12:00:00,418.333,5.0,22.415,45.396,22.426,42.875,25.087,42.247,21.643,43.59,20.672,49.559,16.013,16.972,21.249,37.795,23.713,44.84,20.617,45.077,13.483,749.858,68.333,7.0,40.0,7.708
2016-04-04 13:00:00,253.333,6.667,22.501,43.051,22.441,40.576,25.729,41.406,21.704,42.607,20.702,47.73,17.072,13.961,21.499,36.862,23.975,43.656,20.71,45.281,14.225,749.758,63.083,7.0,40.0,7.175
2016-04-04 14:00:00,420.0,5.0,22.75,42.268,22.419,40.25,25.885,40.126,21.699,42.125,20.823,46.698,17.496,11.452,21.82,36.228,24.366,43.028,20.735,44.334,15.1,749.575,59.833,7.0,40.0,7.25
2016-04-04 15:00:00,493.333,3.333,22.911,43.122,22.27,40.304,26.179,39.194,21.622,41.676,20.879,45.652,16.882,11.363,21.796,36.27,24.589,42.54,20.73,43.598,14.892,749.317,60.167,7.0,40.0,7.225
2016-04-04 16:00:00,481.667,8.333,23.212,48.027,22.29,44.825,26.521,40.344,21.633,43.886,21.025,49.369,16.964,11.196,21.902,36.55,24.858,42.032,20.76,43.084,14.892,749.075,56.917,6.167,40.0,6.45
2016-04-04 17:00:00,266.667,15.0,23.5,48.513,22.235,47.534,26.202,40.442,22.041,46.803,21.2,51.188,15.104,19.38,21.89,36.93,24.995,42.335,20.72,43.208,13.967,748.983,61.917,6.667,40.0,6.6
2016-04-04 18:00:00,145.0,3.333,23.6,48.597,22.118,48.178,25.61,40.412,22.089,44.74,21.376,55.593,14.889,19.778,21.846,37.384,24.95,42.73,20.79,43.369,12.6,749.058,74.667,6.083,40.0,8.175
2016-04-04 19:00:00,105.0,0.0,23.499,46.808,21.772,47.442,25.155,40.777,22.0,44.642,21.35,67.105,12.751,24.593,21.74,37.738,24.974,42.524,20.715,43.417,13.008,748.958,75.333,1.583,40.0,8.733
2016-04-04 20:00:00,93.333,1.667,23.332,45.672,21.462,47.287,24.782,40.669,21.92,44.53,21.24,54.193,10.712,37.483,21.6,37.705,24.513,41.789,20.7,43.715,11.642,749.025,79.25,1.0,40.0,8.05
2016-04-04 21:00:00,63.333,0.0,23.159,45.558,21.131,47.152,24.589,40.582,21.812,44.331,22.275,82.608,10.088,42.607,21.644,38.851,24.287,43.356,20.73,44.072,10.092,749.2,89.667,1.417,35.417,8.442
2016-04-04 22:00:00,73.333,0.0,22.882,44.962,20.734,46.978,24.572,40.42,21.72,43.884,21.761,85.26,9.84,44.987,21.7,40.392,24.281,45.881,20.75,44.706,9.925,749.158,89.5,1.583,33.583,8.25
2016-04-04 23:00:00,63.333,0.0,22.704,44.47,20.41,46.967,24.539,40.443,21.611,43.406,21.405,75.035,9.572,47.07,21.7,40.607,24.379,46.518,20.75,45.063,9.683,749.017,88.5,1.0,34.583,7.858
2016-04-05 00:00:00,56.667,0.0,22.578,44.127,20.187,47.04,24.683,40.77,21.528,43.073,21.215,66.727,9.579,49.967,21.7,40.787,24.268,47.416,20.79,45.34,8.975,748.9,92.0,1.0,24.917,7.717
2016-04-05 01:00:00,60.0,0.0,22.463,43.997,20.009,47.208,24.719,40.978,21.494,42.922,21.128,63.924,8.981,50.117,21.75,41.073,24.111,47.728,20.79,45.665,9.508,748.9,87.0,1.417,29.5,7.392
2016-04-05 02:00:00,56.667,0.0,22.357,43.802,19.835,47.26,24.76,40.989,21.402,42.745,21.028,60.856,9.105,53.704,21.785,41.557,23.933,48.474,20.801,45.845,10.042,748.942,83.333,1.583,40.0,7.267
2016-04-05 03:00:00,61.667,0.0,22.235,43.745,19.72,47.421,24.7,41.0,21.357,42.7,20.927,58.905,9.587,54.505,21.765,41.782,23.829,48.561,20.823,46.135,9.775,748.958,86.333,1.0,40.0,7.542
2016-04-05 04:00:00,55.0,0.0,22.183,43.765,19.632,47.478,24.7,41.0,21.29,42.7,20.89,57.763,9.654,53.718,21.77,41.9,23.74,48.166,20.822,46.312,10.383,748.858,83.167,1.833,40.0,7.558
2016-04-05 05:00:00,60.0,0.0,22.1,43.82,19.572,47.545,24.667,40.989,21.27,42.676,20.812,56.952,9.748,54.065,21.761,41.856,23.7,47.851,20.857,46.554,10.25,748.8,84.5,2.583,40.0,7.708
2016-04-05 06:00:00,60.0,13.333,22.028,44.03,19.5,47.894,24.583,40.882,21.205,42.77,20.79,56.149,9.663,54.183,21.77,42.276,23.633,47.473,20.902,46.866,9.775,748.842,89.667,1.583,40.0,8.167
2016-04-05 07:00:00,190.0,10.0,22.133,44.684,19.55,48.832,24.25,40.184,21.312,43.7,20.84,55.082,10.074,55.597,21.74,41.624,23.5,47.271,20.902,46.654,9.558,749.025,92.833,1.0,35.417,8.442
2016-04-05 08:00:00,328.333,3.333,22.178,44.528,19.751,48.363,24.523,40.571,21.285,43.458,20.957,51.808,11.617,53.348,21.6,40.218,23.313,45.483,20.963,46.148,9.625,749.325,93.583,1.0,29.0,8.583
2016-04-05 09:00:00,85.0,3.333,22.219,44.348,20.111,47.485,24.731,39.352,21.285,42.739,21.044,50.223,12.761,39.73,21.5,39.195,23.178,42.985,20.914,45.173,10.133,749.625,89.667,1.417,26.917,8.492
2016-04-05 10:00:00,78.333,5.0,22.161,42.853,20.282,45.109,24.086,38.487,21.26,42.238,21.044,48.431,13.681,32.801,21.457,38.552,23.078,42.041,20.879,44.141,10.767,749.925,84.583,2.417,26.083,8.242
2016-04-05 11:00:00,203.333,6.667,22.089,42.612,20.563,43.89,23.638,38.216,21.189,41.976,20.493,45.196,14.131,27.866,21.385,38.194,23.044,41.671,20.89,43.377,11.042,750.308,82.333,3.833,33.583,8.092
2016-04-05 12:00:00,126.667,6.667,22.1,42.587,20.715,43.425,23.544,38.376,21.2,41.515,20.52,45.864,14.529,23.373,21.301,37.625,23.265,41.014,20.879,42.353,11.183,750.725,79.167,4.167,40.0,7.717
2016-04-05 13:00:00,443.333,11.667,22.1,42.172,20.974,42.611,23.769,38.833,21.139,41.442,20.528,46.328,15.936,16.92,21.429,37.216,23.368,40.597,20.89,42.351,11.425,750.942,75.917,3.0,35.417,7.308
2016-04-05 14:00:00,161.667,6.667,22.209,42.042,20.969,41.601,24.475,38.068,21.106,41.334,20.744,45.696,16.545,13.742,21.728,36.729,23.565,40.499,20.89,43.314,12.267,751.125,69.667,3.417,33.583,6.858
2016-04-05 15:00:00,186.667,3.333,22.251,40.93,21.144,40.518,24.034,36.471,21.313,40.583,20.861,46.355,15.968,10.153,22.336,35.53,23.94,39.738,20.999,43.474,13.533,751.3,64.167,4.417,40.0,6.842
2016-04-05 16:00:00,246.667,3.333,22.379,40.695,21.111,40.918,23.857,36.541,21.357,39.984,20.71,47.117,14.817,13.469,22.357,34.814,24.089,39.741,21.006,42.543,13.625,751.425,63.833,5.0,40.0,6.733
2016-04-05 17:00:00,438.333,0.0,22.591,43.036,21.192,43.056,23.996,37.519,21.381,40.84,20.72,46.872,14.704,14.292,22.235,34.746,24.288,39.643,20.942,41.297,13.308,751.683,63.333,5.0,40.0,6.333
2016-04-05 18:00:00,400.0,0.0,22.945,45.32,21.285,46.333,25.162,40.836,21.522,41.509,21.128,58.289,13.322,15.791,22.192,34.522,24.37,39.114,20.868,39.859,13.392,751.925,61.833,4.583,40.0,6.142
2016-04-05 19:00:00,165.0,1.667,22.963,43.639,21.083,45.009,25.408,38.995,21.542,41.233,21.913,81.453,11.165,20.048,22.058,34.168,24.294,38.314,20.835,39.498,12.558,752.267,64.25,4.0,40.0,5.992
2016-04-05 20:00:00,85.0,5.0,23.0,42.373,20.783,44.58,24.922,38.313,21.494,41.368,21.335,57.5,9.511,29.798,21.903,33.887,23.876,37.514,20.785,38.978,10.842,752.792,70.583,3.583,40.0,5.658
2016-04-05 21:00:00,63.333,3.333,23.033,41.943,20.52,44.829,24.644,38.259,21.402,41.67,21.229,50.112,8.091,39.544,21.779,34.311,23.577,37.813,20.73,38.877,9.333,753.45,77.833,3.0,40.0,5.642
2016-04-05 22:00:00,50.0,0.0,22.89,41.553,20.186,45.174,24.567,38.683,21.296,41.682,21.129,53.617,6.875,45.158,21.76,34.953,23.457,39.718,20.785,40.496,8.642,753.883,81.083,3.0,40.0,5.617
2016-04-05 23:00:00,55.0,1.667,22.724,41.14,19.839,45.464,24.335,38.79,21.2,41.338,20.999,54.286,6.383,51.788,21.694,35.351,23.303,40.083,20.821,42.345,7.75,754.083,85.667,3.0,40.0,5.5
2016-04-06 00:00:00,51.667,1.667,22.578,41.005,19.497,45.667,24.198,38.792,21.111,41.151,20.902,53.474,5.888,54.585,21.611,35.52,23.089,40.205,20.812,43.774,7.192,754.242,89.667,3.0,34.167,5.542
2016-04-06 01:00:00,53.333,0.0,22.392,40.904,19.272,45.887,24.028,38.728,21.0,40.905,20.824,52.829,5.518,56.12,21.539,35.59,22.886,40.64,20.879,44.508,6.942,754.3,92.417,3.0,24.75,5.767
2016-04-06 02:00:00,51.667,1.667,22.23,40.851,19.067,46.071,24.039,38.911,20.933,40.74,20.78,52.169,5.413,58.56,21.488,35.602,22.78,40.819,20.879,45.041,6.75,754.175,93.833,3.417,22.583,5.833
2016-04-06 03:00:00,50.0,0.0,22.1,40.899,18.895,46.23,24.1,39.204,20.84,40.65,20.725,51.83,5.667,60.397,21.39,35.627,22.656,41.107,20.89,45.358,6.358,754.0,95.0,4.0,21.167,5.6
2016-04-06 04:00:00,55.0,0.0,21.963,40.956,18.801,46.466,24.133,39.247,20.79,40.645,20.7,51.264,6.983,62.201,21.346,35.76,22.501,40.264,20.89,45.586,6.342,753.917,95.0,4.0,20.833,5.6
2016-04-06 05:00:00,48.333,0.0,21.832,41.062,18.79,46.444,24.133,39.302,20.71,40.76,20.622,50.43,7.521,60.873,21.29,35.9,22.176,39.375,20.89,45.771,6.692,753.758,93.75,4.833,22.417,5.683
2016-04-06 06:00:00,61.667,0.0,21.725,41.197,18.79,46.358,24.111,39.341,20.7,40.802,20.6,49.752,7.612,57.042,21.25,35.92,21.887,38.973,20.89,45.88,7.225,753.742,91.583,5.583,23.417,5.883
2016-04-06 07:00:00,75.0,15.0,21.755,42.068,18.858,47.164,23.803,38.764,20.721,41.166,20.632,49.728,7.983,53.533,21.177,35.634,21.626,38.711,20.902,45.287,7.358,753.883,90.167,5.0,24.833,5.833
2016-04-06 08:00:00,126.667,20.0,21.851,42.063,19.291,46.41,23.611,38.439,20.985,41.232,20.738,48.123,9.301,49.268,21.1,35.251,21.364,38.775,20.903,44.463,7.383,754.0,88.167,5.0,27.25,5.558
2016-04-06 09:00:00,73.333,1.667,21.927,42.842,20.205,46.363,23.335,38.657,21.28,41.398,20.694,47.99,11.333,33.751,21.044,34.886,21.167,38.798,21.05,44.704,8.292,754.0,84.5,5.417,29.0,5.833
2016-04-06 10:00:00,83.333,5.0,21.988,44.803,20.528,45.921,23.205,39.357,21.414,41.314,20.6,47.29,12.318,23.871,21.01,34.399,21.04,38.697,21.0,43.428,9.608,754.0,76.417,5.583,33.583,5.633
2016-04-06 11:00:00,68.333,3.333,21.97,43.116,20.986,43.519,23.189,39.663,21.578,42.203,20.6,46.628,13.088,18.425,21.05,34.15,21.094,38.831,20.976,41.96,10.067,753.833,70.833,5.417,34.167,5.033
2016-04-06 12:00:00,103.333,6.667,21.992,42.39,20.952,42.476,23.111,39.362,21.439,40.83,20.6,46.009,13.487,15.281,21.09,34.004,21.313,39.33,20.918,40.161,10.383,753.308,70.333,7.25,31.833,5.167
2016-04-06 13:00:00,105.0,23.333,22.0,41.486,20.705,42.056,23.058,38.92,21.427,40.541,20.6,45.74,13.259,19.513,21.064,34.325,21.98,40.432,20.843,39.434,10.417,752.817,68.833,9.0,40.0,4.825
2016-04-06 14:00:00,108.333,11.667,21.918,40.955,20.6,41.832,23.011,38.566,21.606,40.761,20.589,45.446,13.006,24.04,21.036,34.665,22.484,41.042,20.801,39.181,10.717,752.492,70.833,9.0,40.0,5.583
2016-04-06 15:00:00,88.333,0.0,21.89,41.139,20.488,42.333,22.927,38.52,21.561,40.596,20.511,45.411,12.765,28.396,21.002,35.019,22.922,42.244,20.79,39.392,11.008,751.95,74.917,8.583,40.0,6.65
2016-04-06 16:00:00,101.667,0.0,21.857,41.67,20.335,42.773,22.725,38.576,21.403,40.73,20.5,45.607,11.926,36.124,20.902,35.65,23.3,43.084,20.76,39.652,10.892,751.433,79.0,7.583,40.0,7.333
2016-04-06 17:00:00,128.333,0.0,21.812,42.264,20.301,43.274,22.775,38.858,21.343,41.192,20.561,45.811,11.087,37.783,20.952,35.854,23.518,42.95,20.735,39.853,10.717,751.242,80.667,7.833,40.0,7.55
2016-04-06 18:00:00,251.667,3.333,21.956,43.784,20.24,43.853,22.79,38.954,21.301,40.278,20.628,45.762,10.561,31.076,20.979,35.011,23.547,41.779,20.7,39.632,9.983,751.3,78.833,8.167,40.0,6.492
2016-04-06 19:00:00,136.667,21.667,22.106,46.887,20.083,47.682,22.902,39.898,21.23,39.982,20.785,56.938,8.833,34.221,20.898,34.358,23.489,40.284,20.656,39.028,9.558,751.3,73.833,7.417,40.0,5.083
2016-04-06 20:00:00,121.667,23.333,22.028,43.659,19.793,44.445,22.89,39.902,21.375,40.246,20.918,64.266,7.887,33.968,20.81,33.832,23.361,37.472,20.567,38.306,8.717,751.425,73.75,8.0,40.0,4.167
2016-04-06 21:00:00,51.667,1.667,21.875,42.561,19.514,43.774,22.796,39.478,21.482,39.806,20.944,63.318,7.242,37.687,20.885,35.266,23.235,36.91,20.451,37.647,8.475,751.6,72.0,7.583,40.0,3.617
2016-04-06 22:00:00,51.667,1.667,21.688,42.131,19.213,43.944,22.77,39.56,21.329,39.59,20.75,58.086,6.618,42.546,20.923,36.292,22.89,37.517,20.457,39.112,8.008,751.642,74.083,7.0,35.417,3.583
2016-04-06 23:00:00,55.0,0.0,21.499,41.863,18.973,44.181,22.79,39.482,21.193,39.545,20.633,55.03,6.309,47.065,20.997,37.14,22.593,37.946,20.476,40.332,7.392,751.742,78.25,6.167,28.583,3.783
2016-04-07 00:00:00,55.0,0.0,21.385,41.71,18.781,44.375,22.823,39.454,21.067,39.55,20.55,53.582,6.183,47.332,21.06,37.457,22.306,38.476,20.506,41.712,6.85,751.758,82.083,5.0,27.583,3.983
2016-04-07 01:00:00,51.667,0.0,21.286,41.618,18.628,44.562,23.0,39.56,20.963,39.467,20.457,52.618,4.985,50.718,21.093,37.593,22.083,39.53,20.536,42.69,6.208,751.7,86.25,5.0,27.0,4.017
2016-04-07 02:00:00,55.0,0.0,21.2,41.417,18.427,44.692,23.089,39.602,20.865,39.324,20.379,51.919,4.418,53.564,21.094,37.8,21.896,39.419,20.544,43.398,5.592,751.7,88.0,5.0,26.583,3.733
2016-04-07 03:00:00,45.0,0.0,21.089,41.306,18.245,44.676,23.1,39.585,20.785,39.157,20.34,51.298,4.046,54.605,21.044,37.928,21.764,38.904,20.578,43.773,5.217,751.658,87.583,5.0,31.833,3.333
2016-04-07 04:00:00,48.333,0.0,20.999,41.092,18.085,44.685,23.028,39.534,20.699,39.044,20.29,50.707,3.882,54.913,21.014,37.758,21.604,38.467,20.561,43.963,5.017,751.642,88.25,5.0,40.0,3.183
2016-04-07 05:00:00,53.333,0.0,20.89,41.0,17.939,44.686,23.0,39.575,20.606,38.863,20.21,50.174,3.525,55.818,21.0,37.79,21.463,38.431,20.511,43.988,4.525,751.658,90.417,4.583,40.0,3.05
2016-04-07 06:00:00,66.667,0.0,20.79,40.813,17.812,44.698,23.0,39.516,20.544,38.79,20.196,49.702,3.622,56.673,21.011,37.826,21.312,38.205,20.5,44.108,4.0,751.683,90.583,4.417,40.0,2.617
2016-04-07 07:00:00,110.0,3.333,20.862,41.378,17.94,45.348,22.762,38.741,20.5,38.92,20.41,54.323,4.109,57.633,20.945,36.726,21.2,38.37,20.5,42.942,4.042,751.925,90.417,5.0,35.0,2.625
2016-04-07 08:00:00,166.667,0.0,20.908,41.328,18.473,45.203,22.567,38.453,20.556,38.942,20.967,76.673,6.157,50.841,20.89,36.025,21.172,38.79,21.218,39.985,4.6,752.267,88.917,5.417,28.417,2.925
2016-04-07 09:00:00,140.0,0.0,21.017,41.347,19.841,43.226,22.348,38.249,20.852,39.08,20.644,69.401,8.175,37.686,20.89,35.654,21.128,38.79,21.22,38.476,5.925,752.583,82.667,6.0,33.583,3.142
2016-04-07 10:00:00,46.667,0.0,21.213,41.332,21.214,40.93,22.29,38.4,21.15,39.035,20.493,61.02,10.74,23.562,20.883,35.307,21.1,38.79,20.898,39.031,7.342,752.742,76.75,6.417,40.0,3.45
2016-04-07 11:00:00,53.333,0.0,21.415,41.019,21.905,39.295,22.29,38.4,21.336,38.95,20.427,58.219,12.197,14.675,20.974,34.922,21.156,38.639,20.846,40.351,8.517,752.8,71.667,7.0,40.0,3.55
2016-04-07 12:00:00,45.0,0.0,21.655,40.509,22.056,38.696,22.319,38.356,21.499,38.77,20.379,56.375,12.542,11.227,21.235,34.369,21.416,38.261,20.801,41.888,9.1,752.8,66.583,7.0,40.0,3.158
2016-04-07 13:00:00,43.333,0.0,21.92,40.069,22.111,38.453,22.357,38.28,21.511,38.602,20.382,54.835,12.764,9.268,21.574,33.824,21.791,37.691,20.79,41.725,9.933,752.8,62.25,7.417,40.0,2.975
2016-04-07 14:00:00,51.667,0.0,22.182,39.847,21.99,38.31,22.451,38.351,21.589,38.371,20.306,53.847,12.385,7.77,22.135,33.194,22.357,37.098,20.79,41.539,10.808,752.8,58.25,7.167,34.583,2.8
2016-04-07 15:00:00,51.667,0.0,22.318,39.634,21.756,38.404,22.6,38.4,21.556,38.17,20.29,53.099,12.308,10.813,22.266,32.848,22.539,36.939,20.801,41.228,10.483,752.758,59.583,6.0,27.833,2.842
2016-04-07 16:00:00,48.333,0.0,22.39,39.442,21.609,38.486,22.653,38.423,21.533,37.937,20.29,52.221,12.474,6.857,22.23,32.65,22.59,36.929,20.801,40.862,10.392,752.617,59.417,6.0,33.583,2.817
2016-04-07 17:00:00,50.0,0.0,22.39,39.139,21.277,38.732,22.694,38.314,21.433,37.672,20.334,51.496,11.829,4.711,22.111,32.375,22.451,36.76,20.79,40.257,10.058,752.5,57.083,6.833,40.0,1.867
2016-04-07 18:00:00,56.667,0.0,22.281,38.863,20.874,39.284,22.628,38.11,21.34,37.222,20.29,50.852,10.597,7.816,21.919,32.121,22.261,36.57,20.745,39.759,9.708,752.625,55.917,7.167,40.0,1.158
2016-04-07 19:00:00,111.667,11.667,22.189,38.663,20.462,39.467,22.501,37.95,21.22,36.564,20.21,49.418,9.576,12.342,21.631,31.15,22.282,37.22,20.7,39.557,9.175,752.925,60.417,5.167,40.0,1.758
2016-04-07 20:00:00,120.0,0.0,22.094,38.614,20.187,39.297,22.402,37.617,21.2,37.128,20.178,47.748,8.431,19.772,21.42,31.621,22.561,37.094,20.617,37.611,8.833,753.308,62.667,4.0,40.0,1.95
2016-04-07 21:00:00,86.667,1.667,21.994,38.525,19.91,39.406,22.346,37.538,21.144,37.43,20.128,46.648,7.595,23.839,21.39,32.761,22.497,35.43,20.544,36.528,8.058,753.767,69.167,4.0,40.0,2.675
2016-04-07 22:00:00,56.667,1.667,21.862,38.52,19.658,40.024,22.463,37.674,21.072,37.718,20.1,46.929,7.073,36.672,21.368,34.296,22.336,36.445,20.567,39.06,7.133,754.0,75.0,4.0,40.0,3.033
2016-04-07 23:00:00,38.333,0.0,21.725,38.624,19.364,41.036,22.583,37.966,20.945,38.024,20.006,47.518,7.0,43.762,21.315,35.666,22.218,37.965,20.6,40.769,6.733,754.083,79.167,3.583,40.0,3.383
2016-04-08 00:00:00,58.333,0.0,21.6,38.918,19.133,41.966,22.533,38.204,20.851,38.257,20.0,47.807,6.849,48.992,21.34,36.747,22.032,38.752,20.6,41.77,6.312,754.137,87.083,3.0,37.5,4.346
2016-04-08 01:00:00,51.667,0.0,21.5,39.193,18.939,42.629,22.571,38.333,20.79,38.393,19.939,47.967,6.718,51.466,21.29,37.204,21.846,40.089,20.6,42.295,5.862,753.988,92.083,3.0,31.5,4.696
2016-04-08 02:00:00,53.333,0.0,21.394,39.341,18.76,43.052,22.439,38.399,20.71,38.52,19.902,48.0,5.662,51.212,21.275,37.544,21.693,40.718,20.6,42.641,5.725,753.942,95.0,3.0,27.583,4.983
2016-04-08 03:00:00,53.333,0.0,21.29,39.456,18.572,43.37,22.323,38.4,20.622,38.52,19.89,47.989,4.877,54.548,21.231,37.607,21.561,40.598,20.6,42.92,5.733,753.958,95.417,2.583,24.083,5.017
2016-04-08 04:00:00,43.333,0.0,21.2,39.466,18.404,43.723,22.346,38.496,20.583,38.535,19.84,47.938,5.283,56.126,21.206,37.758,21.482,41.608,20.6,43.203,5.708,753.9,95.583,2.0,20.0,5.067
2016-04-08 05:00:00,50.0,0.0,21.117,39.59,18.255,43.922,22.39,38.82,20.5,38.59,19.79,47.857,4.083,54.622,21.2,37.836,21.39,41.937,20.6,43.47,5.708,753.942,95.833,2.0,38.333,5.092
2016-04-08 06:00:00,55.0,0.0,20.988,39.5,18.126,44.005,22.39,38.9,20.396,38.433,19.78,47.76,3.865,56.982,21.2,37.74,21.335,41.343,20.589,43.586,4.925,754.083,97.0,2.0,62.75,4.467
2016-04-08 07:00:00,66.667,0.0,21.022,40.361,18.25,44.751,22.303,38.548,20.368,38.483,19.74,47.71,5.808,59.893,21.11,38.099,21.23,41.271,20.6,43.694,4.817,754.367,97.833,1.583,61.0,4.5
2016-04-08 08:00:00,85.0,1.667,21.133,41.075,18.772,44.75,22.1,38.161,20.324,38.619,19.77,47.472,7.976,60.304,20.976,37.214,21.205,41.532,20.606,42.918,5.65,754.517,96.917,1.0,62.667,5.158
2016-04-08 09:00:00,120.0,0.0,21.156,40.557,19.689,42.182,21.952,37.898,20.39,38.726,19.782,46.596,10.678,42.388,20.976,37.184,21.27,41.692,20.708,41.852,6.417,754.483,91.917,1.0,46.25,5.183
2016-04-08 10:00:00,238.333,0.0,21.078,39.698,20.422,40.117,21.75,37.462,20.538,38.98,20.605,73.055,12.859,27.294,21.043,37.541,21.298,42.017,20.622,41.128,8.25,754.6,83.583,1.417,20.0,5.592
2016-04-08 11:00:00,148.333,0.0,21.161,41.753,21.32,41.031,21.971,38.314,20.857,39.557,20.274,69.526,14.096,15.276,21.209,37.069,21.75,41.294,20.74,43.498,9.708,754.6,74.75,2.0,20.833,5.417
2016-04-08 12:00:00,186.667,0.0,21.293,43.466,21.252,41.886,22.078,39.145,20.89,38.841,20.113,59.915,13.728,14.926,21.207,36.494,22.187,40.243,20.709,43.13,9.633,754.6,71.333,2.0,24.917,4.642
2016-04-08 13:00:00,138.333,1.667,21.439,44.929,21.27,43.026,22.165,40.102,20.826,38.624,20.055,54.843,14.451,11.648,21.248,35.68,22.578,39.92,20.7,42.141,10.183,754.475,70.667,2.417,26.917,5.075
2016-04-08 14:00:00,88.333,0.0,21.475,45.363,21.089,42.963,22.29,40.082,20.812,38.432,20.0,52.348,13.33,10.775,21.408,34.444,22.86,39.497,20.683,41.737,10.425,754.175,70.5,3.0,26.083,5.183
2016-04-08 15:00:00,371.667,1.667,21.5,43.494,20.806,42.108,22.42,40.36,20.801,37.932,20.0,50.869,12.826,12.158,21.429,33.388,23.185,39.215,20.621,41.436,11.1,753.833,60.75,3.0,33.583,3.6
2016-04-08 16:00:00,320.0,3.333,21.626,43.093,20.679,41.931,23.629,40.979,20.823,38.555,20.026,49.549,12.915,15.085,21.515,33.531,23.488,39.311,20.633,41.095,11.175,753.517,59.083,3.833,40.0,3.325
2016-04-08 17:00:00,496.667,5.0,21.933,44.052,20.633,42.609,24.176,40.516,21.052,39.112,20.178,49.049,12.958,10.968,21.882,33.704,23.779,38.897,20.644,40.708,10.633,753.317,66.917,4.583,40.0,4.733
2016-04-08 18:00:00,185.0,13.333,22.238,49.234,20.526,48.73,24.597,41.558,21.172,39.46,20.249,53.846,11.954,13.359,21.814,32.951,23.903,38.068,20.6,40.211,10.433,753.2,69.0,3.167,40.0,4.917
2016-04-08 19:00:00,136.667,5.0,22.23,45.316,20.267,46.766,24.002,40.605,21.265,40.027,21.194,82.094,10.371,19.923,21.598,33.308,24.102,38.834,20.533,38.907,9.417,753.242,77.25,1.583,34.167,5.625
2016-04-08 20:00:00,128.333,0.0,22.1,43.497,20.02,45.663,23.507,39.899,21.16,39.226,20.732,65.358,9.376,24.756,21.39,33.552,24.323,38.876,20.34,37.532,9.008,753.342,80.25,1.417,26.0,5.758
2016-04-08 21:00:00,63.333,5.0,21.988,42.963,19.814,45.399,23.204,39.666,21.0,38.804,20.58,52.067,8.317,31.187,21.276,34.12,24.314,39.314,20.215,37.529,8.267,753.317,82.833,1.583,25.583,5.533
2016-04-08 22:00:00,45.0,1.667,21.794,42.688,19.509,45.147,23.044,39.698,20.891,38.977,20.5,49.954,7.917,36.636,21.305,35.591,24.114,41.585,20.29,39.409,7.925,753.158,83.167,1.0,26.667,5.217
2016-04-08 23:00:00,43.333,1.667,21.611,42.235,19.207,45.339,22.939,39.639,20.785,39.01,20.411,48.959,7.01,38.57,21.383,36.645,23.806,42.207,20.312,40.663,7.975,753.017,83.667,1.417,28.167,5.308
2016-04-09 00:00:00,51.667,0.0,21.42,41.841,18.945,45.209,23.078,39.799,20.704,38.994,20.39,48.514,6.218,44.074,21.39,37.346,23.556,43.54,20.39,41.679,7.467,752.858,85.167,2.0,27.417,5.142
2016-04-09 01:00:00,51.667,1.667,21.258,41.634,18.727,45.16,23.172,39.934,20.6,38.845,20.344,48.273,5.718,44.084,21.39,37.72,23.414,44.131,20.39,42.451,6.833,752.675,85.667,2.0,27.167,4.583
2016-04-09 02:00:00,50.0,1.667,21.144,41.386,18.498,45.102,23.2,39.911,20.517,38.735,20.3,47.929,3.976,47.52,21.39,37.727,23.28,43.516,20.426,42.807,5.85,752.417,89.25,2.0,25.167,4.2
2016-04-09 03:00:00,53.333,0.0,21.033,41.097,18.272,45.164,23.106,39.879,20.414,38.519,20.278,47.585,3.311,50.652,21.39,37.669,23.161,42.794,20.457,43.106,4.383,752.133,91.833,2.0,22.75,3.167
2016-04-09 04:00:00,50.0,0.0,20.963,40.857,18.032,45.186,23.111,39.814,20.346,38.375,20.224,47.296,3.109,53.535,21.364,37.772,23.02,42.337,20.421,43.121,4.092,751.775,92.167,2.0,22.25,2.908
2016-04-09 05:00:00,50.0,0.0,20.862,40.642,17.844,45.245,23.1,39.79,20.258,38.2,20.193,47.068,2.397,53.506,21.3,37.726,22.805,42.178,20.39,43.2,3.958,751.433,91.833,1.583,22.75,2.742
2016-04-09 06:00:00,50.0,0.0,20.755,40.374,17.7,45.182,23.033,39.73,20.2,38.005,20.183,46.866,2.326,55.684,21.29,37.726,22.7,42.228,20.39,43.139,3.2,751.117,93.0,1.417,21.0,2.1
2016-04-09 07:00:00,48.333,0.0,20.715,40.683,17.81,45.157,22.924,39.372,20.106,38.07,20.159,46.634,3.979,58.586,21.272,37.749,22.578,42.161,20.42,43.277,3.908,750.917,91.333,2.0,21.417,2.558
2016-04-09 08:00:00,136.667,0.0,20.857,41.609,18.391,45.636,22.519,38.512,20.131,38.48,20.157,46.765,7.525,56.32,21.222,38.198,22.459,42.275,20.527,42.724,5.9,750.717,84.833,2.417,24.5,3.45
2016-04-09 09:00:00,78.333,0.0,20.89,40.754,18.919,43.541,22.165,37.816,20.2,38.25,20.043,47.648,10.466,34.592,21.14,36.911,22.379,41.764,20.528,41.307,8.133,750.517,75.667,3.417,33.0,4.008
2016-04-09 10:00:00,153.333,0.0,20.939,40.74,19.996,42.042,22.1,37.992,20.272,38.71,20.0,47.274,12.884,19.183,21.1,35.489,22.329,41.068,20.488,39.751,9.717,750.358,69.333,4.417,33.75,4.342
2016-04-09 11:00:00,76.667,0.0,21.06,40.637,20.903,39.771,22.122,37.974,20.463,38.561,19.99,46.537,14.353,9.718,21.14,34.389,22.474,39.741,20.488,39.569,10.592,750.258,66.167,5.417,26.667,4.483
2016-04-09 12:00:00,96.667,1.667,21.55,41.793,21.503,39.18,22.178,38.207,20.639,37.87,20.0,46.216,15.028,6.122,21.46,33.669,22.726,37.655,20.5,39.616,11.625,750.075,61.667,6.417,33.583,4.392
2016-04-09 13:00:00,186.667,0.0,22.048,39.631,21.756,37.907,22.318,38.645,20.802,37.286,20.0,45.696,15.71,3.88,21.984,33.374,23.196,36.973,20.544,39.524,12.5,749.733,55.333,7.0,40.0,3.683
2016-04-09 14:00:00,116.667,0.0,22.21,36.596,21.686,35.085,22.329,37.095,20.921,36.795,20.023,44.059,16.411,1.165,22.462,32.852,23.497,36.75,20.589,38.322,13.125,749.375,50.5,7.417,40.0,2.975
2016-04-09 15:00:00,163.333,0.0,22.29,38.764,21.914,36.74,22.433,37.43,21.0,36.222,20.078,43.986,16.867,1.027,22.633,32.252,23.808,35.91,20.487,35.912,14.125,749.033,47.833,7.583,40.0,3.133
2016-04-09 16:00:00,331.667,0.0,22.416,42.61,21.926,39.063,22.55,38.441,21.0,36.07,20.128,45.054,16.428,1.352,22.633,31.803,24.072,35.715,20.47,35.589,14.092,748.675,49.833,7.0,40.0,3.642
2016-04-09 17:00:00,115.0,0.0,22.558,42.922,21.719,40.796,22.7,39.661,20.902,35.951,20.191,45.846,15.411,1.719,22.422,31.208,24.255,35.673,20.357,34.287,13.467,748.417,51.417,6.583,40.0,3.575
2016-04-09 18:00:00,288.333,5.0,22.533,41.125,21.301,39.543,22.667,39.03,20.812,35.653,20.131,44.91,13.911,3.848,22.245,31.371,24.217,35.416,20.209,32.962,13.125,748.3,51.167,6.0,40.0,3.233
2016-04-09 19:00:00,106.667,8.333,22.78,42.673,21.072,42.358,22.75,39.254,20.745,36.119,20.1,45.062,11.812,17.16,22.014,31.99,23.975,35.484,19.975,33.653,12.675,748.508,53.333,5.583,40.0,3.333
2016-04-09 20:00:00,88.333,8.333,22.705,41.504,20.815,42.901,22.79,39.55,20.7,37.318,20.108,45.439,9.975,38.441,21.846,33.704,23.632,36.93,19.926,36.211,10.925,749.217,68.0,5.0,40.0,5.05
2016-04-09 21:00:00,81.667,6.667,22.633,41.51,20.58,43.566,22.77,39.535,20.628,38.155,20.1,45.77,9.142,46.17,21.677,34.562,23.306,37.608,19.927,37.485,9.242,749.883,86.167,4.167,33.333,7.05
2016-04-09 22:00:00,45.0,0.0,22.521,41.594,20.273,43.728,22.823,39.627,20.6,38.422,20.119,46.552,8.222,50.858,21.736,35.411,23.189,39.204,19.994,38.418,8.392,750.083,92.0,3.0,24.0,7.15
2016-04-09 23:00:00,55.0,0.0,22.282,41.031,19.872,43.76,22.79,39.682,20.545,38.52,20.059,46.753,7.584,54.674,21.7,36.141,23.039,40.242,20.056,39.547,7.683,750.408,92.417,2.583,30.667,6.467
2016-04-10 00:00:00,50.0,0.0,22.083,40.717,19.577,43.981,22.868,39.688,20.468,38.595,20.009,46.687,7.109,56.382,21.7,36.896,22.847,41.054,20.1,40.818,6.892,750.908,94.667,1.583,35.417,6.042
2016-04-10 01:00:00,55.0,0.0,21.857,40.59,19.304,44.097,22.857,39.663,20.396,38.596,20.0,46.68,5.958,56.024,21.7,37.496,22.748,41.501,20.156,41.974,6.558,751.367,96.583,1.417,29.0,6.017
2016-04-10 02:00:00,51.667,0.0,21.705,40.565,19.048,44.229,22.854,39.515,20.351,38.59,19.965,46.665,4.982,56.795,21.7,37.629,22.625,40.93,20.2,43.014,6.25,751.642,96.417,2.0,26.917,5.692
2016-04-10 03:00:00,53.333,0.0,21.628,40.403,18.799,44.393,22.824,39.38,20.28,38.494,19.915,46.625,4.431,57.157,21.7,37.683,22.461,40.638,20.2,43.696,5.733,751.867,97.0,2.0,24.417,5.233
2016-04-10 04:00:00,41.667,0.0,21.476,40.183,18.578,44.411,22.775,39.207,20.21,38.272,19.898,46.584,2.997,54.927,21.611,37.529,22.359,40.19,20.2,43.955,5.042,752.1,96.583,2.0,23.333,4.5
2016-04-10 05:00:00,51.667,0.0,21.357,39.83,18.306,44.292,22.537,38.936,20.122,38.042,19.883,46.489,2.064,54.491,21.6,37.54,22.206,39.052,20.2,44.294,4.233,752.142,96.417,1.583,21.0,3.675
2016-04-10 06:00:00,53.333,0.0,21.25,39.552,18.067,44.25,22.463,38.864,20.1,37.863,19.838,46.373,1.369,54.948,21.55,37.462,22.01,38.325,20.2,44.478,3.208,752.325,96.167,1.0,13.5,2.625
2016-04-10 07:00:00,56.667,0.0,21.15,39.391,17.988,44.156,22.533,39.04,20.0,37.59,19.79,46.233,2.095,58.051,21.5,37.461,21.847,38.791,20.22,44.363,2.225,752.75,96.667,1.0,20.083,1.775
2016-04-10 08:00:00,121.667,1.667,21.208,40.748,18.447,45.391,22.463,38.396,20.044,37.872,19.79,46.306,5.206,61.787,21.5,37.983,21.786,39.71,21.542,42.514,3.733,753.183,97.75,1.417,35.667,3.425
2016-04-10 09:00:00,83.333,1.667,21.34,41.244,20.691,42.496,22.47,38.421,20.662,39.177,20.824,71.264,8.11,61.936,21.402,37.673,21.684,39.64,21.883,39.214,6.475,753.425,88.5,2.0,30.667,4.625
2016-04-10 10:00:00,183.333,1.667,21.509,40.627,23.129,37.752,22.408,38.427,21.325,38.803,21.068,68.886,10.63,38.963,21.544,37.74,21.473,38.582,21.003,40.447,8.492,753.475,75.083,2.417,40.0,4.308
2016-04-10 11:00:00,58.333,0.0,21.783,40.46,23.709,36.15,22.511,38.618,21.696,38.13,21.326,75.16,12.194,26.551,21.646,35.885,21.528,38.182,20.84,40.881,10.267,753.258,67.25,3.417,40.0,4.433
2016-04-10 12:00:00,56.667,1.667,22.02,39.519,23.53,35.397,22.575,38.7,21.846,37.307,20.812,60.35,13.052,21.345,21.878,34.12,21.765,37.386,20.78,40.465,11.533,752.992,62.0,4.0,40.0,4.492
2016-04-10 13:00:00,61.667,1.667,22.341,38.655,23.315,35.215,22.578,38.7,21.89,36.974,20.629,55.422,14.49,10.969,22.29,33.031,22.226,36.791,20.76,39.929,12.375,752.617,60.333,4.417,35.417,4.858
2016-04-10 14:00:00,56.667,0.0,22.68,38.142,23.133,35.466,22.622,38.609,21.957,36.725,20.594,50.621,15.312,7.993,22.787,32.12,22.734,36.2,20.76,39.7,12.858,752.375,58.833,5.0,33.583,4.925
2016-04-10 15:00:00,50.0,1.667,22.98,38.17,23.037,36.078,22.715,38.249,22.039,36.834,20.886,44.341,16.66,5.412,23.326,31.462,23.227,35.748,20.79,39.655,13.467,751.992,56.667,4.583,40.0,4.933
2016-04-10 16:00:00,56.667,0.0,23.172,38.042,22.841,36.235,22.77,38.109,22.1,36.957,21.117,42.643,17.273,3.339,23.51,31.041,23.469,35.54,20.801,39.483,14.65,751.492,54.083,4.417,40.0,5.408
2016-04-10 17:00:00,86.667,1.667,23.2,37.906,22.611,36.34,22.873,38.04,22.1,37.029,21.26,42.108,17.506,3.829,23.451,30.698,23.548,35.816,20.84,39.272,14.875,751.117,57.833,5.0,40.0,6.483
2016-04-10 18:00:00,143.333,1.667,23.2,38.962,22.339,37.564,22.912,38.185,22.199,38.574,21.216,45.075,16.202,10.301,23.221,32.18,24.029,38.138,20.829,39.44,14.742,750.875,60.667,5.417,40.0,7.058
2016-04-10 19:00:00,125.0,1.667,23.133,39.851,22.008,39.109,22.999,38.899,22.156,38.875,21.17,44.975,13.703,15.934,22.985,34.206,24.309,39.352,20.868,39.55,14.55,750.7,63.833,5.167,40.0,7.7
2016-04-10 20:00:00,101.667,1.667,23.039,40.152,21.637,40.458,22.939,38.932,21.974,38.746,21.391,58.497,10.911,25.719,22.818,35.574,24.125,39.714,20.79,39.651,12.867,750.783,71.25,4.0,34.583,7.658
2016-04-10 21:00:00,85.0,0.0,22.908,40.286,21.235,41.046,22.835,39.03,21.851,38.956,21.11,56.642,9.47,34.812,22.683,36.499,23.868,39.118,20.73,39.834,11.458,750.858,76.25,4.0,32.417,7.308
2016-04-10 22:00:00,46.667,1.667,22.803,40.082,20.819,41.617,22.84,39.27,21.735,38.796,20.896,55.35,8.532,38.898,22.6,37.184,23.62,38.768,20.7,40.846,11.35,750.717,72.667,3.583,40.0,6.525
2016-04-10 23:00:00,50.0,0.0,22.645,39.752,20.435,41.976,22.75,39.382,21.603,38.514,20.756,53.675,9.041,33.164,22.522,37.451,23.274,38.363,20.74,41.645,10.467,750.6,71.667,3.417,40.0,5.5
2016-04-11 00:00:00,51.667,0.0,22.498,39.56,20.122,42.06,22.916,39.601,21.5,38.478,20.664,52.628,9.439,29.21,22.463,37.568,22.998,38.492,20.74,42.238,10.658,750.6,67.0,4.0,40.0,4.758
2016-04-11 01:00:00,50.0,0.0,22.335,39.4,19.927,42.228,23.083,39.775,21.427,38.433,20.571,51.802,9.547,28.226,22.397,37.584,22.71,39.001,20.77,42.784,10.225,750.6,68.667,4.0,35.417,4.7
2016-04-11 02:00:00,56.667,0.0,22.164,39.4,19.749,42.29,23.167,39.79,21.321,38.4,20.5,51.34,9.485,27.125,22.351,37.864,22.475,38.972,20.78,43.352,9.575,750.517,71.833,4.0,28.583,4.7
2016-04-11 03:00:00,51.667,0.0,22.083,39.354,19.65,42.369,23.2,39.79,21.29,38.296,20.412,50.854,9.607,26.483,22.318,38.203,22.226,38.457,20.78,43.738,9.275,750.317,73.417,4.417,27.583,4.7
2016-04-11 04:00:00,51.667,0.0,22.0,39.2,19.528,42.406,23.235,39.833,21.205,38.205,20.39,50.456,9.838,25.017,22.252,37.965,21.987,37.798,20.79,43.845,8.975,750.158,74.417,4.583,27.417,4.617
2016-04-11 05:00:00,65.0,0.0,21.939,39.708,19.488,43.033,23.089,39.427,21.136,38.266,20.381,48.559,9.988,23.452,22.2,37.888,21.763,37.363,20.79,43.983,8.8,750.017,74.583,3.583,33.0,4.417
2016-04-11 06:00:00,46.667,3.333,21.988,40.228,19.488,43.609,22.87,38.848,21.122,38.526,20.38,47.507,9.661,24.311,22.122,37.11,21.545,37.352,20.79,43.707,9.258,749.817,71.083,3.833,40.0,4.217
2016-04-11 07:00:00,55.0,0.0,21.963,39.53,19.578,42.14,22.79,38.446,21.1,38.097,20.297,46.766,10.267,23.736,21.902,35.079,21.364,37.33,20.725,41.578,10.15,749.742,67.417,4.583,40.0,4.35
2016-04-11 08:00:00,51.667,0.0,21.89,39.102,20.097,40.863,22.857,37.901,21.146,37.97,20.313,44.977,12.773,15.916,21.796,34.194,21.264,37.548,21.872,38.761,11.542,749.8,63.417,4.833,34.583,4.617
2016-04-11 09:00:00,55.0,0.0,21.92,38.976,22.15,38.285,22.902,37.602,21.717,38.1,20.437,42.329,15.797,7.252,21.735,33.801,21.198,37.495,22.24,36.798,13.5,749.842,56.167,6.0,27.833,4.833
2016-04-11 10:00:00,85.0,0.0,22.061,38.961,23.484,35.973,22.962,37.639,22.111,37.926,21.071,61.3,17.508,3.597,21.756,33.546,21.322,38.24,21.332,38.582,14.658,749.983,53.75,5.167,33.583,5.342
2016-04-11 11:00:00,95.0,0.0,22.2,39.009,23.801,35.194,23.068,37.665,22.275,37.608,20.944,63.482,18.34,2.374,21.823,33.433,21.878,38.398,21.15,39.026,15.633,750.142,51.167,4.417,40.0,5.483
2016-04-11 12:00:00,78.333,0.0,22.389,39.03,23.77,35.342,23.1,37.753,22.346,37.772,20.89,47.51,19.304,2.249,22.089,33.562,22.413,38.834,21.1,39.402,16.308,750.2,50.417,5.417,40.0,5.892
2016-04-11 13:00:00,80.0,0.0,22.5,39.283,23.564,35.841,23.117,38.01,22.323,38.03,20.924,44.704,19.081,3.627,22.156,33.896,22.682,39.565,21.039,39.532,16.85,750.158,50.167,6.0,40.0,6.258
2016-04-11 14:00:00,80.0,0.0,22.5,39.606,23.16,36.496,23.128,38.104,22.23,38.484,20.929,43.894,18.13,8.752,22.061,34.603,23.034,40.303,21.0,39.629,17.45,750.142,49.417,6.417,40.0,6.617
2016-04-11 15:00:00,86.667,0.0,22.5,40.222,22.775,37.76,23.089,38.397,22.111,39.609,20.915,44.136,16.84,17.906,22.011,36.152,23.392,41.71,20.976,40.317,16.425,750.492,57.917,6.583,40.0,7.867
2016-04-11 16:00:00,88.333,0.0,22.5,40.952,22.622,38.608,23.133,38.716,22.1,40.157,20.933,44.579,17.096,15.307,22.017,36.852,23.636,42.083,20.959,41.076,14.833,750.775,67.75,5.167,40.0,8.883
2016-04-11 17:00:00,221.667,0.0,22.528,41.765,22.47,39.253,23.178,38.906,22.1,40.53,21.114,44.98,17.398,14.354,22.144,37.127,23.863,42.329,20.994,41.464,15.008,750.642,68.917,3.583,40.0,9.292
2016-04-11 18:00:00,100.0,1.667,22.783,46.74,22.26,43.286,23.207,40.102,22.165,41.582,21.204,48.025,16.309,15.739,22.193,37.254,23.89,42.723,21.0,42.038,14.892,750.658,71.333,2.167,40.0,9.658
2016-04-11 19:00:00,121.667,21.667,22.79,45.272,21.85,43.284,23.183,40.725,22.176,42.711,21.116,49.508,14.691,21.355,22.078,37.666,23.903,43.305,20.969,42.127,14.675,750.517,74.833,0.583,40.0,10.183
2016-04-11 20:00:00,106.667,16.667,22.74,44.354,21.556,43.52,23.106,40.755,22.428,42.83,21.184,47.403,13.373,23.776,21.951,37.466,23.89,43.07,20.878,41.404,13.592,750.567,76.75,1.667,40.0,9.542
2016-04-11 21:00:00,73.333,21.667,22.7,43.82,21.293,43.456,23.071,40.72,22.583,42.12,21.17,46.094,11.986,28.52,21.89,36.982,23.801,42.14,20.75,40.576,13.05,750.883,68.0,4.0,40.0,7.208
2016-04-11 22:00:00,61.667,20.0,22.572,43.73,20.964,43.964,23.178,40.627,22.725,41.961,21.091,45.893,11.321,35.324,21.89,36.796,23.566,42.502,20.79,41.328,12.408,751.125,69.667,4.0,40.0,6.883
2016-04-11 23:00:00,55.0,0.0,22.457,43.788,20.648,44.312,23.22,40.584,22.707,41.289,21.047,45.864,9.762,40.521,21.84,36.729,23.395,42.961,20.79,42.258,11.583,751.342,74.917,4.833,40.0,7.167
2016-04-12 00:00:00,55.0,0.0,22.324,43.625,20.333,44.487,23.348,40.77,22.453,40.48,21.0,45.469,8.55,47.974,21.79,36.55,23.114,43.788,20.79,43.001,10.208,751.525,81.917,5.167,40.0,7.15
2016-04-12 01:00:00,48.333,0.0,22.158,43.399,20.03,44.683,23.445,40.811,22.24,40.064,20.992,45.214,7.766,50.583,21.73,36.432,22.94,44.992,20.79,43.403,8.558,751.658,87.25,3.167,35.417,6.508
2016-04-12 02:00:00,55.0,0.0,22.01,43.183,19.75,44.71,23.488,40.845,22.1,39.829,20.89,44.919,6.677,51.154,21.7,36.23,22.817,44.625,20.79,43.695,7.8,751.6,89.0,2.417,33.583,6.058
2016-04-12 03:00:00,53.333,0.0,21.89,43.05,19.497,44.738,23.457,40.735,21.963,39.688,20.89,44.609,6.03,53.174,21.62,35.956,22.713,44.086,20.812,44.118,7.55,751.517,88.583,2.583,40.0,5.75
2016-04-12 04:00:00,51.667,0.0,21.801,42.818,19.293,44.755,23.402,40.58,21.851,39.623,20.842,44.355,5.76,54.92,21.572,35.802,22.564,43.496,20.834,44.543,6.742,751.483,89.25,1.583,40.0,5.15
2016-04-12 05:00:00,51.667,3.333,21.77,42.777,19.139,45.661,23.283,40.186,21.745,39.788,20.79,44.307,6.251,56.897,21.5,35.706,22.487,43.024,20.829,44.791,6.267,751.6,91.833,1.0,40.0,5.05
2016-04-12 06:00:00,61.667,5.0,21.812,42.739,19.1,46.467,23.022,39.73,21.7,40.193,20.824,45.34,6.893,58.107,21.45,35.641,22.379,42.93,20.807,44.514,6.875,751.642,92.583,1.417,34.167,5.692
2016-04-12 07:00:00,71.667,8.333,21.79,42.179,19.22,45.67,23.0,39.424,21.7,40.327,20.79,43.785,7.465,58.116,21.299,35.515,22.269,41.884,20.79,42.812,7.775,751.825,91.583,2.417,26.833,6.433
2016-04-12 08:00:00,63.333,0.0,21.73,41.185,19.704,43.738,23.072,38.702,21.74,39.772,20.79,43.002,10.158,54.537,21.275,35.655,22.176,41.296,21.924,40.437,9.342,752.042,86.0,2.583,33.0,7.067
2016-04-12 09:00:00,56.667,0.0,21.792,41.461,21.973,41.174,23.1,38.378,22.474,39.76,20.799,42.998,13.166,32.45,21.357,35.785,22.1,41.308,22.329,38.85,11.383,752.058,76.5,2.417,40.0,7.383
2016-04-12 10:00:00,61.667,0.0,21.997,41.986,24.084,38.061,23.1,38.798,23.243,39.446,20.892,43.312,15.282,17.672,21.414,35.814,22.072,41.267,21.556,41.029,12.742,752.0,70.5,3.0,40.0,7.5
2016-04-12 11:00:00,46.667,0.0,22.23,42.145,24.328,37.34,23.122,39.097,23.56,39.102,21.023,43.428,15.63,14.032,21.567,35.78,22.117,41.171,21.357,41.662,13.542,751.958,65.333,3.0,40.0,7.167
2016-04-12 12:00:00,60.0,0.0,22.532,42.063,24.583,36.83,23.122,39.26,23.71,38.904,21.136,43.517,17.457,8.679,21.858,35.641,22.428,40.767,21.29,41.961,14.308,751.817,59.25,3.417,40.0,6.367
2016-04-12 13:00:00,61.667,0.0,22.6,41.933,24.308,36.735,23.199,39.443,23.578,38.576,21.2,43.439,18.147,4.488,21.89,35.33,22.441,40.469,21.265,41.836,15.05,751.658,54.833,4.0,40.0,5.942
2016-04-12 14:00:00,60.0,0.0,22.528,41.745,23.594,37.329,23.265,39.42,23.38,38.683,21.2,43.29,16.255,9.034,21.84,35.351,22.345,40.521,21.2,41.573,14.408,751.6,58.917,4.0,40.0,6.417
2016-04-12 15:00:00,58.333,0.0,22.5,41.598,22.985,38.064,23.29,39.318,23.22,38.888,21.131,43.198,15.703,5.048,21.79,35.242,22.228,40.266,21.168,41.399,13.625,751.6,55.083,4.0,40.0,4.5
2016-04-12 16:00:00,123.333,0.0,22.533,41.339,22.816,38.196,23.311,39.177,23.2,38.597,21.209,42.876,15.918,6.237,21.996,34.654,22.425,39.717,21.167,41.139,12.808,751.475,49.0,3.583,40.0,2.167
2016-04-12 17:00:00,390.0,0.0,22.753,44.973,22.473,39.643,23.323,39.266,23.194,38.392,21.32,44.008,14.951,7.74,22.297,34.56,22.847,41.214,21.2,41.13,13.025,751.258,57.25,3.0,40.0,4.717
2016-04-12 18:00:00,433.333,0.0,23.108,50.846,22.21,47.214,23.766,42.23,23.122,38.241,21.416,48.718,13.72,9.808,22.24,34.339,23.209,43.21,21.2,43.257,13.442,751.117,59.417,3.0,40.0,5.667
2016-04-12 19:00:00,251.667,0.0,23.172,46.908,21.833,45.287,24.953,43.33,23.028,38.103,21.667,57.104,12.29,13.5,22.067,34.04,23.492,43.24,21.184,42.228,12.175,751.0,65.417,2.583,40.0,5.742
2016-04-12 20:00:00,306.667,1.667,23.039,44.08,21.45,43.191,25.614,43.03,22.885,37.687,21.811,76.058,9.883,19.913,21.874,33.71,23.56,42.967,21.1,41.128,10.967,751.125,72.583,1.583,40.0,6.125
2016-04-12 21:00:00,100.0,5.0,22.874,42.935,21.097,42.777,26.25,42.708,22.79,37.444,21.438,62.441,8.444,30.037,21.735,33.721,23.628,42.866,21.017,38.784,9.667,751.342,77.833,1.833,40.0,5.892
2016-04-12 22:00:00,63.333,18.333,22.74,42.129,20.751,43.04,25.702,40.782,22.835,38.316,21.26,57.859,7.59,38.145,21.7,34.158,23.588,43.931,20.988,39.273,8.833,751.483,82.667,2.583,40.0,6.05
2016-04-12 23:00:00,65.0,16.667,22.589,41.862,20.393,43.529,25.347,40.58,23.025,38.925,21.2,57.423,7.55,43.119,21.628,34.463,23.487,45.095,20.976,39.849,8.467,751.642,82.167,2.0,40.0,5.575
2016-04-13 00:00:00,53.333,0.0,22.451,42.233,20.117,43.995,24.919,40.341,23.02,38.725,21.106,55.678,7.16,45.165,21.6,34.651,23.294,46.19,20.956,40.614,7.592,751.658,86.333,2.0,40.0,5.4
2016-04-13 01:00:00,55.0,0.0,22.313,41.733,19.841,44.157,24.532,39.963,22.803,38.276,21.03,54.528,6.583,47.655,21.511,34.72,23.18,46.874,20.951,41.912,7.875,751.475,84.417,2.0,40.0,5.358
2016-04-13 02:00:00,50.0,0.0,22.161,41.5,19.622,44.235,24.351,39.654,22.65,38.138,20.988,53.744,6.22,49.841,21.491,34.782,23.1,46.616,20.982,42.585,7.45,751.3,85.833,2.0,40.0,5.175
2016-04-13 03:00:00,56.667,0.0,22.05,41.358,19.435,44.415,24.42,39.776,22.533,38.0,20.89,53.203,5.527,50.96,21.396,34.681,23.03,45.663,20.969,43.212,7.1,751.175,86.167,1.583,40.0,4.875
2016-04-13 04:00:00,50.0,0.0,21.963,41.188,19.24,44.52,24.408,39.851,22.379,37.922,20.842,52.663,5.302,53.297,21.379,34.669,22.907,45.248,21.0,43.567,6.308,750.792,87.5,1.0,40.0,4.367
2016-04-13 05:00:00,150.0,3.333,21.951,41.82,19.122,45.608,24.211,39.409,22.29,37.977,20.79,52.15,5.877,54.629,21.307,34.67,22.795,45.022,20.927,43.77,5.325,750.375,90.583,1.0,40.0,3.942
2016-04-13 06:00:00,141.667,1.667,22.044,42.085,19.1,46.372,23.767,38.779,22.189,38.225,20.805,49.943,6.215,54.146,21.24,34.34,22.74,44.335,20.939,43.23,5.292,750.2,91.25,1.0,40.0,4.0
2016-04-13 07:00:00,80.0,3.333,22.05,41.154,19.176,45.241,23.667,38.331,22.106,37.878,20.912,47.494,7.241,53.43,21.187,34.842,22.54,42.096,20.812,41.014,5.208,750.367,94.25,1.833,40.0,4.375
2016-04-13 08:00:00,65.0,11.667,22.1,40.435,19.329,44.402,23.37,37.784,22.028,37.827,20.912,48.941,8.957,49.813,21.22,36.927,22.33,40.756,20.499,39.37,6.25,750.6,94.75,2.167,40.0,5.483
2016-04-13 09:00:00,61.667,10.0,22.089,40.49,19.589,44.095,23.3,37.905,22.146,38.756,20.79,47.0,10.828,38.78,21.1,35.684,22.104,39.6,20.404,41.036,7.717,750.642,90.083,1.0,40.0,6.175
2016-04-13 10:00:00,68.333,1.667,22.194,42.651,20.092,45.317,23.27,38.767,22.134,39.598,20.79,46.755,12.37,31.478,21.1,35.29,21.95,39.413,20.5,39.791,9.008,750.825,81.833,1.0,40.0,5.958
2016-04-13 11:00:00,56.667,0.0,22.2,41.873,20.346,44.029,23.417,39.974,22.145,40.14,20.765,46.357,13.044,28.881,21.094,35.416,21.793,39.626,20.5,39.57,10.417,751.125,76.0,1.0,40.0,6.317
2016-04-13 12:00:00,56.667,1.667,22.133,41.463,20.324,43.551,23.457,39.588,22.034,39.701,20.738,45.657,12.453,36.422,21.086,36.105,21.657,40.566,20.511,39.637,10.75,751.425,79.75,1.833,40.0,7.317
2016-04-13 13:00:00,91.667,1.667,22.122,42.218,20.463,44.059,23.29,39.26,22.0,40.209,20.73,45.649,12.434,39.991,21.1,36.842,21.791,42.417,20.558,40.099,10.233,751.725,87.083,3.0,35.0,8.108
2016-04-13 14:00:00,75.0,0.0,22.039,42.27,20.511,43.796,23.26,39.183,22.0,40.417,20.74,45.851,12.537,40.046,21.1,37.129,22.303,43.25,20.567,40.433,10.042,751.983,90.417,2.583,25.5,8.525
2016-04-13 15:00:00,81.667,8.333,21.988,42.351,20.589,43.603,23.2,39.163,21.988,40.448,20.725,45.727,13.09,37.752,21.1,37.363,22.671,43.617,20.55,40.993,10.142,752.142,91.0,2.0,24.917,8.7
2016-04-13 16:00:00,118.333,18.333,21.976,42.82,20.628,43.684,23.2,39.265,22.133,41.166,20.79,45.178,12.733,34.013,21.1,37.4,22.844,43.704,20.522,42.544,10.117,752.158,91.417,1.583,26.083,8.7
2016-04-13 17:00:00,205.0,15.0,22.044,42.944,20.545,44.171,23.1,39.392,22.347,41.572,20.79,45.181,12.38,36.767,21.067,37.466,23.056,44.128,20.5,42.897,10.042,752.1,92.0,1.0,22.417,8.783
2016-04-13 18:00:00,250.0,8.333,22.178,43.742,20.567,45.206,23.138,39.627,22.391,41.308,20.857,45.824,12.322,34.162,21.061,37.49,23.249,44.329,20.476,43.117,10.517,751.933,80.333,1.833,30.083,7.067
2016-04-13 19:00:00,245.0,1.667,22.2,43.873,20.381,45.358,24.011,41.722,22.343,41.076,20.894,47.015,10.843,35.001,21.042,37.033,23.293,43.739,20.451,42.897,10.933,751.867,71.917,2.583,40.0,5.917
2016-04-13 20:00:00,98.333,0.0,22.2,43.736,20.15,46.066,24.251,40.05,22.23,40.73,20.89,47.03,7.681,42.233,21.034,36.806,23.403,43.362,20.362,42.594,9.825,752.267,86.75,1.583,34.167,7.65
2016-04-13 21:00:00,51.667,1.667,22.128,43.558,19.846,45.703,23.801,39.308,22.05,40.091,20.873,47.173,5.942,47.749,21.0,36.386,23.495,43.288,20.323,42.874,7.933,752.75,93.25,1.0,23.917,6.842
2016-04-13 22:00:00,48.333,0.0,21.963,42.907,19.485,45.494,23.567,39.188,21.939,39.712,20.765,47.553,5.129,50.691,21.0,36.249,23.288,44.51,20.384,43.952,6.167,753.183,95.417,1.0,36.0,5.45
2016-04-13 23:00:00,51.667,0.0,21.829,42.298,19.126,45.619,23.476,39.127,21.823,39.45,20.69,47.376,4.516,51.902,21.0,36.073,23.17,45.687,20.38,44.796,4.792,753.425,96.417,1.0,35.75,4.275
2016-04-14 00:00:00,55.0,0.0,21.678,41.986,18.816,45.76,23.611,39.347,21.74,39.238,20.645,47.13,4.026,52.757,20.929,35.884,23.033,45.711,20.39,45.742,4.167,753.6,96.167,0.583,4.75,3.642
2016-04-14 01:00:00,53.333,0.0,21.556,41.718,18.622,45.762,23.7,39.51,21.645,38.956,20.6,47.006,3.647,53.842,20.89,35.672,22.902,45.186,20.39,46.171,3.408,753.683,95.833,0.417,3.417,2.833
2016-04-14 02:00:00,53.333,0.0,21.427,41.462,18.422,45.54,23.692,39.579,21.517,38.66,20.524,46.891,3.423,54.766,20.845,35.336,22.812,44.652,20.437,46.373,2.458,753.842,97.833,1.0,3.583,2.183
2016-04-14 03:00:00,53.333,0.0,21.293,41.275,18.27,45.411,23.645,39.54,21.47,38.487,20.507,46.686,3.656,55.76,20.79,35.094,22.735,44.179,20.39,46.133,1.492,753.858,99.0,1.0,2.167,1.392
2016-04-14 04:00:00,53.333,0.0,21.21,41.053,18.172,45.363,23.6,39.456,21.361,38.308,20.457,46.55,3.651,57.097,20.778,34.926,22.661,43.874,20.39,45.908,1.408,753.842,99.0,1.0,28.083,1.308
2016-04-14 05:00:00,50.0,1.667,21.215,41.548,18.089,46.354,23.4,38.958,21.28,38.161,20.39,46.431,3.22,56.33,20.708,34.792,22.517,43.668,20.39,45.625,1.825,753.817,99.0,1.0,66.0,1.725
2016-04-14 06:00:00,63.333,3.333,21.242,41.928,18.1,47.161,23.084,38.421,21.22,38.092,20.39,46.501,3.202,57.393,20.7,34.57,22.445,43.567,20.39,44.807,1.708,753.783,99.417,1.0,38.917,1.65
2016-04-14 07:00:00,78.333,16.667,21.312,41.651,18.264,46.529,22.915,38.524,21.479,38.63,20.39,46.214,4.407,59.43,20.603,34.003,22.292,42.077,20.324,43.041,1.675,754.067,100.0,1.0,3.917,1.675
2016-04-14 08:00:00,80.0,18.333,21.379,41.104,18.831,45.094,22.79,38.217,22.25,39.063,20.362,44.986,6.562,61.342,20.5,34.138,22.145,40.861,20.905,40.326,3.158,754.3,100.0,1.0,20.5,3.158
2016-04-14 09:00:00,65.0,16.667,21.41,41.381,20.376,43.33,22.74,38.097,22.724,39.73,20.368,44.5,10.168,63.298,20.592,35.383,22.033,41.096,21.083,39.222,6.208,754.342,95.833,1.417,48.417,5.583
2016-04-14 10:00:00,78.333,18.333,21.445,41.639,21.696,41.046,22.791,38.296,23.125,40.424,20.39,44.5,13.918,51.975,20.622,36.107,22.0,41.414,20.725,40.45,9.517,754.525,84.583,2.0,47.167,6.975
2016-04-14 11:00:00,81.667,18.333,21.6,42.212,22.593,39.515,22.895,38.597,23.531,40.486,20.39,44.767,16.193,29.629,20.776,36.262,22.0,41.417,20.72,41.947,12.05,754.575,72.833,2.0,26.667,7.175
2016-04-14 12:00:00,61.667,6.667,21.824,42.263,22.75,38.961,23.0,38.735,23.6,39.62,20.39,45.14,17.564,19.264,20.969,36.314,22.083,41.381,20.7,42.562,14.05,754.358,65.75,2.0,33.583,7.658
2016-04-14 13:00:00,53.333,0.0,21.986,41.871,22.7,38.77,23.028,38.79,23.403,39.134,20.426,45.245,17.927,10.498,21.309,36.231,22.25,41.141,20.7,42.288,14.692,754.133,61.917,2.417,40.0,7.35
2016-04-14 14:00:00,70.0,1.667,22.219,41.44,22.71,38.603,23.1,38.791,23.26,38.729,20.494,45.297,18.353,4.993,21.865,35.507,22.719,40.34,20.73,42.042,15.725,753.775,59.0,3.0,40.0,7.583
2016-04-14 15:00:00,91.667,0.0,22.462,39.841,22.611,37.412,23.133,38.028,23.197,37.402,20.533,44.708,17.57,1.535,21.974,33.568,23.186,39.919,20.72,41.126,16.267,753.392,57.333,3.0,40.0,7.733
2016-04-14 16:00:00,81.667,0.0,22.672,39.523,22.611,37.288,23.23,38.008,23.312,37.95,20.6,44.219,17.409,3.242,21.788,33.037,23.556,39.871,20.7,40.58,16.175,753.017,51.25,3.833,40.0,6.008
2016-04-14 17:00:00,283.333,0.0,22.803,40.601,22.487,37.808,23.2,38.193,23.281,38.055,20.667,43.977,17.724,5.14,21.65,33.587,23.697,40.836,20.7,40.588,16.117,752.858,50.167,4.583,40.0,5.567
2016-04-14 18:00:00,220.0,1.667,22.982,44.056,22.318,40.592,23.357,39.07,23.136,38.403,20.718,44.935,16.476,8.116,21.526,34.34,23.921,41.266,20.7,40.904,15.3,752.592,56.833,3.583,40.0,6.667
2016-04-14 19:00:00,195.0,3.333,22.918,42.027,21.918,40.752,23.408,39.651,22.957,38.745,21.124,57.104,14.716,13.878,21.416,35.16,24.143,42.55,20.689,41.294,14.592,752.175,62.167,2.583,40.0,7.275
2016-04-14 20:00:00,76.667,5.0,22.879,41.58,21.589,41.43,23.5,39.444,22.829,39.164,21.199,73.521,13.596,18.793,21.32,35.991,24.112,44.312,20.644,41.762,13.558,751.833,68.0,2.0,40.0,7.758
2016-04-14 21:00:00,56.667,3.333,22.812,41.83,21.342,42.255,23.454,39.519,22.71,39.375,20.933,59.937,13.087,22.518,21.29,36.29,23.917,45.037,20.661,42.033,13.292,751.475,70.083,2.0,40.0,7.908
2016-04-14 22:00:00,50.0,1.667,22.704,41.36,20.99,42.625,23.414,39.72,22.633,39.498,20.834,55.908,11.929,33.818,21.282,36.338,23.944,47.221,20.694,42.885,12.958,751.175,72.167,2.833,40.0,8.033
2016-04-14 23:00:00,53.333,0.0,22.572,41.362,20.697,43.146,23.39,39.78,22.544,39.728,20.78,54.018,10.809,46.185,21.253,36.546,23.68,47.743,20.7,43.38,11.942,751.125,78.5,3.583,32.083,8.258
2016-04-15 00:00:00,51.667,1.667,22.47,41.618,20.433,43.862,23.463,39.919,22.482,40.065,20.7,53.129,10.19,54.997,21.204,36.783,23.524,48.875,20.7,43.957,10.142,751.092,92.333,2.167,38.917,8.942
2016-04-15 01:00:00,51.667,0.0,22.329,41.869,20.229,44.551,23.622,40.003,22.385,40.273,20.689,52.538,9.963,58.268,21.2,37.032,23.457,49.247,20.7,44.551,9.417,750.383,97.833,1.417,60.667,9.042
2016-04-15 02:00:00,56.667,0.0,22.211,42.065,20.032,45.063,23.661,40.09,22.29,40.52,20.617,52.101,9.865,60.6,21.2,37.224,23.326,48.469,20.71,45.074,9.3,749.55,99.0,2.0,58.5,9.142
2016-04-15 03:00:00,48.333,0.0,22.078,42.282,19.847,45.464,23.7,40.108,22.234,40.601,20.594,51.863,9.782,61.208,21.132,37.392,23.191,48.201,20.75,45.476,9.425,748.95,98.167,2.0,44.5,9.158
2016-04-15 04:00:00,55.0,0.0,21.951,42.399,19.73,45.695,23.74,40.151,22.178,40.639,20.539,51.622,9.484,61.462,21.1,37.452,23.105,48.137,20.79,45.758,9.6,748.35,94.917,3.25,28.333,8.808
2016-04-15 05:00:00,53.333,0.0,21.862,42.5,19.6,45.88,23.77,40.127,22.1,40.75,20.5,51.42,9.734,61.892,21.097,37.514,23.053,47.913,20.79,45.988,9.6,747.917,92.833,5.0,35.417,8.483
2016-04-15 06:00:00,371.667,1.667,21.84,43.568,19.528,46.813,23.897,40.861,22.034,40.852,20.5,51.28,9.762,61.859,21.054,37.534,22.968,47.371,20.79,46.318,9.6,747.758,93.583,4.583,28.583,8.558
2016-04-15 07:00:00,245.0,10.0,22.005,45.125,19.633,48.731,24.966,41.672,22.04,41.745,20.476,51.363,10.012,61.06,21.019,37.508,22.821,46.094,20.79,46.154,9.683,747.867,91.75,4.833,28.417,8.417
2016-04-15 08:00:00,328.333,0.0,22.083,45.014,19.798,48.763,24.946,40.568,22.1,41.918,20.451,51.231,10.742,58.239,21.005,37.43,22.719,45.344,20.801,46.208,9.717,748.183,90.0,5.583,33.583,8.217
2016-04-15 09:00:00,245.0,0.0,22.346,45.904,20.196,49.194,25.138,40.289,22.1,41.432,20.5,51.352,12.059,48.979,21.028,37.347,22.605,44.742,20.812,45.965,9.975,748.3,88.333,5.417,35.417,8.142
2016-04-15 10:00:00,351.667,3.333,22.649,46.938,20.837,47.933,25.074,40.492,22.15,41.706,20.5,51.342,13.432,40.433,21.075,37.268,22.538,44.373,20.798,45.549,10.75,748.425,83.917,6.417,33.583,8.117
2016-04-15 11:00:00,168.333,10.0,22.611,43.949,21.055,44.477,25.898,39.548,22.231,41.29,20.578,50.261,14.876,33.714,21.071,37.133,22.478,43.532,20.823,44.761,11.558,748.558,78.917,6.583,40.0,8.042
2016-04-15 12:00:00,76.667,10.0,22.594,43.058,21.56,42.588,25.319,37.518,22.308,40.658,20.6,48.757,15.872,21.18,21.209,36.475,22.455,42.531,20.873,44.194,13.033,748.417,73.5,6.833,35.0,8.392
2016-04-15 13:00:00,63.333,10.0,22.511,42.169,21.637,40.981,24.839,36.885,22.361,39.93,20.616,47.764,16.39,13.371,21.318,35.526,22.462,41.349,20.857,44.043,13.742,748.133,68.75,8.0,33.0,8.092
2016-04-15 14:00:00,71.667,3.333,22.583,40.916,21.78,39.325,24.297,36.897,22.393,39.186,20.678,46.887,17.072,7.836,21.577,34.343,22.568,40.122,20.846,43.884,13.6,747.692,63.25,7.583,40.0,6.725
2016-04-15 15:00:00,66.667,0.0,22.633,39.283,21.72,37.796,24.094,36.526,22.474,38.548,20.72,45.638,17.278,4.272,21.923,33.266,22.801,39.134,20.879,43.338,14.883,747.275,54.667,7.833,35.0,5.825
2016-04-15 16:00:00,83.333,0.0,22.7,39.397,21.79,37.982,24.061,36.714,22.5,38.381,20.79,44.093,17.263,4.352,22.082,32.502,23.142,40.3,20.902,42.774,15.52,746.892,51.528,8.861,29.667,5.536
2016-04-15 17:00:00,80.0,0.0,22.656,39.874,21.738,38.577,24.122,37.343,22.492,38.863,20.94,43.874,16.573,8.753,22.0,32.946,23.406,40.88,20.908,42.38,15.086,746.392,55.195,8.528,33.667,6.103
2016-04-15 18:00:00,210.0,1.667,22.776,44.322,21.628,41.662,24.189,37.997,22.409,39.72,21.139,44.559,14.855,14.449,21.969,33.964,23.57,41.403,20.921,42.42,14.653,745.892,58.861,8.194,37.667,6.669
2016-04-15 19:00:00,123.333,1.667,22.89,44.417,21.41,43.858,24.23,38.742,22.336,40.053,21.652,64.773,13.243,23.69,21.846,34.983,23.747,42.35,20.89,42.541,13.858,745.35,64.75,7.167,40.0,7.292
2016-04-15 20:00:00,110.0,1.667,22.89,43.281,21.176,44.169,24.266,38.924,22.288,40.67,21.786,71.826,11.824,43.974,21.72,36.176,23.745,42.139,20.879,43.05,12.767,744.917,73.75,4.75,35.417,8.117
2016-04-15 21:00:00,103.333,1.667,22.89,43.134,20.987,44.758,24.161,39.14,22.209,40.682,21.358,59.33,10.843,49.578,21.572,36.807,23.622,41.446,20.857,43.229,12.133,744.675,79.417,4.667,33.583,8.658
2016-04-15 22:00:00,81.667,3.333,22.89,42.95,20.836,44.973,24.072,39.186,22.118,40.679,21.21,54.974,10.141,52.63,21.488,36.765,23.528,41.32,20.879,42.651,11.358,744.583,80.417,5.75,40.0,8.142
2016-04-15 23:00:00,56.667,0.0,22.781,42.64,20.564,44.868,23.933,39.371,22.073,40.46,21.111,53.386,10.478,46.992,21.482,36.63,23.6,45.02,20.833,43.456,10.725,744.7,80.583,5.25,40.0,7.542
2016-04-16 00:00:00,53.333,0.0,22.656,41.929,20.293,44.713,23.89,39.406,22.0,40.2,21.061,52.861,10.336,44.348,21.436,36.353,23.491,46.66,20.851,43.99,10.775,744.617,78.75,6.583,40.0,7.225
2016-04-16 01:00:00,55.0,0.0,22.515,41.592,20.078,44.688,23.902,39.434,21.933,40.215,21.0,52.312,10.188,46.257,21.39,36.29,23.323,47.941,20.868,44.231,10.392,744.542,78.667,6.417,40.0,6.783
2016-04-16 02:00:00,50.0,0.0,22.34,41.483,19.934,44.773,24.0,39.53,21.88,40.236,20.933,51.906,9.891,47.512,21.379,36.29,23.265,48.781,20.882,44.454,10.1,744.642,81.417,7.0,40.0,7.025
2016-04-16 03:00:00,56.667,0.0,22.235,41.5,19.775,44.857,24.046,39.705,21.796,40.145,20.89,51.502,9.418,49.11,21.296,36.29,23.189,47.876,20.89,44.673,9.85,744.7,83.25,6.583,40.0,7.117
2016-04-16 04:00:00,48.333,0.0,22.106,41.61,19.667,45.04,24.194,39.808,21.76,40.182,20.834,50.918,9.587,49.896,21.29,36.396,23.089,47.327,20.89,44.874,9.375,744.783,86.25,5.583,35.0,7.125
2016-04-16 05:00:00,53.333,0.0,21.927,41.75,19.578,45.183,24.166,39.888,21.715,40.265,20.79,50.519,9.342,50.729,21.25,36.499,23.011,47.022,20.89,45.03,9.242,744.983,88.417,5.0,27.583,7.425
2016-04-16 06:00:00,53.333,0.0,21.823,41.888,19.506,45.302,24.2,39.875,21.667,40.26,20.79,50.176,8.573,52.257,21.2,36.5,22.939,46.935,20.89,45.144,9.092,745.183,89.417,5.0,26.167,7.433
2016-04-16 07:00:00,65.0,0.0,21.815,42.245,19.68,45.277,24.144,39.842,21.6,40.223,20.78,49.842,8.871,53.538,21.2,36.5,22.859,46.872,20.945,45.441,8.8,745.425,89.583,4.583,24.583,7.158
2016-04-16 08:00:00,103.333,0.0,21.969,42.636,20.339,44.603,23.89,39.063,21.6,40.378,20.77,48.77,10.818,44.424,21.155,36.354,22.79,45.752,21.093,44.846,9.217,745.725,86.5,4.833,24.0,7.1
2016-04-16 09:00:00,141.667,0.0,22.039,41.96,21.301,41.852,23.664,38.496,21.702,40.508,20.79,47.989,13.482,27.035,21.147,36.216,22.78,45.451,21.24,45.851,10.175,745.942,82.167,5.583,24.833,7.267
2016-04-16 10:00:00,291.667,0.0,22.117,41.743,21.241,41.648,23.296,38.227,21.717,40.157,20.771,47.433,10.429,43.096,21.118,36.009,22.693,43.825,21.133,45.073,10.533,746.083,79.333,5.417,26.833,7.042
2016-04-16 11:00:00,293.333,1.667,22.24,43.809,21.651,41.896,24.229,40.242,21.716,40.282,20.79,47.127,11.852,40.533,21.193,35.875,22.946,43.145,21.1,44.272,9.883,746.492,75.75,6.0,33.0,5.775
2016-04-16 12:00:00,108.333,0.0,22.358,43.176,21.953,41.181,25.219,40.403,21.755,39.958,20.846,47.456,12.951,22.519,21.315,34.956,23.293,43.035,21.1,43.588,9.717,746.983,72.333,5.583,40.0,4.942
2016-04-16 13:00:00,233.333,1.667,22.578,43.932,22.197,41.155,24.548,39.128,21.887,40.126,20.89,47.297,14.339,11.764,21.458,33.89,23.559,43.39,21.1,43.081,10.633,747.142,70.0,5.0,40.0,5.292
2016-04-16 14:00:00,241.667,0.0,22.533,45.43,21.841,42.703,25.086,40.986,22.09,39.995,20.89,47.077,12.772,10.534,21.403,33.229,23.689,42.36,21.1,42.051,10.767,747.367,69.167,4.583,34.583,5.242
2016-04-16 15:00:00,113.333,0.0,22.433,45.432,21.507,43.682,25.394,40.384,22.002,38.957,20.89,47.004,10.418,24.532,21.416,32.918,23.801,41.096,21.1,43.955,10.633,747.558,68.0,4.417,32.417,4.933
2016-04-16 16:00:00,441.667,0.0,22.473,49.097,21.28,47.13,25.052,39.904,21.933,38.59,20.89,47.184,9.676,45.419,21.39,33.484,23.91,41.098,21.1,43.53,9.642,747.833,75.917,4.167,40.0,5.483
2016-04-16 17:00:00,251.667,0.0,22.685,53.98,21.26,52.585,24.818,40.836,21.89,38.49,20.963,50.153,10.628,39.927,21.39,33.739,24.139,41.504,21.1,43.073,8.017,748.383,84.917,3.0,40.0,5.642
2016-04-16 18:00:00,136.667,1.667,22.803,48.298,21.111,48.463,24.745,40.804,21.86,39.249,20.963,49.552,10.106,33.338,21.328,33.27,24.225,40.814,21.078,42.06,8.683,748.542,81.583,2.583,35.417,5.658
2016-04-16 19:00:00,113.333,0.0,22.79,45.14,20.745,45.719,24.589,40.291,21.82,39.851,20.902,48.442,8.639,36.724,21.236,33.134,24.357,41.5,20.988,40.336,8.467,748.683,81.833,2.417,33.583,5.475
2016-04-16 20:00:00,101.667,0.0,22.77,44.173,20.405,44.92,24.451,39.767,21.723,39.223,20.89,47.301,7.374,38.134,21.19,32.924,24.5,41.278,20.904,39.648,7.792,748.967,84.25,2.583,34.583,5.3
2016-04-16 21:00:00,95.0,3.333,22.65,42.714,20.11,44.254,24.25,39.264,21.607,38.601,20.829,46.47,5.585,42.652,21.1,32.599,24.486,40.709,20.851,39.246,6.708,749.367,86.833,2.0,27.0,4.633
2016-04-16 22:00:00,63.333,0.0,22.522,41.903,19.702,44.571,24.25,39.238,21.533,38.427,20.79,46.306,4.586,49.548,21.126,33.061,24.74,43.497,20.846,40.802,5.183,749.767,88.417,2.0,32.417,3.408
2016-04-16 23:00:00,55.0,0.0,22.329,41.318,19.327,45.171,24.111,39.08,21.463,38.295,20.75,46.55,3.573,51.168,21.1,33.271,24.491,43.627,20.879,42.041,4.392,750.083,90.667,2.0,40.0,3.042
2016-04-17 00:00:00,51.667,0.0,22.183,40.796,19.008,45.188,24.028,38.902,21.361,38.138,20.72,46.688,2.289,50.257,21.088,33.258,24.18,41.706,20.846,42.94,3.808,750.367,93.0,1.583,40.0,2.808
2016-04-17 01:00:00,55.0,0.0,22.044,40.352,18.708,45.174,23.908,38.755,21.288,38.079,20.689,46.592,1.911,51.291,21.048,33.154,23.81,40.603,20.858,43.645,3.608,750.85,93.417,1.0,40.0,2.65
2016-04-17 02:00:00,48.333,0.0,21.868,40.018,18.486,45.127,23.851,38.573,21.207,37.997,20.65,46.465,1.521,51.405,21.0,33.09,23.537,41.202,20.857,44.358,3.025,751.242,95.25,1.0,50.417,2.292
2016-04-17 03:00:00,58.333,0.0,21.74,39.73,18.272,45.028,23.73,38.41,21.128,37.873,20.6,46.287,0.733,50.662,20.996,33.062,23.303,40.756,20.846,44.749,1.592,751.467,97.0,1.0,63.75,1.133
2016-04-17 04:00:00,48.333,0.0,21.578,39.535,18.067,44.847,23.644,38.23,21.029,37.718,20.589,46.17,0.807,53.038,20.898,32.94,23.1,39.897,20.815,44.95,1.092,751.742,97.833,1.0,54.917,0.775
2016-04-17 05:00:00,51.667,0.0,21.415,39.406,17.861,44.742,23.451,38.099,20.96,37.691,20.515,46.014,1.322,54.55,20.857,32.839,22.858,38.531,20.79,45.27,1.175,751.925,98.583,1.0,53.333,0.933
2016-04-17 06:00:00,50.0,0.0,21.265,39.388,17.79,44.553,23.368,38.007,20.866,37.673,20.5,45.814,2.057,56.178,20.795,32.728,22.633,38.132,20.79,45.29,1.742,752.267,97.583,1.0,47.083,1.4
2016-04-17 07:00:00,63.333,0.0,21.2,39.437,17.928,44.305,23.414,38.151,20.8,37.578,20.476,45.696,2.755,56.983,20.79,32.736,22.474,38.503,20.807,45.308,2.383,752.792,96.167,1.417,23.25,1.817
2016-04-17 08:00:00,140.0,0.0,21.24,40.431,18.952,43.917,23.543,37.91,20.895,37.61,20.439,45.639,5.551,56.951,20.779,32.775,22.34,39.148,21.396,43.463,3.742,753.492,92.5,2.417,31.25,2.608
2016-04-17 09:00:00,103.333,15.0,21.29,40.321,19.915,41.754,23.224,37.491,21.163,38.329,20.5,44.914,7.152,39.863,20.673,32.027,22.272,39.187,21.296,40.91,5.25,754.067,85.25,3.417,40.0,2.983
2016-04-17 10:00:00,445.0,18.333,21.517,43.013,21.108,40.494,23.033,37.184,21.598,38.527,21.516,69.489,7.424,52.557,20.655,31.679,22.21,39.107,21.1,40.882,7.05,754.592,79.167,4.0,40.0,3.683
2016-04-17 11:00:00,116.667,0.0,21.928,49.411,22.202,43.86,23.1,38.528,22.117,38.832,21.213,78.893,8.718,43.184,20.714,31.084,22.383,38.619,21.078,40.284,7.933,755.208,74.667,4.0,40.0,3.708
2016-04-17 12:00:00,143.333,1.667,22.246,44.748,22.022,41.252,23.042,38.732,22.127,38.416,20.946,62.066,9.285,35.701,20.78,30.472,22.761,37.987,21.0,39.03,6.992,755.625,70.833,2.75,40.0,2.058
2016-04-17 13:00:00,71.667,1.667,22.658,41.384,21.928,39.541,23.033,38.22,22.1,37.144,20.812,55.296,10.534,10.321,21.15,29.327,22.868,36.489,21.0,40.352,7.083,755.925,74.5,2.667,40.0,2.8
2016-04-17 14:00:00,70.0,6.667,22.857,38.964,21.797,37.58,22.981,37.45,22.1,35.846,20.76,51.261,11.099,10.864,21.694,28.022,22.806,34.903,21.0,39.995,8.808,756.142,75.083,4.583,40.0,4.567
2016-04-17 15:00:00,95.0,18.333,22.835,37.949,21.45,37.256,22.779,37.18,22.192,36.342,20.7,48.463,9.251,18.797,21.681,28.236,22.968,36.217,20.976,40.02,9.35,756.367,71.0,5.25,40.0,4.308
2016-04-17 16:00:00,168.333,16.667,22.864,39.545,21.166,37.563,22.74,36.839,22.416,36.466,20.715,46.567,9.699,14.571,21.896,28.039,23.262,37.433,21.0,39.79,9.408,756.767,68.5,7.417,40.0,3.808
2016-04-17 17:00:00,238.333,16.667,22.963,40.64,21.122,38.878,22.812,36.997,22.637,36.79,20.934,46.019,9.907,14.568,22.007,28.004,23.497,38.131,21.0,39.748,9.125,757.125,66.25,7.167,40.0,3.075
2016-04-17 18:00:00,121.667,3.333,23.044,44.993,20.973,43.591,22.846,37.264,22.708,36.719,21.083,46.454,8.86,17.286,21.86,28.173,23.656,38.063,20.951,39.641,9.008,757.467,66.75,5.583,40.0,3.058
2016-04-17 19:00:00,123.333,5.0,22.957,41.294,20.607,41.251,22.82,37.485,22.536,36.187,21.067,45.163,7.872,19.28,21.674,28.173,23.73,37.263,20.939,39.394,8.142,757.908,67.5,4.167,40.0,2.383
2016-04-17 20:00:00,90.0,1.667,22.784,39.662,20.229,40.72,22.658,37.727,22.265,35.618,20.927,44.331,5.296,31.86,21.454,28.57,23.672,36.372,20.773,35.907,6.875,758.45,74.75,2.583,40.0,2.625
2016-04-17 21:00:00,78.333,10.0,22.645,39.372,19.842,40.742,22.5,37.969,22.1,35.681,20.79,43.597,3.407,40.674,21.292,29.258,23.617,36.648,20.6,35.018,5.333,759.092,83.75,1.583,40.0,2.758
2016-04-17 22:00:00,53.333,0.0,22.474,38.918,19.456,41.533,22.508,38.09,21.952,35.899,20.766,44.915,2.501,45.802,21.252,30.171,23.508,38.307,20.611,37.094,4.775,759.667,87.333,1.0,40.0,2.783
2016-04-17 23:00:00,56.667,13.333,22.266,38.694,19.064,41.93,22.5,37.977,21.823,35.97,20.683,45.044,1.776,47.924,21.193,30.581,23.28,38.582,20.694,38.827,4.925,759.942,85.417,1.0,40.0,2.608
2016-04-18 00:00:00,56.667,18.333,22.1,38.688,18.717,42.398,22.476,37.738,21.966,36.745,20.6,44.938,1.218,49.15,21.095,30.826,23.077,38.6,20.656,39.054,3.9,760.125,87.25,1.0,40.0,1.908
2016-04-18 01:00:00,66.667,18.333,21.94,38.688,18.45,42.661,22.433,37.745,22.087,36.993,20.547,44.727,0.811,50.317,21.017,30.879,22.813,38.698,20.6,38.693,2.825,760.342,90.667,1.0,40.0,1.375
2016-04-18 02:00:00,53.333,8.333,21.754,38.696,18.219,43.064,22.42,37.536,22.645,37.277,20.476,44.486,0.478,51.087,20.959,30.993,22.65,39.45,20.533,38.778,1.925,760.483,93.833,1.0,33.75,0.992
2016-04-18 03:00:00,46.667,0.0,21.633,38.607,18.048,43.175,22.39,37.323,22.542,36.31,20.39,44.28,0.016,50.575,20.876,30.97,22.445,39.384,20.5,39.308,1.15,760.6,96.25,1.0,24.167,0.617
2016-04-18 04:00:00,46.667,0.0,21.488,38.363,17.84,42.977,22.39,37.148,22.184,35.708,20.357,44.186,-0.084,51.197,20.79,30.89,22.282,38.733,20.5,39.585,0.717,760.642,97.167,1.0,21.75,0.292
2016-04-18 05:00:00,53.333,1.667,21.339,38.339,17.698,43.47,22.346,37.01,21.937,35.777,20.285,44.09,-0.111,52.468,20.732,30.89,22.15,38.264,20.5,39.59,0.517,760.742,96.417,1.417,37.5,0.0
2016-04-18 06:00:00,55.0,1.667,21.28,38.642,17.6,44.031,22.27,36.574,21.751,35.612,20.25,44.496,-0.067,52.393,20.686,30.877,22.035,38.681,20.404,39.478,0.358,760.925,97.417,2.0,61.583,0.0
2016-04-18 07:00:00,50.0,0.0,21.21,38.85,17.74,44.441,22.26,36.454,21.61,35.906,20.2,44.688,0.809,54.508,20.622,30.817,21.902,38.419,20.379,38.606,1.175,761.267,97.583,2.0,61.417,0.792
2016-04-18 08:00:00,53.333,0.0,21.225,38.992,18.573,43.309,22.385,36.412,21.724,36.586,20.189,44.522,4.684,58.164,20.6,31.057,21.812,38.22,21.019,37.207,3.858,761.5,92.0,2.417,52.833,2.608
2016-04-18 09:00:00,50.0,0.0,21.381,39.254,21.573,39.855,22.445,36.48,22.343,37.062,20.144,44.327,8.742,55.562,20.6,31.3,21.738,38.27,21.202,37.521,6.775,761.625,81.25,3.0,40.0,3.725
2016-04-18 10:00:00,51.667,0.0,21.6,39.361,23.652,36.001,22.445,36.761,22.8,36.848,20.144,44.282,11.696,23.078,20.614,31.283,21.7,38.249,20.921,39.417,8.458,761.842,71.833,3.0,35.417,3.567
2016-04-18 11:00:00,81.667,0.0,21.781,38.67,23.827,33.166,22.42,36.536,22.96,35.64,20.189,43.3,13.077,7.45,20.626,29.725,21.666,37.232,20.851,38.962,9.725,761.9,59.333,3.417,33.583,1.975
2016-04-18 12:00:00,48.333,0.0,21.89,37.227,23.52,32.173,22.414,36.139,22.938,34.399,20.189,41.933,13.832,6.305,20.695,28.405,21.635,35.865,20.79,37.849,10.892,761.9,47.917,4.0,40.0,0.15
2016-04-18 13:00:00,53.333,0.0,21.873,36.103,22.92,32.075,22.463,35.751,22.771,33.928,20.167,41.074,14.009,2.833,20.7,28.051,21.6,35.309,20.7,36.76,11.217,761.983,48.75,4.0,40.0,0.717
2016-04-18 14:00:00,40.0,0.0,21.801,35.502,22.442,32.232,22.482,35.27,22.595,33.329,20.147,40.332,13.733,1.011,20.678,27.667,21.556,34.716,20.7,35.82,11.1,762.142,53.583,4.0,40.0,1.875
2016-04-18 15:00:00,55.0,6.667,21.725,35.305,21.941,32.763,22.39,34.95,22.419,33.124,20.1,39.819,13.43,1.106,20.602,27.81,21.5,34.73,20.6,34.958,10.767,762.242,54.25,4.417,40.0,1.7
2016-04-18 16:00:00,70.0,18.333,21.7,35.653,21.561,33.296,22.39,34.796,22.454,33.921,20.111,39.542,13.882,1.498,20.6,28.271,21.424,34.909,20.584,35.07,10.633,762.258,54.75,5.0,40.0,1.7
2016-04-18 17:00:00,263.333,16.667,21.7,36.174,21.228,34.01,22.433,34.933,22.565,34.347,20.199,39.351,13.401,1.192,20.614,28.374,21.69,35.528,20.544,35.563,11.267,762.158,53.417,5.0,40.0,1.95
2016-04-18 18:00:00,131.667,3.333,21.868,43.072,21.072,39.009,22.544,35.639,22.641,34.981,20.34,40.361,12.473,1.133,20.628,28.103,22.139,35.852,20.5,35.95,11.542,762.142,53.167,5.0,40.0,2.175
2016-04-18 19:00:00,116.667,3.333,21.89,39.474,20.772,37.405,22.521,36.42,22.6,35.346,20.87,57.316,10.637,2.052,20.579,27.665,22.378,36.062,20.415,33.176,11.058,762.325,53.667,5.417,40.0,1.958
2016-04-18 20:00:00,125.0,16.667,21.885,38.029,20.339,36.294,22.463,36.084,22.6,34.78,20.834,73.206,8.252,6.48,20.466,27.466,22.644,37.097,20.27,31.606,9.467,762.667,58.917,4.75,40.0,1.733
2016-04-18 21:00:00,61.667,3.333,21.796,37.413,19.918,36.529,22.445,35.782,22.571,34.181,20.57,57.724,6.432,11.059,20.39,27.882,22.79,37.396,20.2,31.819,7.758,763.067,64.25,2.583,40.0,1.292
2016-04-18 22:00:00,41.667,1.667,21.656,37.359,19.542,37.541,22.511,36.031,22.387,34.108,20.45,54.484,5.724,13.563,20.395,28.822,22.79,39.745,20.2,34.259,6.583,763.467,67.667,2.0,40.0,0.958
2016-04-18 23:00:00,51.667,0.0,21.522,37.2,19.17,38.403,22.528,36.275,22.222,34.094,20.301,52.718,5.748,17.203,20.38,29.305,22.605,41.19,20.215,35.784,6.167,763.7,71.667,2.0,40.0,1.4
2016-04-19 00:00:00,53.333,0.0,21.391,37.163,18.88,38.92,22.589,36.416,22.07,34.215,20.2,50.922,6.298,19.586,20.309,29.72,22.392,42.14,20.26,37.214,6.692,763.742,73.167,2.417,40.0,2.225
2016-04-19 01:00:00,38.333,0.0,21.265,37.225,18.725,39.334,22.611,36.53,21.978,34.357,20.128,49.739,6.411,23.242,20.29,30.072,22.29,43.331,20.29,38.424,6.892,763.883,74.083,2.583,40.0,2.567
2016-04-19 02:00:00,53.333,0.0,21.183,37.38,18.625,39.737,22.544,36.663,21.863,34.662,20.067,48.89,6.089,29.389,20.286,30.463,22.26,43.239,20.29,39.199,6.517,764.0,79.083,2.417,40.0,3.133
2016-04-19 03:00:00,51.667,0.0,21.061,37.575,18.488,40.083,22.579,36.76,21.76,34.842,20.006,48.329,4.33,36.292,20.248,30.742,22.156,42.849,20.29,39.708,5.608,764.042,85.75,2.583,35.0,3.392
2016-04-19 04:00:00,50.0,0.0,20.979,37.694,18.313,40.44,22.594,36.869,21.671,35.053,19.902,47.841,4.578,43.208,20.206,30.978,22.044,42.619,20.29,40.105,4.625,764.142,92.25,2.0,26.333,3.433
2016-04-19 05:00:00,111.667,1.667,20.89,38.33,18.15,41.614,22.38,36.639,21.577,35.251,19.89,47.476,5.112,46.695,20.2,31.261,22.0,42.786,20.27,40.43,5.008,764.242,94.0,2.0,24.0,4.108
2016-04-19 06:00:00,78.333,6.667,20.89,39.007,18.117,42.836,22.117,36.529,21.508,35.77,19.89,47.844,5.74,48.518,20.178,31.563,21.927,42.496,20.235,40.408,5.425,764.3,94.417,2.0,22.75,4.567
2016-04-19 07:00:00,133.333,1.667,20.951,39.29,18.272,43.373,21.988,36.686,21.5,36.362,19.82,47.831,7.117,49.265,20.166,31.866,21.79,41.478,20.189,39.731,5.808,764.508,95.0,1.583,20.583,5.008
2016-04-19 08:00:00,48.333,1.667,21.006,39.433,18.911,42.745,21.89,36.839,21.5,36.569,19.79,47.44,9.815,42.275,20.183,32.19,21.672,41.057,20.209,39.299,6.6,764.842,93.75,1.417,20.833,5.592
2016-04-19 09:00:00,53.333,3.333,21.15,39.59,20.339,40.662,21.939,36.956,21.56,36.88,19.79,46.926,12.98,23.748,20.208,32.541,21.567,40.814,20.28,38.967,8.008,765.025,89.083,2.0,22.833,6.25
2016-04-19 10:00:00,38.333,1.667,21.26,39.657,21.464,39.029,22.0,37.055,21.702,37.158,19.801,46.515,14.182,13.237,20.302,32.883,21.476,40.77,20.29,39.025,9.542,765.283,82.083,1.583,26.083,6.6
2016-04-19 11:00:00,51.667,1.667,21.45,39.654,22.437,37.232,22.006,37.162,21.963,37.198,19.868,46.339,15.07,3.948,20.427,32.707,21.427,40.508,20.29,39.241,11.008,765.483,72.167,1.0,33.583,6.058
2016-04-19 12:00:00,51.667,1.667,21.6,39.239,22.476,36.662,22.106,37.184,22.0,37.083,19.89,46.119,15.328,2.673,20.527,32.385,21.362,40.133,20.29,39.32,12.0,765.642,62.333,1.0,40.0,4.967
2016-04-19 13:00:00,45.0,1.667,21.72,39.084,22.346,36.428,22.192,37.04,22.0,37.163,19.89,45.831,14.974,2.041,20.692,32.139,21.29,39.932,20.29,38.94,12.25,765.7,59.583,1.417,48.75,4.583
2016-04-19 14:00:00,48.333,1.667,21.818,38.823,22.228,36.345,22.2,36.875,22.0,37.078,19.902,45.474,15.34,1.0,20.84,31.669,21.245,39.524,20.29,38.588,12.808,765.658,56.917,2.417,52.25,4.408
2016-04-19 15:00:00,50.0,3.333,21.89,38.669,22.1,36.324,22.25,36.841,22.0,37.0,19.933,45.09,15.497,1.0,20.971,31.383,21.2,39.03,20.24,38.107,13.183,765.6,54.833,3.0,40.0,4.25
2016-04-19 16:00:00,51.667,0.0,22.037,38.68,22.011,36.23,22.329,36.79,22.02,37.001,20.029,44.905,14.574,1.0,21.195,31.234,21.189,38.841,20.24,37.829,12.967,765.6,56.0,3.833,40.0,4.308
2016-04-19 17:00:00,248.333,0.0,22.2,38.809,21.804,36.093,22.351,36.771,22.098,36.801,20.362,48.184,14.004,1.0,21.424,30.462,21.352,39.051,20.216,37.104,12.625,765.6,54.333,4.583,40.0,3.567
2016-04-19 18:00:00,128.333,0.0,22.336,43.474,21.453,38.499,22.41,36.778,22.1,36.723,21.43,79.687,13.051,1.056,21.357,29.402,21.787,39.406,20.2,35.912,12.592,765.642,51.167,4.0,40.0,2.683
2016-04-19 19:00:00,115.0,16.667,22.346,40.93,21.097,38.381,22.379,37.055,22.164,36.976,21.096,75.715,11.495,4.718,21.176,29.052,22.1,39.272,20.089,34.704,11.758,765.783,54.167,4.0,40.0,2.642
2016-04-19 20:00:00,86.667,8.333,22.23,39.909,20.623,37.746,22.25,37.05,22.295,36.592,20.676,63.235,9.108,12.551,20.987,29.322,22.235,38.607,19.951,33.896,9.917,766.067,64.583,3.583,40.0,3.358
2016-04-19 21:00:00,60.0,3.333,22.129,39.812,20.211,38.153,22.111,37.203,22.155,35.798,20.474,55.859,7.931,21.745,20.803,29.787,22.29,39.681,19.812,34.428,7.775,766.467,74.333,3.0,40.0,3.383
2016-04-19 22:00:00,51.667,0.0,21.975,38.666,19.817,39.063,22.089,37.319,21.991,35.669,20.39,53.174,6.951,32.179,20.773,30.586,22.207,41.307,19.914,36.896,7.067,766.867,79.0,3.417,40.0,3.667
2016-04-19 23:00:00,40.0,1.667,21.824,38.57,19.439,39.838,22.061,37.33,21.862,35.674,20.296,51.828,5.968,37.476,20.69,31.092,22.1,43.339,19.988,38.2,6.758,767.225,80.667,3.583,40.0,3.65
2016-04-20 00:00:00,55.0,0.0,21.678,38.648,19.094,40.425,22.159,37.442,21.745,35.59,20.21,50.662,5.074,41.176,20.609,31.283,22.074,43.909,19.988,39.176,5.542,767.442,85.083,3.0,40.0,3.217
2016-04-20 01:00:00,50.0,0.0,21.533,38.52,18.804,40.908,22.298,37.645,21.632,35.484,20.111,49.83,4.41,42.676,20.554,31.406,22.0,43.498,19.988,39.83,4.983,767.5,85.917,3.417,40.0,2.85
2016-04-20 02:00:00,45.0,0.0,21.403,38.316,18.578,41.125,22.414,37.74,21.55,35.4,20.083,49.159,3.57,44.27,20.481,31.465,21.92,43.437,20.0,40.371,4.683,767.417,85.083,3.583,40.0,2.375
2016-04-20 03:00:00,48.333,0.0,21.265,38.18,18.37,41.224,22.346,37.829,21.478,35.301,20.011,48.544,2.581,45.659,20.39,31.376,21.885,43.1,20.0,40.972,3.892,767.3,88.0,3.0,35.417,2.033
2016-04-20 04:00:00,51.667,0.0,21.183,38.0,18.144,41.374,22.39,37.9,21.38,35.2,19.933,48.013,1.977,47.106,20.341,31.304,21.78,42.77,20.0,41.183,3.517,767.3,88.0,3.0,28.583,1.675
2016-04-20 05:00:00,50.0,1.667,21.1,38.213,17.951,42.031,22.31,37.465,21.284,35.134,19.914,47.612,1.154,47.341,20.29,31.29,21.72,42.794,20.0,41.315,3.233,767.383,88.0,2.167,28.0,1.375
2016-04-20 06:00:00,66.667,1.667,21.039,38.146,17.834,42.499,22.006,36.52,21.223,35.021,19.879,46.83,1.088,49.583,20.25,31.168,21.667,42.672,19.933,40.749,2.542,767.667,90.083,1.0,27.583,1.033
2016-04-20 07:00:00,56.667,0.0,20.964,37.888,17.973,41.569,21.92,36.434,21.186,35.119,19.859,45.417,2.706,53.496,20.136,30.509,21.493,40.522,19.89,38.824,2.567,768.025,92.167,1.417,25.75,1.342
2016-04-20 08:00:00,53.333,1.667,20.927,37.698,19.137,39.861,22.077,35.829,21.32,35.16,19.85,42.107,6.755,45.992,20.054,30.544,21.329,39.179,20.187,36.525,4.667,768.158,87.25,2.833,24.0,2.642
2016-04-20 09:00:00,63.333,0.0,21.111,39.074,22.318,37.181,22.022,35.998,21.952,35.323,19.7,42.47,9.93,20.947,20.034,30.624,21.235,38.58,20.35,36.94,7.3,767.975,77.833,4.417,30.667,3.567
2016-04-20 10:00:00,65.0,3.333,21.392,40.376,24.046,34.2,22.056,37.162,22.431,35.824,19.689,43.319,11.457,8.563,20.078,30.318,21.18,37.978,20.29,38.596,9.075,767.8,69.083,5.417,40.0,3.592
2016-04-20 11:00:00,45.0,0.0,21.611,38.672,24.197,32.63,22.167,37.356,22.627,35.734,19.689,42.936,12.249,4.374,20.175,29.888,21.111,37.507,20.27,38.276,10.142,767.675,61.25,6.0,35.0,2.925
2016-04-20 12:00:00,46.667,0.0,21.856,37.064,23.84,31.829,22.106,37.136,22.784,34.708,19.689,42.324,13.131,1.721,20.516,29.183,21.264,36.821,20.248,37.55,11.442,767.375,56.0,6.0,27.167,2.942
2016-04-20 13:00:00,53.333,0.0,22.229,35.841,23.428,31.399,22.198,36.671,22.79,33.884,19.689,41.731,14.137,1.0,21.1,27.843,21.73,35.294,20.255,36.639,12.658,767.117,53.083,6.0,27.25,3.283
2016-04-20 14:00:00,173.333,0.0,22.554,33.916,23.07,30.738,22.297,35.87,22.79,33.329,19.75,41.597,14.85,1.0,21.742,26.619,22.379,34.792,20.29,35.921,13.717,766.75,44.0,6.0,28.167,1.492
2016-04-20 15:00:00,78.333,0.0,22.814,32.786,22.835,30.223,22.379,35.673,22.835,32.943,19.829,39.832,15.497,1.0,22.315,26.393,22.494,33.979,20.29,35.358,14.592,766.233,38.25,6.417,32.417,0.467
2016-04-20 16:00:00,71.667,0.0,22.89,30.935,22.512,28.718,22.368,35.586,22.757,30.838,19.933,38.06,16.008,1.0,22.674,26.59,22.351,33.168,20.25,34.898,15.167,765.792,36.25,7.0,40.0,0.025
2016-04-20 17:00:00,180.0,13.333,22.76,28.269,22.01,26.186,22.427,34.796,22.455,28.716,20.218,35.925,16.076,1.0,22.721,26.924,22.245,32.751,20.22,34.483,15.442,765.333,31.417,6.583,40.0,-1.65
2016-04-20 18:00:00,285.0,10.0,22.76,31.498,21.892,28.594,23.416,37.241,22.725,31.104,20.402,36.064,15.32,1.0,22.533,26.257,22.24,33.284,20.2,34.246,15.208,764.975,33.667,6.0,40.0,-0.8
2016-04-20 19:00:00,120.0,11.667,22.65,32.19,21.676,30.361,24.182,37.241,22.89,31.908,20.569,42.308,13.471,1.0,22.238,26.734,22.599,35.052,20.183,34.539,13.967,764.675,40.583,5.583,40.0,0.608
2016-04-20 20:00:00,108.333,15.0,22.544,33.207,21.321,32.105,23.623,35.783,22.913,32.6,21.408,74.719,10.777,1.819,22.083,28.557,22.802,36.871,20.133,35.2,11.508,764.5,51.583,4.583,40.0,1.642
2016-04-20 21:00:00,73.333,10.0,22.488,33.684,20.929,33.119,23.208,35.827,22.947,32.845,20.848,60.574,9.295,4.942,21.941,29.421,22.868,37.455,20.1,34.398,9.575,764.583,57.167,4.417,40.0,1.45
2016-04-20 22:00:00,53.333,0.0,22.357,33.974,20.531,34.381,23.044,36.019,22.826,32.846,20.611,55.806,8.593,8.482,21.812,30.802,22.804,38.481,20.1,36.453,9.192,764.617,57.667,5.0,40.0,1.267
2016-04-20 23:00:00,41.667,0.0,22.235,34.327,20.169,35.518,22.88,36.139,22.647,32.964,20.47,53.708,8.166,11.117,21.732,31.915,22.589,39.468,20.1,37.33,8.567,764.5,61.667,4.583,40.0,1.542
2016-04-21 00:00:00,51.667,0.0,22.128,34.596,19.86,36.151,22.71,36.188,22.488,32.978,20.373,51.739,7.107,14.519,21.7,32.86,22.414,40.907,20.166,37.766,7.933,764.5,65.25,4.0,40.0,1.725
2016-04-21 01:00:00,53.333,0.0,22.01,34.725,19.588,36.608,22.715,36.235,22.342,32.988,20.27,50.599,6.497,19.336,21.636,33.136,22.312,41.55,20.189,38.196,7.325,764.333,69.083,4.0,40.0,1.983
2016-04-21 02:00:00,48.333,0.0,21.879,34.944,19.344,37.118,22.891,36.573,22.226,33.071,20.178,49.818,6.119,21.774,21.595,33.392,22.23,41.419,20.2,38.513,6.8,763.892,71.583,4.0,40.0,2.017
2016-04-21 03:00:00,40.0,1.667,21.77,35.052,19.138,37.524,22.979,36.803,22.119,33.156,20.122,49.309,5.583,25.842,21.51,33.712,22.156,41.102,20.2,38.892,6.8,763.517,71.417,4.0,35.417,1.983
2016-04-21 04:00:00,53.333,0.0,21.678,35.23,18.927,37.829,22.89,37.0,22.013,33.206,20.078,48.905,4.461,30.852,21.49,34.014,22.034,41.168,20.2,39.18,6.3,763.4,73.667,3.583,29.0,1.892
2016-04-21 05:00:00,68.333,8.333,21.6,35.978,18.745,38.847,22.804,36.731,21.952,33.397,20.067,46.763,4.4,35.2,21.398,33.981,22.0,41.121,20.2,39.378,4.933,763.358,78.5,2.583,29.0,1.392
2016-04-21 06:00:00,61.667,1.667,21.6,36.828,18.71,40.218,22.622,36.03,22.0,34.023,20.061,46.385,4.753,35.736,21.39,34.156,21.933,41.07,20.189,38.906,4.042,763.258,81.583,2.0,27.75,1.1
2016-04-21 07:00:00,43.333,0.0,21.506,36.933,18.95,39.949,22.594,35.868,21.951,33.953,20.0,46.938,6.463,32.166,21.313,33.282,21.802,40.008,20.117,38.262,4.975,763.075,80.167,2.417,26.0,1.808
2016-04-21 08:00:00,51.667,0.0,21.5,37.002,20.131,38.509,22.683,35.643,22.02,34.401,20.0,46.463,9.468,20.408,21.269,32.663,21.667,39.428,20.293,37.536,7.075,762.817,75.25,3.417,26.833,2.925
2016-04-21 09:00:00,51.667,0.0,21.578,37.359,22.14,35.99,22.73,35.58,22.335,34.762,20.0,45.731,12.601,8.555,21.271,32.358,21.556,39.2,20.351,37.641,9.133,762.658,68.75,4.0,27.583,3.6
2016-04-21 10:00:00,51.667,0.0,21.75,37.706,22.954,34.814,22.749,35.749,22.555,35.09,20.0,45.148,14.403,4.117,21.284,32.173,21.463,39.121,20.29,38.15,11.217,762.642,62.833,4.0,27.417,4.217
2016-04-21 11:00:00,55.0,0.0,21.892,37.841,23.458,34.061,22.71,35.944,22.719,35.315,20.011,44.774,17.418,1.089,21.357,32.047,21.396,39.176,20.29,38.341,13.292,762.617,57.417,4.0,33.0,4.933
2016-04-21 12:00:00,50.0,0.0,22.23,37.509,23.7,33.481,22.801,36.082,22.927,35.209,20.083,44.523,19.117,1.0,21.633,31.561,21.34,39.003,20.29,38.163,15.15,762.333,52.167,4.0,40.0,5.142
2016-04-21 13:00:00,61.667,0.0,22.553,36.168,23.578,32.552,22.89,36.022,23.0,34.584,20.161,43.013,19.54,1.0,22.165,30.359,21.29,38.418,20.29,37.765,16.575,761.767,42.333,4.417,40.0,3.633
2016-04-21 14:00:00,61.667,1.667,22.787,34.42,23.336,31.34,22.945,35.51,22.972,33.09,20.456,39.181,20.187,1.0,22.556,29.228,21.379,37.418,20.275,37.194,17.683,761.133,40.0,5.0,40.0,3.9
2016-04-21 15:00:00,63.333,0.0,23.044,34.983,23.376,31.784,23.022,35.287,22.996,33.163,20.824,38.317,21.177,1.0,22.769,28.528,21.606,37.751,20.235,36.693,18.625,760.65,38.333,4.583,40.0,4.142
2016-04-21 16:00:00,86.667,0.0,23.011,34.862,23.186,32.353,23.05,35.42,22.929,33.692,20.964,38.22,20.719,1.0,22.577,28.658,22.056,38.333,20.215,36.412,18.675,760.133,36.417,4.0,40.0,3.417
2016-04-21 17:00:00,201.667,0.0,23.022,36.097,23.039,33.1,23.156,35.553,22.89,34.07,21.017,38.54,20.087,1.0,22.438,29.652,22.394,38.438,20.2,36.176,18.375,759.858,40.333,4.0,35.417,4.425
2016-04-21 18:00:00,180.0,1.667,23.185,38.345,22.952,35.357,23.24,36.294,22.897,34.356,21.145,40.68,18.992,1.0,22.323,30.07,22.678,38.297,20.2,36.302,17.783,759.717,46.25,4.0,33.583,5.958
2016-04-21 19:00:00,128.333,1.667,23.072,37.359,22.631,35.275,23.21,36.488,22.89,34.431,20.945,41.044,17.318,1.0,22.2,31.636,22.945,38.368,20.2,35.728,16.492,759.558,51.333,4.0,40.0,6.233
2016-04-21 20:00:00,175.0,0.0,22.933,37.157,22.229,35.419,23.071,36.432,22.89,34.124,20.754,41.615,15.928,1.0,22.204,32.826,22.988,39.183,20.139,35.013,14.917,759.542,57.667,3.583,40.0,6.533
2016-04-21 21:00:00,68.333,1.667,22.89,37.086,21.885,35.851,23.028,36.452,22.881,34.283,20.689,42.454,15.13,1.624,22.142,33.448,22.927,40.239,20.106,35.797,14.308,759.683,57.917,3.0,40.0,5.967
2016-04-21 22:00:00,70.0,0.0,22.837,36.97,21.533,36.8,23.117,36.697,22.89,34.579,20.6,42.56,14.335,4.779,22.1,34.852,22.879,42.006,20.156,37.719,14.183,759.967,57.5,3.0,40.0,5.792
2016-04-21 23:00:00,68.333,0.0,22.77,37.117,21.203,37.524,23.268,37.091,22.834,34.776,20.556,42.74,13.552,6.909,22.1,35.56,22.765,43.92,20.2,38.325,13.308,760.117,61.417,3.417,35.0,5.992
2016-04-22 00:00:00,61.667,0.0,22.689,37.24,20.933,38.147,23.414,37.397,22.804,34.92,20.5,42.869,12.441,10.054,22.067,35.983,22.7,45.623,20.21,38.75,12.733,760.125,62.0,2.75,28.0,5.575
2016-04-22 01:00:00,61.667,0.0,22.622,37.363,20.724,38.657,23.39,37.619,22.79,35.03,20.494,42.972,12.091,10.777,22.051,36.371,22.617,45.691,20.25,39.164,11.708,760.3,66.583,1.417,27.583,5.608
2016-04-22 02:00:00,68.333,0.0,22.528,37.4,20.544,38.988,23.408,37.739,22.79,35.09,20.427,43.015,11.496,10.046,22.0,36.283,22.589,44.909,20.29,39.505,10.808,760.258,69.667,2.833,27.833,5.4
2016-04-22 03:00:00,66.667,0.0,22.445,37.31,20.358,39.07,23.5,37.827,22.722,35.014,20.39,43.09,10.844,10.053,22.0,36.259,22.522,44.094,20.29,39.807,10.85,760.117,64.583,4.0,33.583,4.408
2016-04-22 04:00:00,66.667,0.0,22.34,37.188,20.185,39.056,23.5,37.845,22.7,35.0,20.39,43.228,10.286,12.337,21.973,36.294,22.476,43.683,20.323,40.098,10.167,759.917,65.667,4.0,35.417,4.0
2016-04-22 05:00:00,70.0,0.0,22.25,37.151,19.997,39.261,23.5,37.833,22.693,35.031,20.39,43.398,9.184,19.13,21.942,36.639,22.357,43.467,20.362,40.44,9.408,759.717,70.5,4.417,33.583,4.208
2016-04-22 06:00:00,66.667,1.667,22.24,37.896,19.921,39.959,23.297,37.32,22.621,35.119,20.431,43.51,8.654,26.652,21.891,36.176,22.255,42.813,20.39,40.738,8.625,759.6,76.083,4.167,35.417,4.542
2016-04-22 07:00:00,171.667,0.0,22.2,38.052,20.047,39.929,23.011,36.74,22.591,35.162,20.408,43.66,9.433,24.75,21.727,34.231,22.106,41.036,20.39,39.974,8.1,759.725,80.25,3.0,29.0,4.85
2016-04-22 08:00:00,168.333,15.0,22.248,39.172,20.617,39.329,23.032,36.627,22.666,35.186,20.39,43.471,10.891,17.613,21.62,33.149,22.017,39.914,20.427,38.86,8.517,759.9,78.667,3.0,33.583,4.992
2016-04-22 09:00:00,381.667,15.0,22.215,37.97,21.377,36.807,23.896,38.391,22.93,35.146,20.39,43.045,12.568,9.235,21.6,32.433,21.908,39.226,20.445,37.74,9.6,759.9,71.083,3.417,35.417,4.575
2016-04-22 10:00:00,398.333,15.0,22.362,38.644,22.151,36.518,25.014,38.003,23.134,35.147,20.426,42.909,14.186,5.06,21.636,31.974,21.89,38.652,20.439,38.174,10.633,759.858,66.583,4.417,28.583,4.65
2016-04-22 11:00:00,265.0,5.0,22.47,38.392,22.899,35.19,26.073,39.868,23.425,35.154,20.5,42.563,14.327,4.85,21.734,31.857,21.89,38.203,20.457,38.25,10.975,759.8,67.667,5.0,26.333,5.167
2016-04-22 12:00:00,345.0,0.0,22.622,37.873,23.15,34.508,26.462,38.904,23.33,34.824,20.567,42.422,15.04,3.642,21.864,31.657,22.132,38.519,20.5,38.151,11.217,759.592,68.333,5.0,30.667,5.525
2016-04-22 13:00:00,280.0,0.0,22.76,37.698,23.2,34.352,26.773,39.251,23.221,34.636,20.617,42.577,15.7,1.543,22.0,31.276,22.664,38.605,20.6,39.516,12.258,759.133,63.917,5.417,40.0,5.617
2016-04-22 14:00:00,88.333,0.0,22.821,36.656,23.083,33.969,26.976,37.716,23.126,34.303,20.689,42.306,16.844,1.0,22.0,30.507,22.77,37.31,20.644,39.086,13.108,758.733,58.083,6.0,40.0,4.958
2016-04-22 15:00:00,276.667,0.0,22.862,36.384,22.859,33.85,26.262,36.14,23.038,34.196,20.71,41.806,16.124,1.0,21.995,30.47,22.858,37.71,20.606,38.528,13.442,758.333,56.5,6.0,40.0,4.825
2016-04-22 16:00:00,291.667,1.667,22.879,36.61,22.708,34.43,27.128,38.166,22.963,34.407,20.728,41.903,15.461,1.032,21.926,30.584,23.228,38.533,20.628,38.19,13.375,757.892,58.75,6.0,40.0,5.325
2016-04-22 17:00:00,381.667,1.667,22.868,37.217,22.424,35.132,27.056,37.276,22.88,34.476,20.79,42.031,14.629,2.521,21.88,30.588,23.358,38.651,20.6,37.737,13.117,757.475,57.0,5.583,40.0,4.717
2016-04-22 18:00:00,193.333,0.0,23.131,43.399,22.094,39.034,27.457,38.223,22.832,34.899,20.78,43.06,13.731,4.85,21.808,30.633,23.556,38.862,20.6,37.741,12.917,757.3,57.417,4.583,40.0,4.642
2016-04-22 19:00:00,105.0,0.0,23.2,40.628,21.756,38.863,26.5,35.967,22.748,35.152,20.79,43.982,12.773,8.484,21.734,30.924,23.805,40.41,20.522,36.261,12.592,757.092,59.25,4.417,40.0,4.783
2016-04-22 20:00:00,105.0,0.0,23.122,39.219,21.41,38.288,25.607,35.22,22.681,35.348,20.79,43.966,11.891,11.526,21.638,31.23,23.902,40.167,20.379,35.509,11.967,756.717,63.083,4.583,40.0,5.025
2016-04-22 21:00:00,71.667,1.667,23.072,38.793,21.167,38.771,25.207,35.273,22.607,35.314,21.682,76.046,11.174,15.952,21.593,31.522,23.97,40.435,20.29,35.538,11.167,756.725,68.083,4.417,40.0,5.325
2016-04-22 22:00:00,55.0,0.0,22.846,39.266,20.872,39.107,25.011,35.754,22.527,35.282,21.224,70.154,10.284,20.416,21.6,32.031,23.933,42.761,20.351,37.392,10.408,756.9,71.833,5.0,35.417,5.458
2016-04-22 23:00:00,55.0,0.0,22.677,39.174,20.589,39.396,24.88,36.045,22.468,35.19,21.067,60.902,9.53,24.688,21.555,32.294,23.743,44.118,20.445,38.528,9.708,756.942,72.167,5.0,33.583,4.942
2016-04-23 00:00:00,56.667,0.0,22.561,39.042,20.298,39.881,24.882,36.308,22.388,35.266,20.988,56.184,7.898,45.208,21.505,32.49,23.556,45.704,20.488,39.332,8.675,757.0,77.667,5.0,34.583,4.925
2016-04-23 01:00:00,50.0,0.0,22.488,39.127,20.037,40.539,24.97,36.736,22.31,35.533,20.89,54.584,7.199,54.11,21.5,32.728,23.439,46.317,20.5,40.007,7.592,756.958,87.833,4.583,27.417,5.717
2016-04-23 02:00:00,56.667,0.0,22.402,39.102,19.835,41.038,24.89,37.104,22.275,35.626,20.822,53.351,7.024,53.758,21.46,32.873,23.276,46.232,20.522,40.552,7.217,756.775,87.333,4.0,33.0,5.267
2016-04-23 03:00:00,51.667,0.0,22.279,39.013,19.658,41.238,24.868,37.25,22.2,35.448,20.775,52.456,6.927,50.15,21.422,32.782,23.2,45.558,20.578,40.935,7.017,756.6,84.167,4.417,40.0,4.508
2016-04-23 04:00:00,55.0,0.0,22.2,38.694,19.487,41.314,24.79,37.27,22.138,35.4,20.72,51.734,6.577,50.066,21.39,32.7,23.1,44.907,20.6,41.145,6.65,756.517,85.083,4.583,40.0,4.225
2016-04-23 05:00:00,50.0,0.0,22.106,38.54,19.335,41.4,24.74,37.377,22.056,35.307,20.689,51.018,6.367,48.517,21.347,32.624,22.972,44.271,20.6,41.302,6.175,756.317,88.0,3.583,40.0,4.317
2016-04-23 06:00:00,56.667,0.0,22.028,38.286,19.22,41.411,24.639,37.333,22.0,35.29,20.644,50.262,6.374,49.494,21.29,32.59,22.883,44.088,20.6,41.302,5.958,756.2,88.0,3.417,40.0,4.158
2016-04-23 07:00:00,56.667,0.0,21.918,38.185,19.255,41.282,24.6,37.29,21.951,35.26,20.633,49.396,6.453,50.316,21.29,32.506,22.842,44.281,20.6,41.371,5.858,756.283,87.583,4.0,40.0,3.933
2016-04-23 08:00:00,61.667,0.0,22.021,39.038,19.906,41.179,24.342,36.329,21.938,35.327,20.636,47.74,7.624,38.099,21.207,31.648,22.871,44.156,20.676,40.721,6.008,756.483,84.917,4.0,40.0,3.617
2016-04-23 09:00:00,201.667,0.0,22.078,38.578,21.827,37.658,24.132,35.508,22.234,36.096,20.667,45.437,8.712,26.381,21.2,30.527,22.89,42.052,20.791,39.688,6.592,756.6,78.25,4.417,40.0,3.042
2016-04-23 10:00:00,121.667,0.0,22.156,38.071,22.209,36.263,23.927,35.476,22.408,35.542,20.7,44.579,9.852,17.55,21.2,29.695,23.096,39.819,20.79,40.261,7.5,756.6,70.5,5.417,40.0,2.358
2016-04-23 11:00:00,321.667,1.667,22.303,38.027,22.314,35.374,24.004,35.396,22.465,34.918,20.689,43.983,10.64,11.083,21.206,29.12,23.349,38.66,20.79,39.533,8.325,756.767,64.917,5.583,40.0,2.008
2016-04-23 12:00:00,195.0,0.0,22.433,38.41,22.291,35.47,25.394,36.606,22.5,34.722,20.71,43.512,10.905,7.414,21.308,28.696,23.56,37.917,20.79,38.847,8.5,757.0,61.167,5.0,40.0,1.392
2016-04-23 13:00:00,130.0,1.667,22.522,37.617,22.013,35.127,25.236,35.74,22.511,34.686,20.7,43.218,10.786,5.589,21.427,28.977,23.721,37.328,20.782,38.005,8.875,757.0,57.5,4.583,40.0,0.808
2016-04-23 14:00:00,110.0,1.667,22.781,38.418,21.885,35.999,24.674,34.832,22.572,34.014,20.79,42.651,11.006,3.364,21.729,29.396,23.886,36.912,20.78,38.473,9.9,757.0,51.083,4.833,40.0,0.15
2016-04-23 15:00:00,91.667,0.0,22.915,37.34,21.735,35.394,24.28,34.512,22.51,33.51,20.79,42.543,10.671,1.391,21.959,29.326,23.995,36.344,20.77,38.373,9.933,757.125,49.5,6.0,40.0,-0.2
2016-04-23 16:00:00,70.0,1.667,23.011,35.92,21.542,34.371,23.997,33.939,22.563,33.033,20.807,41.586,10.052,1.0,22.192,27.376,23.908,34.668,20.76,38.398,8.917,757.3,52.167,6.833,40.0,-0.45
2016-04-23 17:00:00,75.0,1.667,23.0,34.993,21.26,33.564,23.72,33.228,22.5,32.653,21.047,40.375,9.294,1.0,22.181,26.046,23.807,33.18,20.76,38.293,8.467,757.425,50.167,7.583,40.0,-1.383
2016-04-23 18:00:00,275.0,1.667,22.993,36.299,21.01,34.78,23.6,32.858,22.495,32.308,21.21,39.416,8.396,1.588,22.064,25.224,23.761,32.418,20.745,36.919,8.208,757.683,48.167,7.833,40.0,-2.242
2016-04-23 19:00:00,116.667,1.667,23.072,38.963,20.848,39.091,23.628,33.595,22.421,32.492,21.599,59.397,7.432,4.604,21.877,25.258,23.846,33.35,20.71,34.505,7.583,757.967,53.25,7.75,40.0,-1.55
2016-04-23 20:00:00,115.0,0.0,22.951,37.115,20.474,37.756,23.628,33.776,22.309,32.101,21.607,61.651,5.452,11.239,21.679,25.722,24.009,34.019,20.606,33.463,5.758,758.325,64.5,5.167,40.0,-0.5
2016-04-23 21:00:00,78.333,1.667,22.792,36.44,20.142,37.853,23.611,33.854,22.213,31.842,21.312,53.747,4.138,17.859,21.6,26.927,24.198,35.021,20.544,33.473,4.75,758.75,68.833,4.0,40.0,-0.583
2016-04-23 22:00:00,63.333,1.667,22.578,36.306,19.766,38.118,23.6,34.356,22.114,31.879,21.194,51.859,2.817,27.719,21.623,28.693,24.29,36.826,20.578,35.03,3.692,759.1,73.75,3.167,40.0,-0.7
2016-04-23 23:00:00,60.0,0.0,22.433,35.803,19.376,38.473,23.567,34.728,22.012,31.993,21.072,50.33,1.908,31.906,21.61,30.039,24.042,39.495,20.571,36.19,2.408,759.1,81.083,2.0,40.0,-0.617
2016-04-24 00:00:00,55.0,0.0,22.245,35.412,19.042,38.53,23.38,34.706,21.947,32.094,20.988,49.367,0.549,35.059,21.644,31.397,23.803,41.235,20.544,37.206,2.083,759.1,83.583,2.0,40.0,-0.458
2016-04-24 01:00:00,55.0,0.0,22.122,35.209,18.761,38.693,23.27,34.668,21.867,32.185,20.885,48.709,1.17,39.918,21.655,31.965,23.65,42.45,20.544,37.976,2.075,759.017,84.667,2.417,40.0,-0.275
2016-04-24 02:00:00,50.0,0.0,21.945,35.145,18.523,38.959,23.155,34.632,21.804,32.266,20.79,48.149,1.524,43.746,21.656,32.52,23.488,42.774,20.511,38.555,1.942,758.858,87.0,2.583,40.0,-0.017
2016-04-24 03:00:00,55.0,0.0,21.812,35.188,18.373,39.025,23.187,34.837,21.715,32.412,20.72,47.786,1.603,46.704,21.618,32.845,23.39,42.277,20.5,38.979,2.0,758.675,89.083,2.0,40.0,0.392
2016-04-24 04:00:00,60.0,0.0,21.71,35.339,18.285,39.192,23.319,35.206,21.65,32.488,20.692,47.43,1.952,49.44,21.6,33.082,23.282,41.338,20.5,39.38,2.083,758.417,92.0,1.583,40.0,0.883
2016-04-24 05:00:00,53.333,0.0,21.567,35.388,18.2,39.262,23.39,35.509,21.594,32.538,20.606,46.996,2.386,50.386,21.6,33.437,23.139,40.92,20.5,39.59,2.533,758.217,92.0,1.417,32.917,1.333
2016-04-24 06:00:00,53.333,0.0,21.5,35.573,18.2,39.363,23.414,35.708,21.514,32.745,20.572,46.645,3.146,51.335,21.6,33.585,23.004,40.616,20.5,39.602,2.875,758.017,93.25,1.583,30.083,1.842
2016-04-24 07:00:00,68.333,1.667,21.5,36.506,18.286,40.241,23.142,34.71,21.5,33.314,20.5,45.708,4.229,50.249,21.467,32.955,22.892,39.793,20.488,39.228,2.992,757.9,93.333,1.417,40.0,1.942
2016-04-24 08:00:00,85.0,6.667,21.5,36.535,18.636,39.702,22.874,34.514,21.578,33.885,20.476,44.36,4.739,45.728,21.39,32.604,22.79,38.767,20.414,37.221,3.65,757.983,89.75,2.833,34.167,2.083
2016-04-24 09:00:00,185.0,8.333,21.454,36.513,18.782,39.002,22.991,34.414,21.776,34.239,20.774,61.55,5.107,49.915,21.426,32.48,22.79,38.74,20.433,36.724,4.375,758.017,85.917,4.0,27.25,2.2
2016-04-24 10:00:00,91.667,0.0,21.39,36.751,19.116,38.73,22.77,34.502,21.775,33.884,20.622,53.129,5.682,44.143,21.535,32.005,22.962,38.131,20.433,37.025,4.942,757.9,81.75,4.0,29.0,2.033
2016-04-24 11:00:00,160.0,1.667,21.39,36.25,19.386,38.633,22.772,34.236,21.719,33.822,20.55,49.836,5.78,51.388,21.535,31.831,23.1,37.574,20.436,36.624,4.875,757.983,84.167,4.0,33.583,2.342
2016-04-24 12:00:00,68.333,1.667,21.525,36.528,19.804,38.397,22.78,34.176,21.7,34.08,20.511,48.536,7.239,34.322,21.578,31.471,23.161,37.26,20.476,36.676,5.283,757.933,85.0,4.0,40.0,2.85
2016-04-24 13:00:00,58.333,0.0,21.628,36.467,19.792,38.363,22.73,34.2,21.642,34.17,20.5,47.49,5.345,54.541,21.603,31.29,23.225,36.944,20.476,36.649,4.892,757.7,83.833,2.75,40.0,2.292
2016-04-24 14:00:00,61.667,1.667,21.77,36.45,20.032,38.145,22.672,34.228,21.677,34.38,20.5,46.595,7.429,29.714,21.736,31.085,23.374,36.524,20.488,36.899,4.825,757.533,83.25,2.667,40.0,2.042
2016-04-24 15:00:00,70.0,1.667,21.945,36.328,20.122,37.592,22.65,34.235,21.7,34.426,20.463,45.829,7.442,23.152,21.957,30.541,23.629,36.138,20.5,37.045,6.892,757.3,68.917,5.833,40.0,1.475
2016-04-24 16:00:00,76.667,0.0,22.056,36.23,20.061,37.489,22.7,34.398,21.664,34.288,20.451,45.221,5.759,42.739,22.076,30.095,23.71,35.951,20.522,37.045,6.183,757.342,71.417,6.583,40.0,1.267
2016-04-24 17:00:00,108.333,0.0,22.133,35.964,20.067,37.024,22.667,34.393,21.662,34.448,20.63,43.708,6.69,31.936,22.1,29.461,23.974,36.428,20.5,36.521,6.308,757.358,73.583,6.0,40.0,1.783
2016-04-24 18:00:00,108.333,0.0,22.178,36.009,19.992,37.02,22.556,33.94,21.73,34.038,20.756,42.357,7.2,24.361,22.062,29.047,24.26,36.341,20.488,35.089,7.383,757.425,65.167,5.583,40.0,1.158
2016-04-24 19:00:00,96.667,0.0,22.111,35.798,19.781,37.242,22.476,33.861,21.61,33.169,20.683,41.525,5.636,26.199,21.986,29.46,24.312,35.987,20.357,33.662,6.583,757.683,67.333,5.0,40.0,0.892
2016-04-24 20:00:00,108.333,3.333,22.039,35.597,19.451,37.362,22.402,33.999,21.44,32.425,20.592,41.02,4.249,32.461,21.894,29.66,24.362,35.719,20.27,32.852,4.8,757.883,76.167,4.167,40.0,0.85
2016-04-24 21:00:00,90.0,0.0,21.879,35.398,19.152,37.533,22.408,33.992,21.317,32.27,20.5,40.752,3.216,41.419,21.832,30.275,24.368,36.001,20.19,32.54,3.725,758.125,82.417,3.0,40.0,0.95
2016-04-24 22:00:00,73.333,1.667,21.714,35.379,18.843,37.924,22.561,34.267,21.219,32.349,20.402,41.296,2.081,45.526,21.794,31.532,24.451,37.121,20.2,34.541,2.783,758.258,86.333,3.0,40.0,0.683
2016-04-24 23:00:00,71.667,0.0,21.567,35.22,18.549,38.436,22.578,34.526,21.136,32.494,20.368,42.029,1.747,49.703,21.79,32.706,24.589,37.875,20.2,35.784,2.117,758.158,90.583,2.167,40.0,0.675
2016-04-25 00:00:00,71.667,0.0,21.439,35.22,18.288,38.877,22.622,34.774,21.057,32.646,20.29,42.539,2.296,51.69,21.781,33.378,24.578,38.782,20.2,36.757,1.917,758.058,91.25,1.417,40.0,0.625
2016-04-25 01:00:00,68.333,0.0,21.312,35.223,18.133,39.062,22.7,34.978,20.987,32.818,20.255,42.84,1.994,51.466,21.743,33.661,24.494,40.254,20.2,37.739,1.508,757.875,94.25,2.0,33.75,0.675
2016-04-25 02:00:00,61.667,0.0,21.2,35.25,17.962,39.196,22.7,35.09,20.89,33.011,20.2,43.0,1.611,51.908,21.707,33.843,24.379,41.274,20.2,38.307,1.142,757.533,96.0,2.417,23.75,0.542
2016-04-25 03:00:00,63.333,0.0,21.072,35.302,17.807,39.313,22.621,35.064,20.803,33.055,20.166,43.17,1.671,53.211,21.7,34.14,24.307,41.363,20.2,38.643,1.2,757.133,96.417,2.583,22.417,0.642
2016-04-25 04:00:00,65.0,0.0,20.982,35.374,17.694,39.538,22.6,35.12,20.715,33.26,20.1,43.302,2.267,54.863,21.7,34.363,24.264,41.146,20.2,38.95,1.45,756.692,96.583,2.0,22.167,0.908
2016-04-25 05:00:00,75.0,1.667,20.939,36.187,17.633,40.519,22.479,35.001,20.657,33.53,20.056,43.411,2.657,55.314,21.648,34.348,24.2,40.718,20.2,39.062,2.133,756.192,95.583,2.417,21.0,1.45
2016-04-25 06:00:00,55.0,1.667,21.0,37.008,17.629,41.902,22.204,34.693,20.593,33.874,20.0,43.912,3.148,55.757,21.622,34.533,24.042,40.497,20.161,38.731,2.642,755.733,94.583,3.0,21.0,1.8
2016-04-25 07:00:00,58.333,10.0,21.0,37.042,17.828,41.562,22.189,34.58,20.576,33.909,20.0,43.963,4.397,56.464,21.488,33.283,23.74,39.641,20.1,37.868,3.033,755.333,93.167,2.583,22.25,2.008
2016-04-25 08:00:00,65.0,15.0,20.89,36.59,18.044,40.284,22.122,34.476,20.691,34.501,19.994,42.723,6.352,54.074,21.274,31.81,23.413,38.028,20.0,36.452,3.917,754.892,90.333,2.833,25.25,2.425
2016-04-25 09:00:00,58.333,11.667,20.818,36.45,18.2,39.804,22.075,34.316,20.871,34.988,19.902,41.548,7.32,51.613,21.178,31.522,23.175,37.317,19.939,35.752,4.917,754.35,87.583,4.0,26.167,2.975
2016-04-25 10:00:00,61.667,15.0,20.755,36.723,18.346,39.992,21.933,34.359,20.961,35.405,19.89,41.019,8.359,53.29,21.1,31.892,22.963,37.268,19.88,35.786,5.5,753.792,89.083,3.583,23.333,3.833
2016-04-25 11:00:00,63.333,8.333,20.778,37.186,18.675,39.926,21.982,34.535,21.091,35.744,19.902,40.888,10.062,47.069,21.036,32.191,22.786,37.365,19.874,35.944,6.042,753.208,91.583,3.417,21.0,4.758
2016-04-25 12:00:00,66.667,15.0,20.79,37.7,19.061,39.597,22.0,34.729,21.153,36.009,19.902,40.79,10.893,41.819,21.0,32.274,22.7,37.339,19.801,35.874,7.508,752.425,86.0,4.417,28.917,5.275
2016-04-25 13:00:00,51.667,13.333,20.79,37.934,19.25,39.317,21.963,34.862,21.275,36.537,19.902,40.79,10.309,40.591,21.0,32.443,22.556,37.351,19.79,35.994,8.667,751.525,79.833,5.0,35.417,5.35
2016-04-25 14:00:00,65.0,11.667,20.79,38.235,19.144,39.582,21.89,35.082,21.29,36.391,19.89,40.802,7.763,58.986,20.95,32.504,22.427,37.363,19.79,35.999,8.317,750.833,83.917,5.417,33.583,5.658
2016-04-25 15:00:00,65.0,0.0,20.79,38.308,19.1,39.841,21.879,35.331,21.224,36.356,19.89,40.857,8.588,59.809,20.89,32.942,22.302,37.592,19.71,36.296,7.208,750.35,90.5,5.167,49.583,5.725
2016-04-25 16:00:00,73.333,0.0,20.775,38.652,18.938,40.358,21.851,35.439,21.102,36.605,19.879,40.922,8.487,59.682,20.826,33.362,22.205,38.001,19.71,36.662,7.342,749.667,92.333,4.833,53.417,6.15
2016-04-25 17:00:00,188.333,13.333,20.74,39.913,18.857,41.55,21.775,35.711,21.043,37.251,19.834,41.149,8.466,58.961,20.79,33.601,22.467,39.573,19.683,36.911,8.058,748.95,91.667,5.167,33.75,6.75
2016-04-25 18:00:00,123.333,11.667,21.15,42.554,19.313,43.568,21.785,36.21,21.1,37.829,19.79,42.24,6.717,57.582,20.736,33.304,22.757,39.831,19.611,36.874,6.958,748.6,93.583,4.833,35.833,5.975
2016-04-25 19:00:00,100.0,0.0,21.864,40.018,20.056,41.726,21.78,36.437,21.073,37.347,20.26,54.88,5.974,56.462,20.686,32.973,23.02,40.251,19.579,36.623,5.833,748.475,93.417,4.333,39.75,4.817
2016-04-25 20:00:00,108.333,13.333,22.23,38.941,20.28,40.596,21.719,36.57,21.045,37.324,20.46,74.608,5.594,55.126,20.607,32.602,23.187,40.729,19.5,36.422,6.008,748.3,92.75,2.417,30.667,4.9
2016-04-25 21:00:00,66.667,13.333,22.172,38.21,20.042,40.319,21.622,36.72,21.19,38.14,20.22,60.745,5.496,54.733,20.609,32.745,23.379,41.069,19.5,36.631,5.517,748.383,89.333,2.583,40.0,3.867
2016-04-25 22:00:00,65.0,13.333,21.95,38.228,19.65,40.518,21.611,36.664,21.279,37.98,20.079,55.134,4.273,54.301,20.623,32.647,23.34,42.418,19.5,37.161,5.275,748.583,89.917,2.833,46.25,3.733
2016-04-25 23:00:00,63.333,13.333,21.75,37.94,19.218,40.125,21.683,36.534,21.34,37.551,19.976,52.619,3.179,53.542,20.6,32.293,23.196,43.148,19.5,37.408,4.392,748.908,92.75,4.0,48.75,3.325
2016-04-26 00:00:00,51.667,10.0,21.564,38.091,18.856,39.852,21.7,36.345,21.39,37.179,19.89,51.196,2.76,53.552,20.6,31.924,23.03,43.497,19.5,37.5,3.15,749.075,91.0,3.167,40.0,1.808
2016-04-26 01:00:00,53.333,1.667,21.37,38.586,18.6,40.03,21.7,36.29,21.271,36.245,19.812,50.25,2.418,54.13,20.537,31.72,22.868,43.873,19.5,37.869,2.758,748.858,91.0,2.417,40.0,1.4
2016-04-26 02:00:00,50.0,0.0,21.23,37.794,18.271,39.989,21.771,36.27,21.102,35.504,19.725,49.49,1.522,54.689,20.496,31.506,22.77,43.386,19.511,38.47,2.575,748.717,91.833,3.0,40.0,1.4
2016-04-26 03:00:00,46.667,0.0,21.067,37.376,18.032,39.978,21.939,36.326,20.924,35.084,19.7,48.828,0.772,55.163,20.406,31.265,22.678,42.673,19.5,39.009,2.025,748.558,93.417,3.0,40.0,1.067
2016-04-26 04:00:00,46.667,0.0,20.933,36.957,17.803,40.045,21.914,36.304,20.777,34.757,19.628,48.126,0.478,55.235,20.373,31.112,22.55,42.141,19.5,39.254,1.333,748.417,94.417,3.417,40.0,0.517
2016-04-26 05:00:00,115.0,0.0,20.796,37.118,17.544,40.652,21.815,36.017,20.661,34.567,19.589,47.454,0.479,55.261,20.29,30.909,22.459,41.696,19.5,39.434,1.308,748.175,92.917,4.0,35.417,0.275
2016-04-26 06:00:00,70.0,1.667,20.79,37.396,17.476,41.516,21.628,35.555,20.55,34.691,19.5,47.009,0.833,55.282,20.29,30.796,22.335,41.346,19.5,39.122,1.642,747.958,90.0,4.417,29.0,0.142
2016-04-26 07:00:00,130.0,0.0,20.721,37.194,17.687,41.164,21.611,35.472,20.445,34.694,19.5,46.673,2.074,55.24,20.235,30.675,22.167,40.232,19.5,38.141,2.033,747.983,88.75,5.0,33.583,0.325
2016-04-26 08:00:00,48.333,0.0,20.72,37.09,19.79,38.572,21.824,35.183,20.514,34.908,19.472,46.202,4.687,55.584,20.2,30.521,22.022,39.397,19.628,36.697,3.125,748.017,83.25,5.833,40.0,0.458
2016-04-26 09:00:00,56.667,0.0,20.846,37.08,21.362,35.893,21.879,35.09,20.813,35.02,19.427,45.629,6.52,58.366,20.21,30.357,21.914,38.852,19.7,35.817,4.625,747.942,76.75,7.0,40.0,0.817
2016-04-26 10:00:00,40.0,0.0,20.869,36.952,20.917,35.884,21.801,35.08,20.846,34.873,19.39,45.046,6.566,49.979,20.225,30.291,21.801,38.462,19.678,35.43,5.667,748.0,75.208,7.417,37.708,1.608
2016-04-26 11:00:00,50.0,0.0,20.921,36.961,21.12,35.57,21.77,35.081,20.88,34.822,19.402,44.571,7.799,39.985,20.29,30.187,21.76,38.317,19.7,35.275,6.067,748.0,75.708,8.417,32.208,2.108
2016-04-26 12:00:00,55.0,0.0,21.0,36.844,21.039,35.293,21.78,35.182,20.89,34.79,19.39,44.149,7.072,41.152,20.29,30.144,21.725,38.113,19.689,35.163,5.8,748.0,78.083,7.333,33.583,2.233
2016-04-26 13:00:00,50.0,0.0,20.976,36.72,20.502,35.795,21.79,35.114,20.818,34.802,19.39,43.987,6.608,49.978,20.29,30.394,21.628,38.014,19.606,35.086,5.058,748.125,80.583,5.0,40.0,1.917
2016-04-26 14:00:00,40.0,0.0,20.902,36.79,19.95,36.599,21.76,35.09,20.745,34.742,19.335,43.784,6.346,48.61,20.29,30.533,21.547,37.928,19.6,35.06,4.625,748.425,80.833,3.75,40.0,1.55
2016-04-26 15:00:00,53.333,0.0,20.868,36.863,19.72,37.266,21.74,35.102,20.667,34.73,19.318,43.524,7.58,47.441,20.27,30.678,21.5,37.944,19.6,35.102,4.6,748.517,78.667,2.833,40.0,1.117
2016-04-26 16:00:00,80.0,0.0,20.86,37.012,19.567,37.562,21.74,35.03,20.6,34.597,19.323,43.328,6.992,42.244,20.29,30.553,21.5,37.918,19.533,35.03,5.175,748.483,74.417,4.833,40.0,0.917
2016-04-26 17:00:00,260.0,0.0,20.914,37.965,19.445,37.965,21.692,34.988,20.567,34.295,19.39,43.067,6.989,36.808,20.245,29.916,21.904,38.286,19.5,34.539,5.958,748.558,67.083,6.0,40.0,0.092
2016-04-26 18:00:00,91.667,0.0,21.35,43.252,19.697,41.197,21.76,36.131,20.457,33.653,19.495,43.679,6.989,26.739,20.128,28.807,22.256,37.637,19.433,33.384,6.925,748.667,57.667,6.417,40.0,-0.9
2016-04-26 19:00:00,121.667,0.0,21.81,38.722,20.179,38.952,21.879,36.039,20.379,33.003,19.774,61.55,5.908,27.67,20.016,27.885,22.573,37.287,19.362,32.618,5.858,749.025,64.167,6.167,40.0,-0.525
2016-04-26 20:00:00,98.333,1.667,22.189,36.827,20.325,37.641,22.022,35.466,20.296,32.833,19.589,54.973,4.683,34.04,19.918,27.688,22.78,36.618,19.265,32.214,4.1,749.408,77.083,5.417,34.167,0.292
2016-04-26 21:00:00,75.0,0.0,22.089,36.184,19.951,37.274,22.0,35.387,20.213,32.941,19.445,51.452,2.912,43.373,19.89,28.496,22.892,37.56,19.331,34.601,1.908,749.7,89.917,4.75,31.833,0.408
2016-04-26 22:00:00,43.333,0.0,21.848,36.307,19.485,37.683,22.0,35.683,20.156,33.173,19.384,49.891,2.254,48.75,19.89,29.109,22.999,39.152,19.39,36.208,1.717,749.658,90.667,3.417,40.0,0.333
2016-04-26 23:00:00,50.0,0.0,21.611,36.035,19.019,37.649,22.0,35.827,20.089,33.327,19.29,48.846,2.062,49.486,19.89,29.375,22.823,40.729,19.39,37.208,3.0,749.642,83.917,4.833,40.0,0.508
2016-04-27 00:00:00,55.0,0.0,21.405,35.867,18.615,37.895,22.092,35.92,19.994,33.302,19.251,48.024,2.152,50.23,19.873,29.533,22.653,40.981,19.39,38.308,2.875,749.7,83.083,5.583,40.0,0.308
2016-04-27 01:00:00,43.333,0.0,21.245,35.61,18.287,38.13,22.1,35.922,19.902,33.345,19.2,47.372,1.802,50.186,19.79,29.517,22.445,41.059,19.39,38.906,2.617,749.7,86.0,5.0,40.0,0.517
2016-04-27 02:00:00,46.667,0.0,21.072,35.467,18.044,38.273,22.028,35.917,19.851,33.357,19.111,46.875,1.763,51.634,19.79,29.589,22.307,41.268,19.39,39.216,2.583,749.742,85.167,5.0,40.0,0.358
2016-04-27 03:00:00,51.667,0.0,20.927,35.4,17.823,38.494,22.0,35.928,19.77,33.382,19.1,46.479,2.541,52.64,19.75,29.656,22.225,40.721,19.39,39.635,2.533,749.842,86.917,4.583,33.75,0.592
2016-04-27 04:00:00,53.333,0.0,20.781,35.4,17.688,38.784,22.033,36.01,19.7,33.54,19.05,46.117,2.73,53.264,19.7,29.78,22.156,40.51,19.39,39.84,2.592,749.983,89.75,4.833,26.25,1.083
2016-04-27 05:00:00,43.333,1.667,20.7,36.063,17.567,39.53,21.898,35.367,19.611,33.639,19.0,45.939,2.464,54.013,19.675,29.911,22.033,40.433,19.39,40.04,2.833,750.142,90.083,5.583,42.583,1.367
2016-04-27 06:00:00,65.0,3.333,20.656,36.47,17.5,40.43,21.6,34.879,19.6,34.423,18.982,45.921,2.874,55.588,19.622,30.033,21.88,40.331,19.373,39.636,2.392,750.325,94.25,4.167,62.167,1.558
2016-04-27 07:00:00,66.667,21.667,20.616,36.955,17.511,40.71,21.6,35.01,20.05,35.537,18.981,46.209,3.617,56.375,19.583,30.229,21.708,39.363,19.285,38.727,2.475,750.542,95.583,3.0,62.667,1.792
2016-04-27 08:00:00,60.0,26.667,20.583,36.628,17.506,39.961,21.52,34.726,20.408,35.263,19.239,47.354,2.786,55.064,19.564,31.585,21.522,38.18,19.149,37.08,3.083,750.767,94.167,3.417,54.583,2.2
2016-04-27 09:00:00,80.0,15.0,20.533,36.596,18.287,39.446,21.379,34.742,20.542,35.454,19.089,44.863,5.77,54.396,19.5,31.849,21.34,37.693,19.115,37.908,3.742,751.167,92.167,4.0,33.333,2.617
2016-04-27 10:00:00,83.333,10.0,20.611,38.33,19.028,40.108,21.391,35.229,20.644,35.864,19.067,44.023,7.208,57.149,19.488,31.383,21.224,37.396,19.2,37.095,5.667,751.483,86.0,4.833,30.667,3.45
2016-04-27 11:00:00,48.333,3.333,20.6,38.384,19.576,38.652,21.39,36.216,20.732,37.214,19.039,43.2,7.43,58.262,19.5,31.069,21.159,37.103,19.2,35.939,6.925,751.767,78.167,6.833,35.417,3.3
2016-04-27 12:00:00,65.0,0.0,20.639,37.238,20.022,36.884,21.436,36.242,20.717,36.257,19.094,42.197,9.184,34.69,19.652,30.289,21.122,36.658,19.2,35.157,6.858,752.125,75.333,8.417,27.333,2.767
2016-04-27 13:00:00,96.667,0.0,20.762,36.608,20.225,35.607,21.463,35.587,20.77,35.515,19.092,41.473,9.28,22.724,19.848,29.215,21.214,35.872,19.235,34.432,7.625,752.467,70.917,7.75,31.25,2.708
2016-04-27 14:00:00,73.333,0.0,20.902,35.833,20.238,34.686,21.363,35.024,20.745,34.802,19.078,40.84,9.822,16.768,19.988,28.297,21.576,36.197,19.29,33.779,7.8,752.867,67.583,6.0,40.0,2.175
2016-04-27 15:00:00,95.0,0.0,20.994,35.146,20.071,34.35,21.29,34.527,20.661,34.346,19.1,40.263,9.701,15.002,20.0,27.961,21.906,36.466,19.255,33.317,8.592,753.1,64.917,6.0,40.0,2.292
2016-04-27 16:00:00,95.0,0.0,20.939,34.73,19.689,34.612,21.249,34.165,20.523,33.809,19.034,39.933,7.13,31.472,19.888,28.117,22.453,36.702,19.2,32.699,8.7,753.267,64.083,6.417,40.0,2.2
2016-04-27 17:00:00,101.667,0.0,20.976,34.974,19.45,35.073,21.122,34.018,20.386,33.5,19.0,39.911,6.34,39.631,19.778,28.305,22.688,37.184,19.189,32.678,7.175,753.625,65.333,5.333,40.0,1.0
2016-04-27 18:00:00,163.333,1.667,21.465,38.002,19.718,35.952,21.372,34.587,20.29,34.258,19.028,41.353,6.113,40.542,19.678,28.408,22.732,39.3,19.1,32.756,7.542,753.967,62.167,3.0,40.0,0.675
2016-04-27 19:00:00,103.333,0.0,22.042,35.666,20.109,36.357,21.675,34.639,20.29,35.174,19.98,69.589,5.123,42.956,19.606,28.69,22.725,38.741,19.089,33.478,6.967,754.2,68.5,2.583,40.0,1.408
2016-04-27 20:00:00,108.333,0.0,22.23,34.72,20.094,36.073,21.79,34.275,20.29,35.369,20.029,86.13,2.941,45.377,19.546,28.734,22.765,38.457,19.017,33.228,4.517,754.283,81.917,1.583,40.0,1.658
2016-04-27 21:00:00,65.0,15.0,22.161,34.746,19.756,36.693,21.597,34.307,20.266,35.55,20.296,83.319,1.59,47.926,19.511,28.986,22.812,38.627,18.988,33.416,3.533,754.525,85.583,1.0,40.0,1.35
2016-04-27 22:00:00,71.667,13.333,21.915,35.218,19.301,37.262,21.368,34.581,20.42,36.266,19.779,74.592,1.087,49.866,19.522,29.428,22.718,39.996,18.944,34.28,2.967,754.867,86.25,1.0,40.0,0.875
2016-04-27 23:00:00,66.667,13.333,21.687,35.397,18.862,37.456,21.346,34.83,20.572,36.186,19.572,67.726,0.644,50.451,19.5,29.656,22.439,41.597,18.89,35.029,1.958,755.1,90.083,1.0,34.583,0.492
2016-04-28 00:00:00,46.667,8.333,21.451,35.552,18.484,37.584,21.402,34.899,20.6,35.853,19.392,63.062,0.254,50.734,19.5,29.7,22.313,42.942,18.89,35.53,0.825,755.142,93.417,1.417,24.083,-0.092
2016-04-28 01:00:00,51.667,1.667,21.229,35.729,18.137,37.952,21.346,34.919,20.51,35.264,19.255,59.415,-0.028,51.296,19.47,29.672,22.172,42.717,18.89,36.038,0.342,755.242,94.833,2.0,20.417,-0.375
2016-04-28 02:00:00,53.333,1.667,21.061,35.54,17.846,38.271,21.505,35.081,20.327,34.873,19.167,57.282,-0.189,52.094,19.39,29.6,22.072,41.801,18.89,36.607,0.275,755.342,95.583,2.0,21.417,-0.367
2016-04-28 03:00:00,40.0,0.0,20.897,35.382,17.616,38.487,21.511,35.2,20.166,34.534,19.1,55.92,-0.267,52.471,19.39,29.589,21.957,41.27,18.89,37.257,-0.067,755.4,95.833,2.417,39.917,-0.642
2016-04-28 04:00:00,51.667,0.0,20.766,35.203,17.39,38.664,21.5,35.328,20.033,34.235,18.988,54.729,-0.611,51.862,19.301,29.511,21.837,40.896,18.89,37.809,-0.133,755.4,96.167,2.583,46.667,-0.658
2016-04-28 05:00:00,113.333,3.333,20.7,35.561,17.176,39.394,21.406,35.13,19.897,34.03,18.89,53.745,-0.906,51.348,19.29,29.439,21.74,40.586,18.89,38.186,-0.15,755.4,95.417,1.583,38.917,-0.808
2016-04-28 06:00:00,68.333,0.0,20.622,35.804,17.1,40.198,21.198,34.529,19.79,34.129,18.829,52.751,-0.6,52.547,19.235,29.329,21.656,40.629,18.89,37.931,-0.458,755.442,96.417,1.417,63.583,-0.975
2016-04-28 07:00:00,161.667,0.0,20.585,35.756,17.334,40.322,21.056,34.371,19.79,34.748,18.785,52.046,0.799,54.404,19.21,29.37,21.462,38.962,18.835,36.824,0.6,755.625,95.333,2.0,45.917,-0.092
2016-04-28 08:00:00,75.0,0.0,20.594,36.325,19.558,37.817,21.41,34.469,20.029,35.483,18.765,50.69,5.28,57.485,19.161,29.522,21.246,37.964,19.061,35.586,3.208,755.925,88.833,2.0,24.917,1.483
2016-04-28 09:00:00,66.667,8.333,20.694,36.05,21.742,34.027,21.533,34.614,20.592,36.361,18.72,48.019,8.696,49.353,19.1,29.44,21.061,37.158,19.1,34.656,5.358,756.225,80.917,2.0,33.583,2.383
2016-04-28 10:00:00,78.333,11.667,20.765,35.885,22.142,32.518,21.421,34.812,21.081,36.169,18.71,46.173,10.794,24.972,19.1,29.107,20.933,36.631,19.092,33.969,6.354,756.358,75.292,2.417,40.0,2.292
2016-04-28 11:00:00,56.667,5.0,20.79,35.33,21.915,31.848,21.5,35.0,21.21,35.168,18.7,44.789,8.88,27.409,19.1,28.752,20.784,36.132,19.033,33.203,7.204,756.258,68.792,3.417,40.0,1.792
2016-04-28 12:00:00,40.0,0.0,20.72,35.06,21.264,32.384,21.5,34.933,21.028,34.491,18.7,43.857,8.228,45.788,19.154,29.526,20.689,36.342,19.0,33.33,6.533,756.325,69.583,4.0,40.0,1.25
2016-04-28 13:00:00,55.0,0.0,20.79,35.004,20.997,33.053,21.414,34.886,20.902,34.467,18.7,43.307,9.453,37.813,19.296,29.987,20.611,36.572,18.988,33.683,5.671,756.438,74.958,3.792,40.0,1.442
2016-04-28 14:00:00,50.0,0.0,20.79,35.087,20.584,33.456,21.5,34.978,20.77,34.376,18.69,42.942,9.712,27.298,19.379,30.177,20.511,36.697,18.912,33.859,7.521,756.288,72.458,3.292,40.0,2.742
2016-04-28 15:00:00,63.333,0.0,20.88,35.496,20.282,33.689,21.5,34.92,20.7,33.941,18.7,42.486,10.151,11.409,19.572,29.292,20.626,36.629,18.89,33.114,8.183,756.283,71.0,4.25,35.0,3.125
2016-04-28 16:00:00,186.667,0.0,21.006,34.829,20.177,32.961,21.476,34.794,20.672,33.538,18.791,41.808,11.748,1.81,19.823,27.74,21.024,36.417,18.884,31.944,8.433,756.275,64.333,4.75,33.0,1.933
2016-04-28 17:00:00,268.333,0.0,21.111,33.73,20.039,31.77,21.511,34.473,20.583,32.39,19.034,40.794,11.538,1.0,19.89,25.839,21.58,35.133,18.801,30.345,9.808,756.1,51.25,3.417,40.0,0.167
2016-04-28 18:00:00,391.667,0.0,21.144,33.55,19.903,31.694,22.762,37.452,20.511,31.974,19.245,39.713,10.735,1.0,19.832,24.716,21.812,34.339,18.79,29.517,9.975,756.142,43.917,4.417,40.0,-1.833
2016-04-28 19:00:00,120.0,0.0,21.144,33.598,19.698,32.329,23.719,37.108,20.427,31.484,19.2,39.044,10.048,1.0,19.72,24.127,21.939,34.294,18.79,29.219,9.508,756.2,41.833,4.167,40.0,-2.958
2016-04-28 20:00:00,105.0,0.0,21.072,33.014,19.355,33.086,23.125,35.401,20.335,31.428,19.106,38.58,6.075,3.866,19.539,24.647,22.11,34.161,18.71,29.488,7.725,756.2,52.167,2.583,40.0,-1.858
2016-04-28 21:00:00,55.0,1.667,20.994,33.382,18.985,33.854,22.735,34.921,20.23,31.632,19.033,38.751,3.886,11.496,19.427,25.864,22.334,35.226,18.7,30.423,5.175,756.2,68.75,2.0,40.0,-0.192
2016-04-28 22:00:00,51.667,0.0,20.851,33.56,18.587,34.706,22.6,35.045,20.139,31.774,18.939,39.519,2.938,19.862,19.39,26.83,22.202,37.285,18.689,32.585,3.758,756.158,76.083,2.417,40.0,-0.067
2016-04-28 23:00:00,51.667,0.0,20.745,33.7,18.224,35.578,22.528,35.145,20.006,32.157,18.89,40.152,3.425,29.164,19.357,27.517,21.945,38.588,18.7,34.5,3.097,755.989,79.278,3.139,40.0,-0.161
2016-04-29 00:00:00,41.667,0.0,20.589,33.886,17.962,36.253,22.404,35.176,19.933,32.386,18.83,40.494,3.606,30.668,19.29,27.97,21.786,40.006,18.73,36.009,3.331,755.722,79.944,3.472,40.0,0.172
2016-04-29 01:00:00,53.333,0.0,20.451,34.092,17.772,36.639,22.335,35.2,19.846,32.489,18.785,40.779,2.727,32.677,19.285,28.245,21.699,40.564,18.79,36.961,3.564,755.456,80.611,3.806,40.0,0.505
2016-04-29 02:00:00,53.333,0.0,20.346,34.163,17.567,36.928,22.29,35.2,19.78,32.57,18.775,41.018,2.667,35.43,19.21,28.318,21.556,40.114,18.79,37.637,4.033,755.133,77.25,4.417,40.0,0.367
2016-04-29 03:00:00,43.333,0.0,20.275,34.275,17.416,37.242,22.275,35.182,19.71,32.74,18.705,41.222,3.342,35.706,19.2,28.457,21.472,40.186,18.79,38.39,4.625,754.775,72.833,5.0,40.0,0.15
2016-04-29 04:00:00,46.667,0.0,20.189,34.345,17.301,37.486,22.183,35.086,19.617,32.833,18.7,41.388,3.707,36.23,19.156,28.667,21.379,40.118,18.79,38.832,4.821,754.538,74.208,5.208,40.0,0.562
2016-04-29 05:00:00,53.333,0.0,20.1,34.467,17.215,37.685,22.094,35.194,19.561,32.998,18.611,41.422,4.122,36.657,19.1,28.803,21.28,40.084,18.79,38.9,4.871,754.387,74.708,5.708,40.0,0.712
2016-04-29 06:00:00,80.0,0.0,20.067,35.344,17.22,38.417,21.818,34.524,19.5,33.388,18.6,41.218,5.644,35.014,19.044,28.928,21.172,39.722,18.79,38.842,5.317,754.258,74.583,6.0,40.0,1.133
2016-04-29 07:00:00,361.667,1.667,20.111,36.096,17.462,38.94,22.251,36.572,19.5,34.066,18.633,40.455,7.434,30.787,18.979,29.262,20.986,38.23,18.74,37.408,6.275,754.242,74.833,6.417,40.0,2.1
2016-04-29 08:00:00,110.0,0.0,20.155,37.192,17.667,39.484,23.274,36.928,19.534,34.549,18.6,40.424,8.402,27.791,18.97,29.756,20.822,37.599,18.678,36.44,7.008,754.425,76.0,7.0,40.0,3.008
2016-04-29 09:00:00,55.0,0.0,20.2,37.295,17.852,39.836,22.693,34.384,19.5,34.639,18.621,40.708,8.829,28.558,18.908,30.291,20.71,37.4,18.639,35.986,7.217,754.642,77.667,6.583,40.0,3.55
2016-04-29 10:00:00,38.333,0.0,20.2,36.906,18.022,39.392,22.284,34.03,19.5,34.887,18.6,40.422,8.986,33.164,18.919,31.085,20.622,37.523,18.6,35.911,7.267,754.867,81.25,5.583,31.667,4.233
2016-04-29 11:00:00,286.667,0.0,20.15,37.226,18.175,39.57,21.967,34.317,19.5,35.495,18.622,40.432,9.941,35.896,18.951,32.119,20.517,38.012,18.6,36.347,7.333,755.183,86.75,4.583,23.75,5.2
2016-04-29 12:00:00,196.667,0.0,20.296,38.15,18.625,39.532,23.145,37.501,19.5,35.964,18.689,40.714,9.503,36.653,19.0,32.52,20.488,38.225,18.6,36.659,7.725,755.217,89.5,4.0,33.583,6.067
2016-04-29 13:00:00,183.333,0.0,20.852,38.274,19.582,38.876,23.392,35.898,19.533,37.207,18.735,41.279,10.514,41.062,19.0,32.98,20.408,38.403,18.6,36.874,8.142,755.225,86.833,3.583,40.0,6.008
2016-04-29 14:00:00,201.667,0.0,21.496,39.019,20.108,37.997,24.173,37.108,19.633,37.908,18.79,41.628,9.37,38.49,19.028,32.874,20.379,38.398,18.6,36.838,7.708,755.567,82.167,4.25,40.0,4.767
2016-04-29 15:00:00,55.0,0.0,21.968,38.234,20.634,37.436,24.298,35.574,19.6,37.35,18.851,41.869,10.574,39.914,19.1,33.301,20.345,38.532,18.6,36.878,7.833,755.842,79.0,4.75,35.417,4.35
2016-04-29 16:00:00,78.333,0.0,22.188,37.696,20.945,37.09,23.55,34.947,19.656,38.122,18.963,42.03,11.897,30.851,19.172,33.852,20.496,39.764,18.661,37.305,7.933,755.817,86.417,3.417,33.583,5.775
2016-04-29 17:00:00,188.333,3.333,22.41,37.313,21.161,36.866,23.265,35.114,19.79,38.937,19.056,42.342,12.318,22.554,19.2,33.851,21.091,40.679,18.715,37.585,8.775,755.617,83.25,4.0,40.0,6.008
2016-04-29 18:00:00,155.0,3.333,22.816,38.647,21.215,37.7,23.128,35.544,19.986,39.885,19.1,43.018,10.346,30.164,19.2,34.22,21.384,40.746,18.79,37.659,9.342,755.5,78.417,4.0,40.0,5.725
2016-04-29 19:00:00,115.0,1.667,23.239,37.073,21.417,37.719,22.96,35.827,20.23,40.241,19.1,43.565,8.563,35.643,19.2,34.29,21.786,40.839,18.79,37.742,8.775,755.5,81.083,4.0,40.0,5.692
2016-04-29 20:00:00,108.333,0.0,23.39,36.649,21.476,37.804,22.791,35.998,20.122,39.107,19.15,43.57,7.458,40.237,19.2,34.245,22.038,41.044,18.79,37.651,7.567,755.625,85.667,3.583,40.0,5.317
2016-04-29 21:00:00,66.667,3.333,23.346,36.444,21.183,37.989,22.633,36.196,19.974,38.428,19.2,43.478,7.163,44.244,19.2,34.23,22.189,41.872,18.807,37.828,6.975,756.008,88.833,3.0,40.0,5.2
2016-04-29 22:00:00,50.0,0.0,23.101,36.406,20.677,38.324,22.6,36.29,19.857,38.324,19.2,43.446,7.07,48.552,19.2,34.163,21.997,43.56,18.89,38.752,6.842,756.3,91.25,3.0,40.0,5.45
2016-04-29 23:00:00,55.0,0.0,22.832,36.575,20.284,38.847,22.628,36.32,19.775,38.285,19.2,43.4,7.102,51.006,19.2,34.198,21.812,45.901,18.933,39.174,6.942,756.342,93.833,2.583,32.917,6.008
2016-04-30 00:00:00,51.667,0.0,22.56,36.672,19.945,39.245,22.803,36.58,19.694,38.285,19.166,43.4,6.838,51.888,19.2,34.27,21.705,47.324,18.988,39.724,6.833,756.483,95.417,2.0,23.833,6.175
2016-04-30 01:00:00,43.333,0.0,22.288,36.882,19.682,39.505,22.97,36.816,19.6,38.169,19.118,43.4,6.384,51.805,19.2,34.176,21.661,47.085,19.0,40.229,6.517,756.725,95.583,2.0,31.25,5.875
2016-04-30 02:00:00,45.0,0.0,22.02,36.989,19.439,39.671,22.904,36.967,19.544,38.05,19.1,43.394,5.886,52.028,19.2,34.008,21.6,46.454,19.089,40.683,6.108,756.9,95.417,2.0,32.917,5.45
2016-04-30 03:00:00,51.667,0.0,21.824,37.114,19.198,39.898,22.89,37.09,19.488,37.943,19.1,43.327,5.513,52.319,19.2,33.882,21.522,45.762,19.1,40.861,5.45,756.942,96.417,2.0,25.5,4.892
2016-04-30 04:00:00,51.667,0.0,21.664,37.16,18.968,40.088,22.89,37.151,19.39,37.73,19.079,43.254,5.128,52.398,19.2,33.735,21.463,45.193,19.1,41.025,5.058,757.083,96.167,1.583,33.583,4.475
2016-04-30 05:00:00,55.0,0.0,21.539,37.102,18.75,40.288,22.89,37.2,19.373,37.657,19.1,43.2,4.945,52.863,19.178,33.608,21.368,44.774,19.1,41.145,4.917,757.242,95.417,1.0,40.0,4.258
2016-04-30 06:00:00,40.0,0.0,21.457,37.126,18.639,40.504,22.84,37.163,19.29,37.59,19.089,43.188,5.424,53.929,19.111,33.59,21.29,44.59,19.139,41.225,4.8,757.425,96.417,1.0,40.0,4.242
2016-04-30 07:00:00,61.667,0.0,21.368,37.358,18.785,40.533,22.748,37.027,19.28,37.775,19.066,43.137,6.778,54.923,19.111,33.625,21.275,44.576,19.2,41.384,5.05,757.808,96.167,1.0,40.0,4.425
2016-04-30 08:00:00,326.667,1.667,21.39,38.15,19.188,40.161,22.622,36.548,19.347,38.996,19.214,42.577,8.739,50.524,19.1,33.857,21.189,43.742,19.2,40.696,5.733,758.267,92.083,1.0,40.0,4.517
2016-04-30 09:00:00,251.667,0.0,21.323,37.75,19.859,38.774,22.7,36.59,19.653,39.42,19.189,42.664,11.006,30.476,19.106,33.755,21.277,43.518,19.358,40.999,6.575,758.625,85.917,1.0,40.0,4.358
2016-04-30 10:00:00,478.333,1.667,21.39,37.843,20.189,38.28,23.164,38.459,19.928,39.207,19.2,42.56,11.763,17.886,19.178,33.573,21.532,41.984,19.439,41.117,7.475,758.925,80.917,1.0,40.0,4.342
2016-04-30 11:00:00,156.667,1.667,21.445,37.602,20.33,37.771,24.569,40.223,20.071,38.682,19.2,42.44,13.04,12.885,19.21,33.478,21.533,39.918,19.469,40.497,8.292,759.142,76.333,1.0,34.583,4.358
2016-04-30 12:00:00,336.667,0.0,21.506,37.546,20.508,36.894,24.539,38.075,20.039,37.857,20.506,69.651,13.17,2.242,19.29,32.62,21.657,39.197,19.439,39.762,9.033,759.283,71.5,1.0,32.417,4.092
2016-04-30 13:00:00,171.667,1.667,21.677,37.052,20.809,36.343,25.47,38.859,20.011,37.553,20.166,80.231,13.002,1.032,19.39,31.464,22.179,39.684,19.436,39.134,9.917,759.4,65.917,1.833,32.5,3.758
2016-04-30 14:00:00,95.0,1.667,21.835,35.722,21.121,35.186,25.091,36.812,20.083,37.543,19.817,65.198,13.033,1.0,19.476,30.737,22.605,38.634,19.475,38.52,10.5,759.483,61.333,3.833,29.5,3.325
2016-04-30 15:00:00,181.667,1.667,21.89,35.306,21.133,34.318,24.341,34.945,20.111,36.996,19.689,55.052,12.998,1.0,19.572,30.121,22.715,38.014,19.427,38.339,10.583,759.725,60.25,5.417,40.0,3.133
2016-04-30 16:00:00,320.0,1.667,21.914,39.218,21.044,37.486,23.818,34.641,20.178,37.544,19.7,50.791,12.217,3.031,19.644,30.28,22.79,37.922,19.457,38.053,10.617,759.942,62.833,6.0,40.0,3.767
2016-04-30 17:00:00,265.0,0.0,22.033,41.92,20.825,41.326,23.94,37.094,20.255,39.411,19.7,50.8,11.551,3.638,19.69,30.684,22.79,37.986,19.451,37.853,10.167,760.25,65.25,6.0,40.0,3.875
2016-04-30 18:00:00,70.0,1.667,21.933,40.313,20.536,40.334,24.177,37.163,20.2,38.046,19.77,50.784,11.136,3.16,19.7,30.928,22.76,37.463,19.427,37.709,9.658,760.767,67.0,6.0,40.0,3.7
2016-04-30 19:00:00,60.0,1.667,21.84,39.514,20.169,40.282,23.838,36.473,20.117,37.347,19.79,50.253,10.714,5.389,19.7,31.122,22.653,37.21,19.39,37.582,9.475,761.208,67.0,6.0,40.0,3.617
2016-04-30 20:00:00,71.667,0.0,21.677,38.926,19.688,40.339,23.462,36.128,20.006,37.634,19.71,49.653,8.04,12.053,19.622,31.209,22.561,36.998,19.312,37.307,8.675,761.75,67.833,5.583,40.0,3.042
2016-04-30 21:00:00,70.0,0.0,21.51,38.473,19.218,40.444,23.28,35.992,19.914,38.319,19.639,49.134,6.171,24.058,19.6,31.318,22.482,36.882,19.24,37.139,7.3,762.308,71.5,4.583,40.0,2.442
2016-04-30 22:00:00,73.333,1.667,21.346,38.183,18.839,40.762,23.23,35.998,19.879,38.422,19.6,48.586,5.351,32.784,19.572,31.433,22.39,36.85,19.18,37.046,6.1,762.892,77.917,3.583,40.0,2.5
2016-04-30 23:00:00,41.667,0.0,21.24,38.363,18.572,41.371,23.23,36.302,19.79,38.026,19.517,47.408,4.833,37.129,19.5,31.506,22.347,39.007,19.194,37.911,4.942,763.467,83.667,2.583,40.0,2.375
2016-05-01 00:00:00,51.667,0.0,21.125,38.097,18.314,41.498,23.189,36.478,19.7,37.564,19.5,47.25,4.673,40.852,19.5,31.611,22.189,41.02,19.144,38.469,4.258,763.742,86.833,2.417,35.417,2.242
2016-05-01 01:00:00,55.0,0.0,20.957,37.917,18.122,41.585,23.2,36.55,19.594,37.255,19.414,46.964,3.97,42.832,19.426,31.556,22.1,42.296,19.1,39.314,3.992,763.925,88.833,3.0,27.75,2.258
2016-05-01 02:00:00,48.333,0.0,20.818,37.786,17.957,41.525,23.2,36.591,19.5,37.045,19.39,46.716,3.071,47.146,19.39,31.5,22.0,42.441,19.1,40.176,3.617,764.058,90.833,3.0,25.167,2.242
2016-05-01 03:00:00,41.667,0.0,20.705,37.709,17.75,41.607,23.161,36.651,19.402,36.826,19.321,46.421,2.662,48.964,19.384,31.5,21.892,42.194,19.1,40.842,3.292,764.125,92.417,2.583,22.75,2.175
2016-05-01 04:00:00,53.333,0.0,20.622,37.614,17.589,41.617,23.006,36.596,19.346,36.708,19.29,46.048,2.476,50.873,19.312,31.5,21.77,41.892,19.1,41.213,2.667,764.383,94.25,2.0,38.5,1.833
2016-05-01 05:00:00,51.667,0.0,20.522,37.59,17.439,41.76,23.0,36.651,19.281,36.626,19.265,45.708,2.543,51.959,19.29,31.55,21.705,42.12,19.1,41.406,2.117,764.625,95.583,2.0,63.0,1.433
2016-05-01 06:00:00,53.333,0.0,20.451,37.55,17.39,41.665,23.0,36.58,19.205,36.505,19.2,45.326,3.04,53.616,19.29,31.589,21.6,42.223,19.111,41.597,2.083,765.008,95.833,2.0,62.167,1.408
2016-05-01 07:00:00,58.333,0.0,20.402,37.815,17.566,42.102,22.832,36.2,19.215,37.012,19.25,44.119,4.766,54.495,19.23,31.644,21.544,42.26,19.15,41.451,3.075,765.425,95.75,2.0,61.833,2.408
2016-05-01 08:00:00,85.0,1.667,20.533,38.649,20.443,38.806,22.953,35.422,19.442,37.922,19.38,41.952,8.183,32.538,19.133,31.678,21.427,41.374,19.405,39.729,5.3,765.725,90.25,2.833,48.833,3.817
2016-05-01 09:00:00,90.0,0.0,20.676,38.588,22.948,35.898,22.763,34.99,19.996,37.34,19.301,42.215,9.709,15.274,19.1,31.347,21.379,41.08,19.544,40.384,7.158,765.942,79.583,4.833,29.0,3.858
2016-05-01 10:00:00,63.333,0.0,20.88,38.553,23.896,34.941,22.463,34.481,20.439,36.409,19.29,42.428,10.725,4.182,19.1,30.594,21.433,40.401,19.6,40.451,8.342,766.0,69.083,5.583,33.583,3.017
2016-05-01 11:00:00,91.667,0.0,21.1,41.019,23.813,33.851,22.39,34.851,20.719,36.072,19.29,42.642,11.358,1.957,19.067,30.094,21.696,39.324,19.6,39.938,9.517,766.0,67.917,5.0,40.0,3.858
2016-05-01 12:00:00,96.667,0.0,21.272,39.14,23.493,33.246,22.39,35.188,20.89,35.676,19.321,42.729,12.128,1.016,19.089,29.621,22.144,38.049,19.589,39.32,10.517,765.917,64.917,5.417,40.0,3.992
2016-05-01 13:00:00,78.333,0.0,21.526,37.804,22.869,33.038,22.414,35.151,20.89,35.052,19.462,42.808,12.891,1.0,19.144,28.905,22.44,37.192,19.6,38.699,11.35,765.675,54.167,5.583,40.0,2.3
2016-05-01 14:00:00,108.333,0.0,21.75,35.723,22.29,32.651,22.307,34.684,20.938,34.818,19.488,41.805,13.535,1.0,19.22,28.53,22.578,36.929,19.6,38.094,11.992,765.417,48.833,4.583,40.0,1.342
2016-05-01 15:00:00,105.0,0.0,21.962,34.933,22.056,32.148,22.373,33.997,21.12,35.0,19.5,40.619,13.986,1.0,19.301,27.885,22.796,36.278,19.6,37.627,12.692,765.3,43.417,4.417,40.0,0.375
2016-05-01 16:00:00,215.0,0.0,22.213,36.625,21.783,31.773,22.457,34.26,21.26,34.721,19.567,40.321,14.359,1.0,19.39,27.177,22.95,35.833,19.6,37.386,13.392,765.342,42.333,4.583,40.0,0.692
2016-05-01 17:00:00,303.333,0.0,22.439,37.007,21.6,32.565,22.606,34.763,21.373,35.456,19.86,40.524,14.484,1.0,19.439,27.045,23.056,36.726,19.634,37.224,13.758,765.442,39.167,4.0,40.0,0.108
2016-05-01 18:00:00,271.667,0.0,23.231,36.604,21.544,34.852,22.75,35.004,21.513,36.184,20.1,40.518,14.272,1.0,19.5,27.009,23.21,36.484,19.6,36.896,13.533,765.5,38.833,4.0,40.0,-0.175
2016-05-01 19:00:00,116.667,1.667,23.214,35.012,21.389,34.842,22.79,35.02,21.51,35.307,20.887,58.883,13.984,1.0,19.5,26.841,23.296,37.588,19.628,36.334,12.967,765.542,42.083,3.583,40.0,0.375
2016-05-01 20:00:00,106.667,0.0,22.997,34.775,20.996,35.306,22.604,34.955,21.335,34.651,20.829,78.738,10.128,1.088,19.5,27.121,23.445,37.723,19.597,35.295,11.5,765.725,49.583,3.0,40.0,1.192
2016-05-01 21:00:00,85.0,1.667,22.772,34.929,20.581,35.411,22.433,35.297,21.204,34.598,20.37,64.318,6.808,5.286,19.488,28.013,23.55,37.784,19.5,35.01,9.392,765.942,58.5,2.583,40.0,1.517
2016-05-01 22:00:00,70.0,0.0,22.535,35.201,20.094,36.18,22.362,35.579,21.061,34.291,20.161,56.144,5.428,9.607,19.5,28.75,23.556,38.768,19.556,37.497,7.858,766.0,64.5,2.0,40.0,1.483
2016-05-01 23:00:00,48.333,0.0,22.293,35.08,19.674,36.697,22.245,35.681,20.92,34.08,20.072,52.645,4.827,14.057,19.5,29.163,23.611,40.396,19.6,38.152,6.767,766.0,68.417,1.583,40.0,1.308
2016-05-02 00:00:00,55.0,0.0,22.089,35.22,19.272,37.151,22.2,35.7,20.808,33.975,19.982,50.836,4.535,17.307,19.463,29.336,23.251,41.256,19.6,38.604,5.967,766.0,70.667,1.0,40.0,0.942
2016-05-02 01:00:00,51.667,0.0,21.848,35.539,18.955,37.479,22.2,35.74,20.7,34.097,19.89,49.763,3.969,19.187,19.422,29.347,23.067,42.878,19.6,39.02,4.75,765.833,78.833,1.0,40.0,1.292
2016-05-02 02:00:00,40.0,0.0,21.633,35.56,18.659,37.843,22.221,35.602,20.611,34.23,19.79,48.607,2.831,25.529,19.39,29.42,22.892,42.647,19.611,39.227,3.575,765.558,87.0,1.0,40.0,1.575
2016-05-02 03:00:00,53.333,0.0,21.445,35.67,18.422,38.093,22.329,35.801,20.5,34.388,19.72,47.796,2.362,31.987,19.39,29.5,22.72,42.316,19.6,39.436,2.817,765.458,89.5,1.0,40.0,1.192
2016-05-02 04:00:00,51.667,0.0,21.27,35.793,18.239,38.287,22.47,36.124,20.408,34.308,19.667,47.057,1.736,35.314,19.39,29.55,22.561,41.941,19.622,39.673,2.083,765.275,91.333,1.0,35.0,0.775
2016-05-02 05:00:00,103.333,1.667,21.2,36.122,18.056,39.298,22.346,35.808,20.318,34.27,19.622,46.543,1.332,38.21,19.379,29.667,22.406,41.729,19.6,39.78,2.033,765.017,89.833,1.0,28.0,0.558
2016-05-02 06:00:00,76.667,0.0,21.2,36.34,18.011,40.218,22.104,35.11,20.255,34.344,19.6,46.308,1.736,40.184,19.312,29.7,22.28,41.51,19.588,39.506,1.758,764.733,92.25,1.0,27.583,0.625
2016-05-02 07:00:00,170.0,0.0,21.2,36.662,18.255,40.32,22.2,34.91,20.824,35.469,19.528,45.885,4.206,42.943,19.341,29.753,22.1,40.252,19.51,38.628,3.117,764.5,89.833,1.0,32.417,1.55
2016-05-02 08:00:00,53.333,0.0,21.287,36.992,21.26,37.006,22.497,34.631,21.346,35.804,19.551,45.259,10.918,17.031,19.39,29.741,21.97,39.336,19.734,37.834,6.517,764.458,79.0,1.0,35.417,3.017
2016-05-02 09:00:00,55.0,0.0,21.486,36.706,24.167,32.265,22.517,34.722,21.753,35.564,19.533,44.573,14.64,1.0,19.397,29.58,21.851,38.671,19.795,38.116,9.583,764.275,66.167,1.417,29.0,3.392
2016-05-02 10:00:00,53.333,0.0,21.661,36.444,25.065,30.654,22.6,35.06,22.221,35.184,19.6,44.129,16.62,1.0,19.488,29.676,21.785,38.403,19.804,38.466,11.871,763.996,53.833,2.208,31.292,2.558
2016-05-02 11:00:00,51.667,0.0,21.835,36.369,24.957,30.324,22.6,35.2,22.475,34.673,19.6,43.863,17.418,1.0,19.568,29.5,21.72,37.961,19.797,38.215,13.721,763.746,43.833,2.708,36.792,1.258
2016-05-02 12:00:00,81.667,0.0,22.066,36.063,24.62,30.27,22.589,35.23,22.6,34.191,19.622,43.677,18.174,1.0,19.761,29.388,21.996,37.984,19.81,37.804,15.071,763.392,37.375,3.0,37.292,0.521
2016-05-02 13:00:00,81.667,0.0,22.314,35.706,24.131,30.598,22.676,35.386,22.578,33.75,20.57,62.785,19.262,1.0,20.086,28.867,22.566,38.508,19.79,37.456,15.721,762.892,35.875,3.0,30.792,0.571
2016-05-02 14:00:00,80.0,0.0,22.499,35.614,23.873,30.861,22.857,35.456,22.589,33.54,20.86,84.867,20.248,1.0,20.422,28.317,22.962,39.238,19.79,37.107,16.308,762.392,33.75,3.0,32.417,0.308
2016-05-02 15:00:00,81.667,0.0,22.65,35.67,23.644,31.334,22.939,35.489,22.589,33.852,20.6,81.297,20.282,1.0,20.715,28.527,23.35,39.446,19.79,36.94,16.642,761.975,33.25,3.417,35.417,0.4
2016-05-02 16:00:00,105.0,0.0,22.689,36.08,23.436,32.183,22.945,35.576,22.511,34.466,20.357,70.472,20.018,1.0,20.781,29.696,23.528,40.063,19.79,37.189,16.617,761.55,40.417,3.583,33.583,2.85
2016-05-02 17:00:00,265.0,5.0,22.729,37.03,23.089,33.424,22.933,35.84,22.5,35.8,20.24,57.352,18.416,1.565,20.708,32.225,23.6,40.224,19.79,37.525,16.292,761.075,50.917,3.417,40.0,5.925
2016-05-02 18:00:00,126.667,1.667,23.127,38.368,22.904,35.565,23.061,36.224,22.5,36.817,20.205,52.833,16.496,6.703,20.734,34.922,23.647,40.957,19.79,38.069,15.5,760.775,60.0,4.0,40.0,7.592
2016-05-02 19:00:00,135.0,6.667,23.078,38.594,22.497,36.676,23.089,36.768,22.5,37.693,20.287,49.796,15.351,9.906,20.836,36.994,23.768,41.29,19.799,38.61,14.508,760.517,67.833,3.583,40.0,8.617
2016-05-02 20:00:00,110.0,8.333,22.939,38.604,22.03,37.596,23.033,36.851,22.589,38.364,20.139,49.968,13.752,16.495,20.966,38.223,24.02,41.598,19.797,39.063,13.767,760.483,71.917,3.0,40.0,8.75
2016-05-02 21:00:00,53.333,21.667,22.812,38.814,21.624,38.635,23.0,37.108,22.622,38.586,20.1,50.061,12.973,21.442,21.004,38.911,23.951,42.952,19.797,39.298,12.883,760.6,78.917,2.583,40.0,9.267
2016-05-02 22:00:00,65.0,21.667,22.661,38.82,21.224,39.136,23.1,37.416,22.75,39.129,20.044,50.339,12.005,28.615,21.0,39.379,23.707,44.448,19.79,39.465,12.175,760.475,83.417,2.417,40.0,9.458
2016-05-02 23:00:00,55.0,0.0,22.517,39.028,20.893,39.812,23.194,37.515,22.773,39.033,20.0,50.218,11.199,37.931,20.988,39.709,23.51,46.041,19.79,39.951,11.5,760.175,85.667,3.0,40.0,9.15
2016-05-03 00:00:00,55.0,0.0,22.403,39.235,20.606,40.594,23.215,37.674,22.622,38.95,20.0,50.002,11.45,45.37,21.0,40.576,23.351,46.433,19.81,40.616,11.133,760.0,88.0,3.417,35.0,9.175
2016-05-03 01:00:00,38.333,0.0,22.26,39.538,20.381,41.351,23.214,37.775,22.457,39.022,19.921,49.773,11.079,50.114,21.0,40.852,23.214,46.461,19.854,41.398,11.392,760.0,90.917,4.833,38.417,9.95
2016-05-03 02:00:00,53.333,0.0,22.167,39.59,20.229,41.53,23.178,37.922,22.318,38.59,19.89,49.573,9.14,46.352,21.0,40.566,23.111,46.364,19.89,42.026,10.683,760.0,91.25,6.417,47.583,9.258
2016-05-03 03:00:00,53.333,0.0,21.987,39.42,19.98,41.478,23.2,37.944,22.188,38.139,19.879,49.328,8.162,49.741,20.995,40.198,23.011,45.841,19.89,42.304,9.558,760.167,87.25,5.333,35.417,7.467
2016-05-03 04:00:00,50.0,0.0,21.851,39.285,19.741,41.622,23.106,37.882,22.067,37.93,19.89,49.03,7.632,50.131,20.94,39.705,22.878,45.53,19.903,42.33,8.425,760.525,90.25,3.0,27.75,6.875
2016-05-03 05:00:00,51.667,1.667,21.79,39.413,19.55,41.969,22.836,37.608,21.959,37.735,19.868,48.748,6.563,51.582,20.89,39.56,22.785,45.351,19.921,42.33,7.567,760.825,92.417,2.583,25.167,6.408
2016-05-03 06:00:00,68.333,1.667,21.79,39.731,19.466,42.447,22.725,37.535,21.885,37.837,19.858,48.638,7.314,54.609,20.969,39.782,22.725,45.083,19.993,42.469,6.892,761.208,93.833,2.0,24.417,5.917
2016-05-03 07:00:00,50.0,1.667,21.79,39.888,19.677,42.473,22.891,37.769,21.801,38.222,19.845,48.216,8.66,47.451,20.897,38.485,22.55,43.89,20.009,41.965,7.308,761.75,92.917,2.417,25.417,6.175
2016-05-03 08:00:00,55.0,0.0,21.79,39.627,22.339,38.842,23.238,37.61,21.852,38.468,19.915,46.92,10.93,28.708,20.868,37.391,22.427,42.961,20.2,41.515,8.717,762.308,86.667,3.833,31.833,6.533
2016-05-03 09:00:00,40.0,1.667,21.916,39.663,25.03,34.527,23.282,37.54,22.261,38.429,20.197,44.49,12.097,13.348,20.838,36.51,22.323,42.283,20.29,41.452,9.717,762.85,77.833,5.0,40.0,5.925
2016-05-03 10:00:00,51.667,0.0,22.1,39.428,25.854,32.35,23.189,37.614,22.621,38.053,20.392,43.385,12.929,2.698,20.867,35.562,22.24,41.396,20.29,41.153,10.467,763.367,67.417,5.417,40.0,4.567
2016-05-03 11:00:00,53.333,1.667,22.283,38.989,25.687,31.885,23.178,37.682,22.835,37.718,20.567,42.519,13.341,1.0,20.89,34.606,22.2,40.41,20.295,40.638,10.95,763.725,58.917,5.583,40.0,3.108
2016-05-03 12:00:00,53.333,0.0,22.52,38.418,25.185,31.978,23.2,37.59,22.89,37.379,20.677,41.762,14.064,1.0,20.981,33.931,22.205,39.785,20.321,40.08,11.8,763.983,54.333,4.583,40.0,2.783
2016-05-03 13:00:00,40.0,0.0,22.735,37.868,24.496,32.614,23.24,37.592,22.97,37.014,20.807,41.155,14.158,1.0,21.23,33.204,22.4,39.173,20.322,39.616,12.583,764.183,49.5,4.417,40.0,2.233
2016-05-03 14:00:00,56.667,0.0,22.995,37.379,24.053,33.032,23.156,37.568,23.006,36.88,20.963,40.63,14.488,1.0,21.609,32.185,22.766,38.23,20.371,39.306,13.033,764.342,44.333,4.583,35.417,1.092
2016-05-03 15:00:00,50.0,0.0,23.189,37.127,23.641,33.584,23.24,37.54,23.08,36.736,21.139,40.226,14.55,1.0,21.96,31.596,23.094,37.446,20.39,39.035,13.792,764.4,41.583,4.0,33.583,0.842
2016-05-03 16:00:00,65.0,0.0,23.301,36.981,23.239,33.875,23.29,37.55,23.1,36.42,21.304,39.761,14.803,1.0,22.157,31.044,23.302,36.954,20.409,38.686,14.117,764.442,40.167,4.417,40.0,0.608
2016-05-03 17:00:00,245.0,0.0,23.322,36.238,22.796,32.264,23.29,36.915,23.044,35.151,21.554,37.349,14.728,1.0,22.162,29.107,23.628,36.797,20.461,37.648,14.125,764.5,38.583,4.583,35.417,0.075
2016-05-03 18:00:00,133.333,0.0,23.362,35.504,22.474,31.782,23.28,35.613,22.905,33.142,21.7,36.328,14.141,1.0,21.955,27.852,23.908,35.964,20.446,37.133,14.008,764.667,38.833,4.417,33.583,-0.017
2016-05-03 19:00:00,138.333,0.0,23.307,34.284,22.164,32.106,23.368,35.772,22.829,33.625,21.84,53.386,13.203,1.0,21.734,27.136,24.17,35.347,20.469,36.535,13.058,765.025,42.083,4.583,40.0,0.267
2016-05-03 20:00:00,118.333,3.333,23.198,34.056,21.748,33.108,23.186,35.868,22.785,33.501,22.117,71.205,9.263,1.51,21.607,28.542,24.29,35.817,20.363,34.839,11.342,765.283,51.25,3.167,40.0,1.375
2016-05-03 21:00:00,56.667,3.333,23.089,34.57,21.32,34.317,23.056,36.079,22.7,33.725,21.588,56.28,6.73,7.576,21.6,30.443,24.281,38.107,20.248,35.016,9.292,765.608,62.5,1.583,40.0,2.433
2016-05-03 22:00:00,55.0,0.0,22.928,34.942,20.862,35.428,22.976,36.114,22.611,33.82,21.329,52.914,5.576,12.534,21.514,31.868,24.033,39.752,20.295,37.438,7.55,766.025,71.417,1.0,40.0,2.533
2016-05-03 23:00:00,41.667,0.0,22.76,35.054,20.436,36.311,22.951,36.196,22.511,33.688,21.172,50.937,4.784,19.719,21.5,33.402,23.85,40.752,20.332,38.624,6.417,766.242,78.167,1.0,40.0,2.833
2016-05-04 00:00:00,51.667,0.0,22.589,35.273,20.06,37.062,23.1,36.734,22.397,33.602,21.022,49.386,4.045,27.441,21.5,34.534,23.633,42.12,20.378,39.142,5.467,766.425,80.333,1.0,40.0,2.35
2016-05-04 01:00:00,53.333,0.0,22.445,35.439,19.766,37.52,23.198,37.026,22.29,33.575,20.879,48.296,3.42,31.93,21.493,34.926,23.466,42.712,20.39,39.495,4.175,766.6,86.667,1.0,40.0,2.167
2016-05-04 02:00:00,55.0,0.0,22.303,35.525,19.503,37.907,23.26,37.173,22.215,33.515,20.801,47.577,2.83,34.162,21.411,34.707,23.324,42.744,20.383,39.688,3.792,766.6,89.0,1.0,40.0,2.192
2016-05-04 03:00:00,38.333,0.0,22.156,35.673,19.26,38.141,23.28,37.2,22.106,33.59,20.705,47.133,2.239,37.124,21.436,35.249,23.194,42.745,20.385,39.971,3.083,766.642,90.25,1.0,35.417,1.65
2016-05-04 04:00:00,50.0,0.0,21.999,35.76,19.078,38.327,23.189,37.2,22.035,33.541,20.617,46.738,1.791,39.668,21.413,35.377,23.121,42.175,20.383,40.136,2.375,766.658,92.417,1.0,33.583,1.217
2016-05-04 05:00:00,66.667,3.333,21.89,36.382,18.881,39.319,23.078,36.653,21.951,33.661,20.57,46.494,1.526,41.664,21.39,35.416,22.964,41.584,20.375,40.244,1.992,766.6,93.417,1.0,40.0,1.017
2016-05-04 06:00:00,115.0,0.0,21.89,36.409,18.79,39.562,22.922,36.182,21.879,33.584,20.511,45.554,2.444,45.658,21.262,34.399,22.812,40.196,20.279,38.964,1.908,766.642,94.0,1.0,34.583,1.067
2016-05-04 07:00:00,60.0,0.0,21.84,35.761,18.92,39.01,22.78,35.804,21.801,33.43,20.51,44.973,5.043,49.896,21.193,33.936,22.694,39.402,20.212,37.237,3.825,766.7,89.417,1.0,27.833,2.175
2016-05-04 08:00:00,175.0,1.667,21.869,36.13,22.059,35.977,23.065,35.05,21.929,33.881,20.544,44.171,11.483,20.376,21.227,34.723,22.6,38.979,20.417,36.451,7.35,766.783,76.75,1.0,33.583,3.442
2016-05-04 09:00:00,71.667,5.0,22.16,37.827,25.561,32.084,23.117,35.18,22.469,34.322,20.502,46.543,14.356,1.012,21.172,33.349,22.506,38.621,20.538,37.408,9.933,766.858,65.917,1.417,40.0,3.792
2016-05-04 10:00:00,83.333,3.333,22.51,38.983,26.494,28.981,23.11,35.777,22.81,34.92,20.822,59.376,16.143,1.0,21.084,31.43,22.605,38.314,20.531,37.681,11.933,766.842,58.0,2.417,40.0,3.742
2016-05-04 11:00:00,76.667,1.667,22.511,32.918,25.588,25.004,22.554,32.529,23.044,32.716,20.628,51.424,17.028,1.0,21.118,30.516,22.857,37.39,20.516,37.303,13.642,766.817,48.5,3.0,40.0,2.892
2016-05-04 12:00:00,65.0,3.333,22.686,33.173,25.235,27.095,22.781,32.873,23.133,32.561,20.6,48.151,16.957,1.0,21.278,30.49,23.043,36.571,20.507,37.081,14.442,766.658,42.917,2.583,40.0,1.933
2016-05-04 13:00:00,70.0,3.333,23.025,33.965,24.67,28.713,22.996,33.545,23.218,32.989,20.6,47.297,17.274,1.0,21.597,30.005,23.45,36.087,20.509,36.952,14.917,766.433,38.333,2.417,40.0,0.792
2016-05-04 14:00:00,70.0,3.333,23.343,34.376,24.3,29.794,23.171,33.863,23.29,33.201,20.589,46.597,17.451,1.0,22.044,29.331,23.963,35.47,20.5,36.891,15.375,766.075,35.583,3.0,40.0,0.25
2016-05-04 15:00:00,68.333,0.0,23.567,34.74,24.023,30.82,23.27,34.117,23.433,33.948,20.589,46.009,17.454,1.0,22.448,29.157,24.4,35.627,20.5,36.777,15.408,765.775,35.0,3.417,40.0,0.067
2016-05-04 16:00:00,81.667,0.0,23.7,33.192,23.761,30.194,23.238,34.646,23.5,34.03,20.676,44.666,17.303,1.0,22.653,28.204,24.55,36.84,20.557,37.257,15.867,765.433,35.0,4.0,40.0,0.425
2016-05-04 17:00:00,113.333,0.0,23.7,31.216,23.427,28.172,23.29,34.639,23.427,32.786,20.974,41.608,17.388,1.0,22.613,27.188,24.672,36.492,20.6,36.444,16.1,765.033,34.583,3.583,40.0,0.475
2016-05-04 18:00:00,133.333,0.0,23.78,32.794,23.25,29.541,23.39,34.627,23.335,32.375,21.228,40.619,17.128,1.0,22.582,27.645,24.793,36.344,20.546,34.931,15.892,764.675,36.5,3.417,40.0,0.967
2016-05-04 19:00:00,111.667,0.0,23.74,33.247,22.968,30.851,23.357,34.901,23.27,32.294,21.29,40.251,16.573,1.0,22.453,28.331,24.893,35.64,20.5,34.106,15.183,764.417,41.667,3.583,40.0,2.108
2016-05-04 20:00:00,100.0,0.0,23.65,33.241,22.547,31.589,23.133,35.116,23.161,32.319,21.178,39.748,12.176,1.199,22.39,29.977,24.925,36.399,20.414,32.834,13.642,764.258,48.167,3.0,40.0,2.692
2016-05-04 21:00:00,75.0,0.0,23.475,33.706,22.091,32.973,23.1,35.374,23.072,32.854,21.122,40.296,9.427,6.074,22.407,32.665,24.949,37.567,20.39,33.58,11.592,764.242,55.667,3.0,40.0,2.933
2016-05-04 22:00:00,55.0,1.667,23.329,34.073,21.579,34.237,23.223,35.758,23.0,33.055,21.089,41.194,8.168,9.824,22.484,34.443,24.879,38.539,20.402,35.227,10.267,764.342,58.833,2.583,40.0,2.575
2016-05-04 23:00:00,55.0,0.0,23.17,34.458,21.152,35.208,23.406,36.28,22.896,33.09,21.05,41.949,7.139,13.437,22.371,34.503,24.58,38.98,20.408,36.877,9.342,764.275,61.667,2.0,40.0,2.317
2016-05-05 00:00:00,40.0,0.0,23.056,34.57,20.783,35.763,23.476,36.56,22.79,32.9,21.0,41.633,6.535,16.42,22.29,34.678,24.356,40.237,20.488,37.773,8.408,764.058,64.417,2.0,40.0,1.992
2016-05-05 01:00:00,56.667,0.0,22.916,34.592,20.444,36.065,23.451,36.797,22.72,32.9,20.908,41.673,6.217,20.606,22.278,34.476,24.178,41.455,20.5,38.273,7.5,763.875,68.333,2.417,40.0,1.908
2016-05-05 02:00:00,51.667,0.0,22.745,34.58,20.197,36.459,23.5,36.971,22.633,32.863,20.879,41.794,6.14,22.361,22.239,34.445,23.986,41.975,20.5,38.661,6.967,763.658,71.333,3.417,40.0,2.033
2016-05-05 03:00:00,55.0,0.0,22.628,34.59,19.997,36.692,23.561,37.02,22.561,32.9,20.835,41.862,5.584,25.042,22.2,34.226,23.834,41.852,20.511,39.042,6.867,763.475,70.25,3.583,40.0,1.758
2016-05-05 04:00:00,51.667,0.0,22.487,34.663,19.808,36.911,23.533,37.055,22.494,32.894,20.79,41.866,4.667,27.611,22.2,34.458,23.732,41.334,20.5,39.354,5.817,763.3,74.917,2.583,40.0,1.7
2016-05-05 05:00:00,38.333,0.0,22.34,34.712,19.633,37.08,23.514,36.994,22.39,32.824,20.765,41.808,4.278,31.487,22.122,34.569,23.613,40.823,20.5,39.59,4.667,763.3,80.25,2.0,40.0,1.533
2016-05-05 06:00:00,58.333,0.0,22.21,34.742,19.589,37.17,23.451,36.956,22.323,32.875,20.7,41.82,4.833,32.711,22.097,34.558,23.511,40.651,20.583,39.728,4.658,763.258,79.083,2.417,40.0,1.258
2016-05-05 07:00:00,166.667,1.667,22.27,35.894,19.736,37.643,23.312,35.963,22.29,32.92,20.773,41.01,7.809,18.642,21.934,33.058,23.361,39.314,20.6,39.182,6.425,763.117,71.25,2.583,40.0,1.533
2016-05-05 08:00:00,173.333,1.667,22.29,34.543,22.959,32.101,23.551,35.18,22.359,32.251,20.79,40.073,13.46,1.664,21.856,32.038,23.198,37.837,20.75,37.474,9.375,762.917,60.583,2.417,40.0,1.958
2016-05-05 09:00:00,85.0,1.667,22.362,32.697,25.98,26.397,23.451,33.938,22.793,31.874,20.75,39.02,16.146,1.0,21.79,31.406,23.114,37.353,20.812,37.538,12.133,762.717,50.917,3.833,40.0,2.108
2016-05-05 10:00:00,96.667,1.667,22.498,32.569,26.941,25.257,23.385,33.972,22.857,31.5,21.764,67.553,18.017,1.0,21.79,29.528,23.174,36.887,20.801,37.276,14.008,762.475,44.25,5.0,40.0,1.9
2016-05-05 11:00:00,88.333,1.667,22.661,29.15,26.233,21.01,23.269,32.58,22.79,29.352,21.286,51.81,19.074,1.0,21.813,26.739,23.486,35.72,20.812,36.368,15.542,762.092,37.75,4.167,40.0,1.117
2016-05-05 12:00:00,103.333,3.333,22.92,27.509,25.563,21.762,23.133,31.052,22.752,28.975,21.128,43.885,18.901,1.0,22.007,26.027,23.684,35.076,20.801,35.537,16.717,761.675,34.333,3.417,35.0,0.75
2016-05-05 13:00:00,41.667,0.0,23.229,28.84,24.962,23.717,22.988,32.139,22.7,29.374,21.017,40.923,19.132,1.0,22.303,25.869,23.567,34.186,20.812,35.161,17.383,761.333,30.333,4.0,33.0,-0.35
2016-05-05 14:00:00,55.0,0.0,23.578,29.486,24.69,25.506,23.111,32.709,22.75,30.32,21.0,40.974,19.664,1.0,22.787,26.427,23.354,34.198,20.801,35.562,18.292,760.808,28.417,3.583,40.0,-0.483
2016-05-05 15:00:00,58.333,0.0,23.822,29.064,24.433,25.842,23.269,33.116,22.79,30.919,21.0,40.602,20.013,1.0,22.912,26.76,23.29,34.43,20.79,35.485,19.275,760.233,29.833,3.417,40.0,1.092
2016-05-05 16:00:00,51.667,0.0,24.017,30.781,24.318,27.568,23.433,33.632,22.79,31.283,21.1,40.819,20.463,1.0,22.784,26.769,23.219,34.466,20.79,35.464,19.225,759.667,30.583,4.417,40.0,1.417
2016-05-05 17:00:00,203.333,0.0,24.1,32.264,24.181,28.529,23.561,33.98,22.79,31.475,21.452,40.861,20.6,1.0,22.671,26.999,23.183,34.511,20.809,35.404,19.275,759.033,30.0,5.0,40.0,1.217
2016-05-05 18:00:00,161.667,1.667,24.172,37.248,23.963,29.557,23.611,33.939,22.829,31.856,21.7,39.672,20.596,1.0,22.6,28.126,23.061,34.019,20.89,35.992,19.1,758.55,31.667,4.583,40.0,1.767
2016-05-05 19:00:00,98.333,0.0,24.156,33.609,23.708,30.718,23.611,34.362,22.963,32.476,22.307,62.77,19.96,1.0,22.6,29.564,22.97,34.512,20.924,35.878,18.517,758.075,38.583,3.583,40.0,3.825
2016-05-05 20:00:00,98.333,0.0,24.089,33.761,23.383,31.939,23.6,34.784,23.0,32.77,21.952,52.585,15.939,1.0,22.6,30.692,22.868,35.314,20.89,35.804,16.95,757.817,47.083,3.417,40.0,5.358
2016-05-05 21:00:00,71.667,3.333,23.976,34.152,22.957,33.068,23.6,35.031,23.045,33.041,22.091,67.572,13.098,3.898,22.647,32.229,22.917,37.609,20.903,36.148,15.025,757.7,54.167,3.167,40.0,5.592
2016-05-05 22:00:00,56.667,1.667,23.816,34.565,22.485,34.031,23.6,35.336,22.982,33.293,21.406,48.229,11.403,8.407,22.662,34.152,23.145,41.618,20.895,37.021,13.217,757.575,62.083,2.0,40.0,5.958
2016-05-05 23:00:00,55.0,0.0,23.661,34.92,22.064,34.957,23.6,35.525,22.89,33.607,20.951,43.939,10.373,15.689,22.6,35.224,23.28,44.261,20.956,38.012,11.858,757.358,67.917,2.0,40.0,5.983
2016-05-06 00:00:00,41.667,0.0,23.528,35.391,21.688,35.886,23.672,35.867,22.84,33.905,20.616,42.764,9.396,23.29,22.6,36.164,23.255,43.524,20.993,38.952,10.767,757.3,73.25,2.0,40.0,6.1
2016-05-06 01:00:00,58.333,0.0,23.374,35.617,21.36,36.585,23.73,36.578,22.79,33.983,20.299,41.684,8.958,29.306,22.6,36.44,23.139,43.663,21.0,39.625,10.008,757.175,76.25,2.0,40.0,6.058
2016-05-06 02:00:00,50.0,0.0,23.25,35.78,21.1,37.117,23.857,36.94,22.73,34.082,20.037,41.308,8.864,31.843,22.581,36.888,23.1,44.78,21.002,40.002,9.308,756.833,78.417,2.417,40.0,5.792
2016-05-06 03:00:00,58.333,0.0,23.144,35.976,20.902,37.61,23.89,37.163,22.678,34.26,19.783,41.344,8.494,35.641,22.507,37.006,23.056,44.162,21.08,40.562,9.192,756.433,78.167,3.0,40.0,5.583
2016-05-06 04:00:00,50.0,0.0,23.029,36.13,20.697,37.934,23.89,37.235,22.622,34.417,19.554,41.399,8.084,39.16,22.5,36.941,23.0,43.074,21.093,40.89,9.392,756.033,77.833,3.417,40.0,5.658
2016-05-06 05:00:00,51.667,0.0,22.873,36.314,20.539,38.227,23.902,37.326,22.561,34.515,19.303,41.064,7.808,41.072,22.483,36.808,22.927,42.53,21.09,41.085,8.892,755.633,80.25,4.0,40.0,5.642
2016-05-06 06:00:00,73.333,1.667,22.79,36.748,20.561,38.411,23.89,37.263,22.5,34.672,19.397,50.079,8.444,40.905,22.48,37.178,22.851,42.071,21.1,41.336,9.017,755.317,80.75,3.583,40.0,5.867
2016-05-06 07:00:00,246.667,0.0,22.79,37.329,20.742,38.866,23.831,36.798,22.5,35.287,19.55,56.935,10.795,37.909,22.323,35.879,22.79,41.846,21.119,41.019,10.058,755.2,78.583,2.167,40.0,6.475
2016-05-06 08:00:00,95.0,0.0,22.686,36.685,23.16,35.594,23.552,35.807,22.653,35.629,19.55,52.618,16.556,11.484,22.228,34.97,22.78,41.58,21.325,41.686,12.158,755.075,75.083,1.0,40.0,7.792
2016-05-06 09:00:00,273.333,0.0,22.656,37.189,25.65,32.053,23.696,35.749,23.23,35.78,19.6,49.507,19.731,1.111,22.224,34.85,22.912,41.468,21.427,40.681,15.117,754.775,64.333,1.833,40.0,8.275
2016-05-06 10:00:00,90.0,0.0,22.803,38.15,26.941,30.983,23.644,36.384,23.707,35.802,19.642,48.457,21.881,1.0,22.266,35.083,23.1,40.519,21.45,40.291,17.067,754.475,52.917,3.0,40.0,7.358
2016-05-06 11:00:00,110.0,0.0,23.032,38.19,26.867,30.4,23.745,36.716,24.069,35.7,19.77,47.85,23.294,1.0,22.348,34.984,23.178,39.584,21.5,40.017,18.625,754.175,49.167,3.0,40.0,7.633
2016-05-06 12:00:00,138.333,0.0,23.382,37.241,26.518,30.408,23.823,36.824,24.225,35.592,19.891,47.404,24.125,1.0,22.54,34.657,23.313,38.865,21.493,39.96,20.0,753.875,46.333,3.417,40.0,8.058
2016-05-06 13:00:00,80.0,0.0,23.824,35.402,26.027,29.706,23.891,36.327,24.215,35.087,19.976,45.939,23.879,1.0,22.906,33.421,23.402,37.661,21.5,39.372,21.033,753.575,42.333,4.417,40.0,7.75
2016-05-06 14:00:00,160.0,0.0,24.249,35.01,25.567,30.32,24.0,35.688,24.125,35.0,20.094,45.473,23.62,1.0,23.343,32.796,23.47,37.461,21.5,39.08,21.833,753.275,39.583,4.583,40.0,7.525
2016-05-06 15:00:00,75.0,1.667,24.589,33.709,25.313,30.606,24.078,35.777,24.011,34.874,20.21,45.112,24.067,1.0,23.752,32.057,23.611,36.957,21.5,38.683,22.342,753.017,37.75,4.417,40.0,7.242
2016-05-06 16:00:00,70.0,0.0,24.76,34.587,25.144,31.14,24.2,36.064,23.988,35.041,20.41,44.608,24.364,1.0,23.958,32.159,23.7,37.21,21.5,38.676,22.567,752.817,36.417,5.0,40.0,6.975
2016-05-06 17:00:00,93.333,1.667,24.823,35.761,25.015,32.764,24.316,36.023,23.911,35.534,20.82,44.973,24.307,1.0,23.952,32.918,23.71,38.096,21.567,39.039,22.633,752.617,39.5,5.0,40.0,8.125
2016-05-06 18:00:00,176.667,1.667,24.79,37.053,24.885,33.552,24.42,36.136,23.89,35.741,21.177,44.798,23.889,1.0,23.822,33.084,23.814,39.138,21.6,39.09,22.442,752.5,43.0,4.583,40.0,9.042
2016-05-06 19:00:00,126.667,6.667,24.755,38.052,24.41,35.227,24.611,36.828,23.89,36.136,21.498,51.116,22.707,1.0,23.668,33.851,24.146,40.415,21.6,39.32,21.917,752.417,44.667,3.583,40.0,9.142
2016-05-06 20:00:00,116.667,10.0,24.65,38.556,24.058,36.59,24.7,37.138,24.013,37.086,21.515,56.794,17.667,1.999,23.487,34.414,24.637,40.799,21.6,39.67,20.058,752.342,48.25,2.583,32.5,8.7
2016-05-06 21:00:00,71.667,1.667,24.567,38.347,23.761,36.92,24.689,37.292,24.0,36.909,21.362,52.881,14.835,8.02,23.301,34.5,24.707,41.814,21.6,39.651,17.808,752.442,52.917,1.583,29.5,8.042
2016-05-06 22:00:00,53.333,0.0,24.451,38.226,23.296,37.317,24.656,37.551,23.976,36.718,21.29,51.525,13.684,12.16,23.209,34.412,24.539,42.526,21.6,40.266,15.533,752.5,62.417,1.0,40.0,8.267
2016-05-06 23:00:00,58.333,1.667,24.313,38.02,22.907,37.953,24.689,37.75,23.868,36.7,21.213,50.647,12.764,17.621,23.123,34.548,24.406,43.676,21.656,41.327,13.317,752.5,73.333,1.833,40.0,8.625
2016-05-07 00:00:00,51.667,0.0,24.188,38.05,22.552,38.522,24.661,37.837,23.807,36.775,21.2,49.952,12.324,21.92,23.063,34.592,24.25,44.128,21.7,42.006,12.208,752.5,78.417,3.0,40.0,8.55
2016-05-07 01:00:00,56.667,0.0,24.072,37.972,22.266,38.818,24.499,37.759,23.75,36.79,21.1,49.542,11.872,20.804,22.996,34.478,24.056,44.731,21.7,42.654,13.05,752.5,68.583,2.583,40.0,7.075
2016-05-07 02:00:00,53.333,0.0,23.994,37.9,22.022,38.997,24.39,37.602,23.7,36.71,21.111,49.096,11.415,20.833,22.89,34.36,23.885,44.32,21.765,43.102,14.717,752.458,53.583,2.417,40.0,5.333
2016-05-07 03:00:00,55.0,0.0,23.84,37.818,21.817,39.089,24.457,37.878,23.644,36.651,21.1,48.602,10.792,23.269,22.84,34.224,23.785,43.442,21.79,43.265,13.558,752.275,58.0,2.167,40.0,5.308
2016-05-07 04:00:00,55.0,0.0,23.76,37.842,21.642,39.151,24.511,38.151,23.594,36.621,21.1,48.124,10.755,23.189,22.784,34.058,23.7,43.075,21.79,43.345,12.017,752.017,64.583,1.0,40.0,5.433
2016-05-07 05:00:00,51.667,0.0,23.645,37.764,21.507,39.2,24.622,38.24,23.522,36.608,21.092,47.684,11.153,20.913,22.758,33.95,23.617,42.357,21.79,43.4,11.65,751.9,65.25,1.417,40.0,5.283
2016-05-07 06:00:00,53.333,0.0,23.511,37.71,21.54,39.118,24.666,38.26,23.488,36.657,21.1,47.25,12.132,19.803,22.713,33.905,23.524,42.119,21.801,43.399,11.842,751.942,66.583,1.583,40.0,5.817
2016-05-07 07:00:00,148.333,0.0,23.402,38.111,21.879,39.047,24.745,38.204,23.399,36.842,21.1,46.92,14.351,18.083,22.7,34.102,23.5,42.61,21.879,43.627,13.683,752.083,62.25,1.417,40.0,6.525
2016-05-07 08:00:00,121.667,0.0,23.522,39.241,25.169,36.036,25.076,37.718,23.55,37.581,21.156,46.272,20.238,3.329,22.7,34.697,23.533,43.186,22.004,42.836,15.992,752.242,57.417,2.417,40.0,7.492
2016-05-07 09:00:00,153.333,0.0,23.718,39.34,27.587,32.28,25.083,37.328,23.6,37.606,21.891,61.212,23.177,1.0,22.734,34.983,23.6,43.229,22.139,43.233,18.017,752.383,55.083,3.0,40.0,8.725
2016-05-07 10:00:00,178.333,0.0,23.992,38.813,28.525,29.359,25.006,37.015,23.697,37.036,22.074,78.878,24.709,1.0,22.809,33.902,23.73,41.262,22.209,41.894,20.3,752.5,46.0,3.417,40.0,8.15
2016-05-07 11:00:00,161.667,0.0,24.418,34.328,28.398,28.133,24.927,36.663,23.76,36.042,21.75,63.255,25.488,1.0,22.908,32.868,24.26,39.725,22.256,40.791,22.117,752.458,37.333,4.0,40.0,6.892
2016-05-07 12:00:00,86.667,0.0,24.88,32.619,27.828,26.785,24.914,36.363,23.876,35.363,21.667,53.968,25.407,1.0,23.076,31.75,24.427,38.136,22.232,39.528,23.033,752.317,32.5,4.417,40.0,5.6
2016-05-07 13:00:00,75.0,3.333,25.132,32.589,27.284,27.182,25.017,36.226,24.081,34.78,21.667,49.349,25.408,1.0,23.361,31.577,24.39,36.618,22.27,38.792,23.708,752.158,28.583,5.417,40.0,4.325
2016-05-07 14:00:00,88.333,0.0,25.464,32.374,27.063,28.013,25.089,36.204,24.244,34.771,21.7,47.163,25.562,1.0,23.39,30.823,24.445,35.703,22.29,38.096,24.25,752.1,26.75,5.167,40.0,3.875
2016-05-07 15:00:00,103.333,0.0,25.65,30.981,26.562,27.772,25.183,35.983,24.368,34.9,21.76,45.435,25.69,1.0,23.401,30.814,24.718,36.117,22.29,37.624,24.933,751.933,25.833,4.0,40.0,3.833
2016-05-07 16:00:00,91.667,0.0,25.633,31.633,26.202,29.004,25.2,35.903,24.439,34.908,21.84,44.498,25.26,1.0,23.436,31.275,24.79,36.117,22.29,37.764,25.275,751.533,26.583,4.0,40.0,4.625
2016-05-07 17:00:00,83.333,0.0,25.5,33.055,26.072,30.442,25.292,35.877,24.5,35.24,22.076,44.439,26.369,1.0,23.509,32.344,24.79,36.257,22.29,38.165,24.058,751.258,32.667,3.583,40.0,6.183
2016-05-07 18:00:00,285.0,1.667,25.5,36.063,25.923,31.452,25.346,35.905,24.5,35.349,22.318,44.352,26.528,1.0,23.726,33.515,24.842,36.788,22.322,38.222,23.1,751.117,39.5,3.0,40.0,8.6
2016-05-07 19:00:00,120.0,1.667,25.381,37.562,25.335,34.981,25.368,36.379,24.5,35.91,22.509,45.058,26.321,1.0,23.804,34.965,25.125,38.704,22.36,38.598,23.342,751.125,39.75,2.583,40.0,8.858
2016-05-07 20:00:00,86.667,0.0,25.132,38.918,24.588,37.53,25.39,37.086,24.5,36.979,23.02,62.36,20.714,1.0,23.898,37.324,25.335,40.222,22.39,39.456,22.117,751.3,47.917,1.583,40.0,10.533
2016-05-07 21:00:00,56.667,1.667,25.01,38.78,24.497,36.954,25.346,37.442,24.463,37.25,22.95,74.448,16.522,4.759,23.781,36.579,25.259,41.72,22.39,39.784,19.842,751.425,56.167,1.0,40.0,10.75
2016-05-07 22:00:00,58.333,1.667,24.885,38.753,24.084,37.384,25.39,37.602,24.402,37.454,22.733,60.183,15.015,11.864,23.703,36.815,25.113,42.751,22.39,40.138,16.883,751.642,66.167,1.0,40.0,10.483
2016-05-07 23:00:00,56.667,0.0,24.78,38.79,23.637,38.044,25.481,38.163,24.323,37.411,22.567,55.732,14.021,14.791,23.704,37.524,25.105,44.141,22.39,40.96,14.767,751.7,75.75,1.0,40.0,10.475
2016-05-08 00:00:00,58.333,0.0,24.694,38.857,23.304,38.434,25.611,38.472,24.285,37.345,22.506,53.346,13.38,18.173,23.7,38.15,24.984,44.4,22.405,41.744,13.35,751.7,81.833,1.417,40.0,10.258
2016-05-08 01:00:00,51.667,0.0,24.611,38.875,23.008,38.894,25.683,38.64,24.23,37.327,22.396,51.895,12.855,23.259,23.732,39.319,24.814,44.349,22.493,42.513,12.708,751.742,83.833,1.583,40.0,10.033
2016-05-08 02:00:00,55.0,0.0,24.511,38.999,22.767,39.404,25.689,38.775,24.2,37.345,22.379,51.073,12.768,26.503,23.786,39.626,24.761,43.935,22.5,43.174,12.175,751.758,85.417,1.417,34.583,9.758
2016-05-08 03:00:00,56.667,0.0,24.426,39.08,22.611,39.898,25.7,38.802,24.167,37.495,22.312,50.529,13.877,27.34,23.79,40.296,24.627,43.626,22.535,43.989,12.333,751.7,85.583,2.0,27.417,9.95
2016-05-08 04:00:00,50.0,0.0,24.362,39.43,22.5,40.664,25.71,38.987,24.1,37.762,22.29,50.139,14.248,30.052,23.805,41.315,24.594,44.499,22.595,44.808,13.05,751.533,85.833,1.583,26.75,10.675
2016-05-08 05:00:00,56.667,0.0,24.245,39.735,22.489,41.051,25.73,39.03,24.1,38.062,22.29,49.89,14.196,30.054,23.797,41.362,24.542,44.728,22.6,45.495,13.567,751.342,84.083,1.0,26.667,10.867
2016-05-08 06:00:00,50.0,0.0,24.161,39.96,22.572,40.913,25.79,38.94,24.072,38.28,22.29,49.635,14.253,29.352,23.871,41.508,24.488,44.474,22.64,45.794,13.592,751.525,80.833,1.0,29.0,10.358
2016-05-08 07:00:00,60.0,0.0,24.1,40.472,22.831,40.758,25.79,38.873,24.028,38.554,22.29,49.369,16.106,27.095,23.846,41.474,24.439,44.557,22.715,46.106,14.342,751.825,78.25,1.0,28.167,10.55
2016-05-08 08:00:00,183.333,1.667,24.208,42.328,25.782,37.904,26.108,38.327,24.192,38.902,22.301,49.764,21.887,4.187,23.886,42.236,24.411,44.659,22.868,45.78,17.008,752.042,67.583,1.0,32.417,10.817
2016-05-08 09:00:00,143.333,0.0,24.427,41.896,28.864,33.429,26.242,38.394,24.624,39.541,23.296,78.399,24.725,1.0,23.899,42.074,24.528,46.001,22.99,44.942,19.492,752.1,57.083,1.417,40.0,10.658
2016-05-08 10:00:00,135.0,0.0,24.725,42.269,29.728,31.924,26.192,38.571,25.089,39.683,23.176,61.128,26.443,1.0,23.961,40.831,24.434,44.807,23.1,44.43,21.642,752.1,50.5,2.0,40.0,10.85
2016-05-08 11:00:00,50.0,0.0,24.908,41.54,29.183,31.779,26.124,38.614,25.134,38.608,23.033,49.349,27.492,1.0,23.89,38.472,24.349,41.975,23.1,43.484,23.225,752.058,46.583,2.417,40.0,11.158
2016-05-08 12:00:00,56.667,0.0,25.039,40.172,28.363,31.73,26.1,38.567,25.122,37.976,23.092,44.976,27.596,1.0,23.89,37.194,24.448,40.107,23.1,42.472,23.9,751.917,44.333,3.417,40.0,11.017
2016-05-08 13:00:00,56.667,0.0,25.1,39.27,27.617,31.903,26.129,38.398,25.1,37.558,23.22,41.708,27.454,1.0,23.89,36.22,24.625,38.653,23.1,41.69,24.892,751.758,38.667,4.0,40.0,9.775
2016-05-08 14:00:00,56.667,0.0,25.1,38.296,27.062,31.895,26.181,38.158,25.1,37.023,23.427,38.61,27.94,1.0,23.96,34.865,24.754,36.954,23.1,40.723,25.05,751.533,33.583,4.0,40.0,7.825
2016-05-08 15:00:00,50.0,0.0,25.167,37.473,26.648,31.62,26.193,37.937,25.056,36.486,23.739,35.79,28.136,1.0,24.01,33.553,24.89,35.594,23.1,39.721,24.575,751.175,33.0,4.0,40.0,7.175
2016-05-08 16:00:00,55.0,0.0,25.144,36.762,26.293,31.509,26.208,37.674,25.006,35.942,24.089,33.552,27.844,1.0,24.063,32.27,24.891,34.319,23.1,38.652,25.108,750.958,32.167,4.0,40.0,7.208
2016-05-08 17:00:00,56.667,0.0,25.13,36.072,26.02,31.268,26.257,37.376,25.0,35.473,24.261,32.05,26.928,1.0,24.086,31.232,24.744,34.151,23.1,37.977,25.933,750.775,28.083,5.25,40.0,5.875
2016-05-08 18:00:00,50.0,0.0,25.1,35.412,25.74,30.699,26.275,37.102,24.902,34.93,24.484,30.188,26.381,1.0,24.074,29.979,24.607,33.163,23.1,37.542,25.45,750.6,25.25,6.167,35.417,4.017
2016-05-08 19:00:00,60.0,1.667,25.028,35.132,25.52,30.944,26.174,36.598,24.902,34.694,24.324,31.111,24.731,1.0,24.064,30.052,24.486,33.664,23.1,37.457,24.558,750.6,29.083,4.583,33.583,5.183
2016-05-08 20:00:00,78.333,1.667,24.922,36.297,24.873,33.358,26.167,36.478,24.89,35.069,24.186,40.119,20.402,1.0,24.154,32.782,24.553,36.906,23.117,38.608,22.717,750.725,36.167,4.0,40.0,6.75
2016-05-08 21:00:00,63.333,0.0,24.74,37.797,24.104,35.83,26.043,36.849,24.89,35.49,23.915,38.292,17.347,1.078,24.181,34.659,24.672,39.845,23.159,39.614,20.7,751.067,43.667,4.0,40.0,7.883
2016-05-08 22:00:00,58.333,0.0,24.611,38.464,23.985,36.126,26.156,37.499,24.879,35.89,23.74,38.875,16.24,4.258,24.2,36.33,24.659,41.307,23.175,39.917,18.625,751.425,52.25,3.167,40.0,8.458
2016-05-08 23:00:00,53.333,0.0,24.578,38.4,23.697,36.751,26.29,37.874,24.804,36.05,23.645,39.25,15.694,7.067,24.22,37.984,24.53,42.168,23.188,41.179,16.95,751.642,59.333,2.417,40.0,8.892
2016-05-09 00:00:00,55.0,0.0,24.5,38.461,23.415,37.284,26.29,38.118,24.758,36.061,23.511,39.467,15.449,8.312,24.26,38.691,24.457,42.22,23.2,42.409,16.842,751.783,58.667,2.583,40.0,8.558
2016-05-09 01:00:00,58.333,0.0,24.457,38.51,23.208,37.684,26.362,38.2,24.728,36.076,23.427,39.54,15.422,7.126,24.29,38.562,24.383,41.353,23.248,43.571,15.95,751.858,61.417,2.0,40.0,8.458
2016-05-09 02:00:00,55.0,0.0,24.39,38.439,22.998,37.8,26.39,38.209,24.701,36.132,23.39,39.363,14.965,6.551,24.29,38.431,24.3,40.588,23.29,44.402,15.475,751.758,61.167,2.0,40.0,8.067
2016-05-09 03:00:00,53.333,0.0,24.336,38.388,22.813,37.95,26.368,38.27,24.668,36.2,23.296,39.29,14.639,7.346,24.286,38.258,24.243,40.176,23.308,45.004,15.008,751.783,60.417,2.417,40.0,7.392
2016-05-09 04:00:00,56.667,0.0,24.27,38.28,22.65,38.23,26.357,38.26,24.625,36.2,23.235,39.24,12.841,10.88,24.283,38.538,24.15,39.837,23.337,45.467,13.85,751.9,65.583,2.583,40.0,7.392
2016-05-09 05:00:00,65.0,3.333,24.261,39.098,22.506,39.392,26.172,37.828,24.6,36.333,23.133,39.873,11.376,18.61,24.26,38.224,24.045,39.922,23.348,45.564,11.717,752.067,77.417,1.583,40.0,7.8
2016-05-09 06:00:00,55.0,1.667,24.365,39.453,22.578,39.93,25.823,36.872,24.519,36.578,23.011,41.442,11.798,24.377,24.214,37.591,24.0,40.404,23.347,43.519,10.992,752.383,82.5,1.417,35.417,8.092
2016-05-09 07:00:00,56.667,1.667,24.27,39.308,23.006,39.375,25.974,37.127,24.5,36.939,23.0,41.911,15.849,19.247,24.1,36.722,23.89,40.193,23.328,42.33,13.308,752.5,75.25,2.0,33.583,8.917
2016-05-09 08:00:00,61.667,1.667,24.27,39.113,25.191,36.558,26.209,37.073,24.57,37.322,23.0,41.986,20.288,1.174,24.007,35.926,23.842,39.852,23.451,41.306,15.875,752.625,66.25,2.417,40.0,9.5
2016-05-09 09:00:00,66.667,1.667,24.404,38.948,26.775,34.223,26.1,37.03,24.672,37.626,23.0,41.716,22.294,1.0,24.0,35.638,23.79,39.762,23.5,40.755,17.975,752.8,57.667,3.417,40.0,9.458
2016-05-09 10:00:00,55.0,0.0,24.556,39.248,27.591,33.019,26.156,37.23,24.79,37.977,23.061,41.81,24.658,1.0,24.0,36.302,23.79,40.339,23.5,40.834,19.783,752.8,50.917,3.583,40.0,9.275
2016-05-09 11:00:00,61.667,8.333,24.739,39.553,27.869,32.628,26.2,37.464,24.812,38.183,23.1,42.266,25.38,1.0,24.0,36.804,23.79,40.996,23.5,41.0,21.225,752.8,47.167,2.583,40.0,9.392
2016-05-09 12:00:00,135.0,11.667,24.94,39.986,27.656,33.071,26.27,37.663,24.994,38.613,23.166,42.671,25.984,1.0,24.0,37.182,23.822,41.54,23.544,41.085,22.1,752.842,46.833,2.417,40.0,10.133
2016-05-09 13:00:00,173.333,1.667,25.067,40.422,27.383,33.83,26.38,37.758,25.107,39.052,23.25,43.031,27.504,1.0,24.074,37.757,23.883,42.176,23.6,41.424,22.392,752.858,46.75,3.0,40.0,10.475
2016-05-09 14:00:00,88.333,0.0,25.196,40.386,26.927,34.286,26.327,37.739,25.111,38.901,23.312,43.27,26.978,1.0,24.134,37.508,23.893,42.024,23.6,41.336,22.675,752.8,46.667,3.0,40.0,10.717
2016-05-09 15:00:00,70.0,6.667,25.29,39.668,26.714,34.482,26.313,37.649,25.168,39.37,23.421,43.119,27.386,1.0,24.194,37.145,23.993,41.713,23.6,41.032,22.375,752.675,49.417,3.0,40.0,11.217
2016-05-09 16:00:00,78.333,21.667,25.34,39.131,26.51,34.647,26.442,37.75,25.379,39.333,23.5,42.824,27.24,1.0,24.215,36.998,24.023,41.724,23.6,40.98,22.825,752.458,47.083,3.0,40.0,10.767
2016-05-09 17:00:00,268.333,21.667,25.402,39.84,26.203,35.352,26.476,37.793,25.661,38.926,23.5,42.731,25.658,1.0,24.222,36.947,24.438,43.202,23.6,40.844,23.408,752.317,42.583,3.0,40.0,9.842
2016-05-09 18:00:00,120.0,18.333,25.567,43.508,25.831,38.068,26.456,38.302,25.611,40.124,23.572,46.373,23.308,1.003,24.21,37.408,24.828,44.451,23.6,41.072,22.667,752.158,43.25,3.0,40.0,9.367
2016-05-09 19:00:00,110.0,5.0,25.578,42.688,25.532,38.962,26.6,38.718,25.672,41.585,23.72,54.604,20.553,3.515,24.215,38.869,25.202,45.356,23.6,42.147,21.533,752.183,49.583,2.583,40.0,10.35
2016-05-09 20:00:00,95.0,10.0,25.5,42.777,25.282,39.852,26.57,39.036,25.544,41.327,23.6,50.251,19.183,7.998,24.2,39.534,25.482,45.843,23.6,42.688,20.058,752.342,58.083,2.0,35.417,11.442
2016-05-09 21:00:00,71.667,23.333,25.5,42.598,24.915,40.662,26.635,39.325,25.719,41.774,23.567,48.772,18.448,12.871,24.2,39.674,25.667,46.9,23.6,43.181,19.383,752.567,59.75,2.833,33.583,11.333
2016-05-09 22:00:00,71.667,20.0,25.396,42.657,24.552,41.61,26.7,39.541,25.928,41.972,23.575,48.458,17.607,23.3,24.2,40.023,25.6,48.082,23.6,43.936,19.125,752.925,61.75,3.583,40.0,11.6
2016-05-09 23:00:00,60.0,0.0,25.329,43.047,24.255,42.495,26.749,39.698,26.008,42.003,23.528,48.345,16.715,30.982,24.2,40.5,25.551,49.781,23.668,44.939,17.933,753.1,72.0,3.417,40.0,12.758
2016-05-10 00:00:00,51.667,0.0,25.26,43.151,24.01,43.126,26.79,39.837,25.772,41.786,23.506,48.314,16.185,35.991,24.2,40.752,25.5,50.675,23.693,46.022,16.708,753.017,81.083,3.167,40.0,13.483
2016-05-10 01:00:00,55.0,0.0,25.178,43.339,23.78,43.808,26.722,40.017,25.65,42.107,23.511,48.64,15.723,41.441,24.2,41.062,25.41,50.643,23.74,47.038,16.092,752.858,86.083,2.417,32.083,13.725
2016-05-10 02:00:00,56.667,0.0,25.1,43.607,23.578,44.428,26.78,40.228,25.539,42.443,23.5,48.625,15.278,45.885,24.181,41.35,25.39,51.094,23.781,48.185,15.508,752.675,91.5,2.583,21.0,14.067
2016-05-10 03:00:00,56.667,0.0,25.039,43.897,23.427,45.008,26.713,40.29,25.451,42.57,23.5,48.851,14.973,49.998,24.182,41.517,25.364,51.257,23.79,48.992,14.975,752.333,95.833,1.583,20.583,14.3
2016-05-10 04:00:00,50.0,0.0,24.982,44.167,23.288,45.496,26.55,40.39,25.39,42.7,23.5,48.706,14.737,53.286,24.173,41.559,25.39,50.776,23.832,49.487,14.717,751.892,97.0,1.0,20.417,14.258
2016-05-10 05:00:00,71.667,3.333,24.957,44.59,23.2,46.146,26.5,40.521,25.323,42.662,23.638,54.103,14.712,56.447,24.136,41.59,25.332,50.331,23.897,49.727,14.683,751.475,96.583,1.833,22.667,14.158
2016-05-10 06:00:00,63.333,1.667,24.988,45.436,23.15,47.216,26.5,40.887,25.165,44.178,24.079,68.694,15.101,57.974,24.168,42.12,25.268,49.874,23.988,49.086,14.925,751.175,94.75,3.0,31.25,14.017
2016-05-10 07:00:00,60.0,1.667,24.857,47.119,23.139,48.458,26.48,41.676,25.067,46.138,23.829,57.174,15.749,58.448,24.181,43.141,25.159,48.808,23.966,48.202,15.308,751.0,92.167,3.0,40.0,13.983
2016-05-10 08:00:00,56.667,0.0,24.76,47.339,23.213,48.483,26.509,41.824,25.1,45.826,23.744,53.932,16.161,58.284,24.2,43.729,25.1,48.544,23.89,47.838,15.683,751.0,90.583,3.417,32.083,14.1
2016-05-10 09:00:00,55.0,0.0,24.704,47.413,23.402,48.196,26.542,41.913,25.1,45.827,23.71,52.739,17.554,55.375,24.2,44.39,25.034,48.627,23.89,47.79,16.05,750.958,90.0,4.0,28.917,14.35
2016-05-10 10:00:00,53.333,0.0,24.73,47.688,23.652,48.196,26.5,42.068,25.111,45.896,23.7,51.484,18.45,50.37,24.27,45.078,25.0,48.894,23.929,47.921,16.483,750.942,89.167,4.0,35.0,14.658
2016-05-10 11:00:00,56.667,0.0,24.79,47.9,24.163,47.429,26.548,42.09,25.2,45.572,23.722,50.765,19.772,35.594,24.318,45.231,24.969,49.007,24.0,47.931,16.85,751.0,86.333,4.417,33.0,14.517
2016-05-10 12:00:00,58.333,0.0,24.862,47.84,24.952,45.806,26.6,42.03,25.326,45.377,23.79,50.35,21.781,21.13,24.51,45.002,25.052,48.949,24.0,47.727,17.492,750.917,84.833,4.583,40.0,14.858
2016-05-10 13:00:00,53.333,0.0,25.006,47.578,25.393,44.74,26.7,42.01,25.445,45.128,23.873,50.185,22.851,14.251,24.697,44.921,25.15,48.742,24.078,47.691,17.525,750.633,86.833,3.167,40.0,15.25
2016-05-10 14:00:00,53.333,0.0,25.145,47.284,25.586,44.044,26.7,42.09,25.5,44.885,23.914,49.986,23.739,7.916,24.85,44.576,25.239,48.357,24.1,47.59,17.875,750.275,83.0,3.25,40.0,14.858
2016-05-10 15:00:00,56.667,0.0,25.23,47.029,25.558,43.931,26.725,42.17,25.553,44.755,23.985,49.736,23.632,6.563,24.993,44.343,25.345,48.095,24.105,47.5,19.35,749.975,74.333,4.167,40.0,14.675
2016-05-10 16:00:00,63.333,0.0,25.29,46.937,25.468,44.022,26.79,42.098,25.533,44.651,24.0,49.55,23.217,6.465,25.0,44.141,25.373,48.01,24.121,47.419,19.742,749.675,70.333,2.583,40.0,14.208
2016-05-10 17:00:00,126.667,0.0,25.307,47.769,25.188,45.77,26.732,42.267,25.511,44.799,24.067,49.597,22.217,9.699,25.0,44.178,25.614,49.015,24.18,47.4,19.467,749.417,70.083,2.833,40.0,13.925
2016-05-10 18:00:00,101.667,0.0,25.34,48.668,24.726,46.965,26.204,43.484,25.439,45.829,24.766,66.652,21.456,11.063,24.968,44.104,25.888,49.114,24.2,47.19,18.875,749.217,75.917,3.583,40.0,14.558
2016-05-10 19:00:00,105.0,0.0,25.205,48.563,24.449,47.846,26.0,44.196,25.351,46.576,24.854,82.364,19.852,15.828,24.873,44.229,26.075,51.182,24.178,47.39,18.7,749.017,79.167,3.0,40.0,14.992
2016-05-10 20:00:00,95.0,0.0,25.104,48.327,24.276,47.657,25.966,43.775,25.278,46.185,24.514,68.905,16.209,35.381,24.667,44.209,26.221,52.935,24.03,47.779,17.992,749.025,78.0,3.0,40.0,14.075
2016-05-10 21:00:00,68.333,1.667,25.011,48.216,23.942,47.896,26.024,43.734,25.198,45.877,24.334,62.339,14.618,45.829,24.579,43.804,26.414,54.075,23.877,47.818,16.167,749.325,81.75,2.583,40.0,13.033
2016-05-10 22:00:00,58.333,0.0,24.976,47.953,23.61,48.209,26.345,43.749,25.114,45.588,24.286,61.75,14.652,52.534,24.6,43.092,26.333,53.286,23.989,47.247,14.917,749.458,87.833,2.0,40.0,12.883
2016-05-10 23:00:00,56.667,0.0,24.89,47.672,23.359,48.549,26.5,43.598,25.1,45.556,24.178,59.994,14.711,54.669,24.6,42.933,26.343,54.39,24.0,47.182,15.133,749.275,87.75,2.417,40.0,13.083
2016-05-11 00:00:00,51.667,0.0,24.851,47.461,23.175,48.825,26.569,43.527,25.062,45.527,24.111,58.95,14.418,55.351,24.6,42.88,26.245,54.286,24.014,47.238,15.392,748.975,88.5,3.0,40.0,13.45
2016-05-11 01:00:00,56.667,0.0,24.79,47.296,23.044,49.103,26.586,43.509,25.0,45.4,24.062,58.175,14.388,56.816,24.6,42.784,26.183,53.395,24.054,47.187,14.892,748.842,92.833,3.0,40.0,13.717
2016-05-11 02:00:00,56.667,0.0,24.752,47.29,22.897,49.375,26.662,43.44,24.996,45.4,24.0,57.534,14.626,57.504,24.583,42.778,26.106,52.663,24.044,47.069,14.6,748.9,94.0,2.583,40.0,13.6
2016-05-11 03:00:00,53.333,0.0,24.689,47.292,22.818,49.529,26.7,43.354,24.914,45.4,23.982,57.13,14.836,57.854,24.531,42.79,26.064,52.114,24.07,47.121,14.558,748.775,94.833,2.0,35.417,13.683
2016-05-11 04:00:00,51.667,0.0,24.622,47.292,22.774,49.738,26.692,43.387,24.89,45.421,23.902,56.658,14.924,57.93,24.526,42.871,26.011,51.817,24.084,47.13,14.625,748.558,96.0,2.417,26.083,13.925
2016-05-11 05:00:00,68.333,1.667,24.6,47.426,22.73,49.804,26.685,43.339,24.883,45.431,23.89,56.186,14.128,56.529,24.5,42.774,25.951,51.32,24.086,47.127,14.717,748.458,95.167,2.583,22.417,13.933
2016-05-11 06:00:00,110.0,0.0,24.7,47.841,22.889,49.979,26.317,43.012,24.848,45.381,23.89,54.763,14.426,58.072,24.496,43.079,25.857,50.217,24.092,47.173,14.475,748.442,94.833,2.417,23.417,13.658
2016-05-11 07:00:00,76.667,0.0,24.735,47.801,23.117,49.697,26.057,43.057,24.817,45.613,23.902,53.804,15.938,57.004,24.482,43.575,25.74,49.021,24.005,47.126,14.342,748.583,94.75,3.417,23.167,13.475
2016-05-11 08:00:00,161.667,0.0,24.78,48.214,24.347,48.19,26.043,43.148,24.918,45.673,23.823,53.312,18.061,48.591,24.39,44.616,25.474,48.763,23.481,48.588,14.9,748.783,91.333,3.167,29.5,13.467
2016-05-11 09:00:00,65.0,0.0,24.77,49.05,26.924,44.166,25.416,45.137,25.445,45.071,23.79,53.437,20.257,31.545,24.414,44.606,25.345,49.501,23.714,49.48,16.267,748.817,85.25,1.583,40.0,13.658
2016-05-11 10:00:00,63.333,1.667,24.79,50.532,27.293,44.298,25.127,47.002,25.794,44.938,23.79,54.044,21.815,20.184,24.498,44.655,25.296,49.488,23.86,49.104,17.617,748.658,78.333,1.0,35.417,13.683
2016-05-11 11:00:00,55.0,0.0,24.835,49.842,27.455,42.021,25.55,46.497,25.943,45.284,23.801,53.338,23.998,5.155,24.629,44.066,25.29,48.884,23.813,47.987,19.075,748.475,71.833,1.0,33.583,13.758
2016-05-11 12:00:00,56.667,0.0,24.968,48.518,27.38,40.702,25.823,45.246,26.07,44.474,23.866,52.235,23.913,2.184,24.77,43.402,25.29,48.31,23.943,47.746,20.508,748.175,65.583,1.0,40.0,13.783
2016-05-11 13:00:00,73.333,0.0,25.175,48.101,27.15,40.956,25.956,44.834,26.1,44.226,23.89,51.651,25.305,1.117,24.993,43.338,25.528,48.651,24.0,47.792,21.217,747.875,61.25,1.417,40.0,13.4
2016-05-11 14:00:00,80.0,0.0,25.417,47.49,26.933,40.944,26.07,44.574,26.121,43.967,23.963,51.219,25.279,1.0,25.253,42.652,25.958,49.115,24.061,47.341,21.883,747.575,55.583,2.417,40.0,12.575
2016-05-11 15:00:00,76.667,0.0,25.594,46.774,26.698,40.866,26.188,44.154,26.145,43.699,24.0,50.573,25.068,1.862,25.383,42.044,26.276,48.667,24.1,47.3,22.708,747.192,51.667,3.0,40.0,12.067
2016-05-11 16:00:00,75.0,0.0,25.574,48.015,26.192,44.012,26.197,44.442,26.073,44.538,24.033,50.969,24.047,4.494,25.344,43.131,26.51,49.231,24.093,48.582,23.283,746.775,50.75,2.583,40.0,12.35
2016-05-11 17:00:00,91.667,0.0,25.463,50.842,25.513,48.256,26.226,46.482,25.908,47.728,24.005,54.403,21.159,18.64,25.288,45.242,26.686,50.757,24.108,48.656,22.408,746.433,57.25,1.583,40.0,13.525
2016-05-11 18:00:00,101.667,0.0,25.476,50.663,25.421,47.429,26.29,46.165,25.835,47.132,23.969,54.433,16.947,37.58,25.187,45.152,26.656,49.699,24.1,49.112,20.458,746.033,59.833,2.667,40.0,12.45
2016-05-11 19:00:00,95.0,1.667,25.5,49.533,24.976,47.321,26.27,45.635,25.74,46.493,24.409,65.853,16.23,43.665,25.074,44.517,26.7,50.696,24.016,48.648,18.217,745.675,64.333,3.333,40.0,11.367
2016-05-11 20:00:00,85.0,0.0,25.403,49.002,24.577,47.64,26.1,45.348,25.648,46.116,24.36,74.951,15.942,47.3,24.823,44.174,26.656,51.208,23.811,48.43,17.683,745.458,74.0,1.417,40.0,12.883
2016-05-11 21:00:00,61.667,0.0,25.275,48.713,24.228,48.124,26.119,45.091,25.593,45.961,24.178,63.974,15.514,50.759,24.806,43.732,26.457,50.724,23.749,48.394,17.1,745.525,79.333,3.667,40.0,13.408
2016-05-11 22:00:00,55.0,0.0,25.2,48.518,23.922,48.369,26.238,44.973,25.509,45.502,24.1,61.045,14.646,52.955,24.826,43.231,26.427,51.252,23.863,48.136,16.183,745.783,83.667,5.167,40.0,13.292
2016-05-11 23:00:00,56.667,0.0,25.117,48.2,23.646,48.666,26.352,45.212,25.486,45.369,24.083,58.894,14.093,54.207,24.811,43.0,26.329,51.079,23.93,48.004,14.65,745.9,94.25,3.583,40.0,13.658
2016-05-12 00:00:00,56.667,0.0,25.078,48.02,23.406,48.933,26.458,45.151,25.39,45.318,24.011,57.312,13.986,55.777,24.79,42.855,26.187,51.707,23.971,47.933,14.133,745.817,96.0,2.167,32.5,13.475
2016-05-12 01:00:00,56.667,0.0,25.0,47.911,23.239,49.09,26.536,44.992,25.371,45.142,24.0,56.269,13.522,55.824,24.79,42.713,26.1,52.75,23.992,47.9,13.942,745.617,95.583,1.0,22.833,13.258
2016-05-12 02:00:00,56.667,0.0,24.89,47.71,23.062,49.124,26.6,44.746,25.29,44.767,23.914,55.506,12.624,55.03,24.731,42.371,26.022,51.939,24.0,47.938,13.5,745.333,95.417,1.0,39.833,12.783
2016-05-12 03:00:00,50.0,0.0,24.851,47.437,22.904,49.173,26.578,44.59,25.245,44.541,23.89,54.818,12.491,55.959,24.7,42.098,25.902,51.03,24.0,47.995,12.717,745.058,96.833,1.0,57.417,12.242
2016-05-12 04:00:00,56.667,0.0,24.79,47.209,22.744,49.279,26.531,44.535,25.2,44.417,23.89,54.209,12.131,55.526,24.7,41.92,25.841,50.169,24.0,47.997,12.475,744.875,98.417,1.0,55.167,12.217
2016-05-12 05:00:00,61.667,0.0,24.74,47.18,22.641,49.38,26.557,44.324,25.116,44.184,23.873,53.617,11.674,55.43,24.653,41.64,25.762,49.366,23.995,47.851,12.175,744.575,98.167,1.0,62.25,11.892
2016-05-12 06:00:00,48.333,1.667,24.79,47.084,22.635,49.617,26.16,43.541,25.1,44.098,23.823,52.778,12.357,56.565,24.6,41.453,25.681,49.235,23.983,47.562,11.583,744.358,97.833,1.0,39.417,11.308
2016-05-12 07:00:00,58.333,1.667,24.79,47.032,23.269,48.893,26.013,43.413,25.1,44.193,23.812,52.633,14.333,57.979,24.603,41.5,25.563,48.506,24.0,47.131,11.917,744.3,99.0,1.0,20.833,11.775
2016-05-12 08:00:00,51.667,0.0,24.812,47.441,24.539,46.682,26.083,43.435,25.18,44.419,23.801,52.399,16.763,56.444,24.663,42.064,25.5,48.455,24.03,47.106,14.242,744.342,94.417,1.417,50.917,13.292
2016-05-12 09:00:00,48.333,1.667,24.843,47.764,24.651,46.237,26.0,43.658,25.2,44.674,23.879,51.952,18.822,41.723,24.697,42.512,25.396,48.59,24.008,47.273,16.033,744.358,83.0,2.417,45.333,13.117
2016-05-12 10:00:00,58.333,1.667,24.851,47.931,24.694,46.077,26.0,43.831,25.22,44.857,23.868,51.661,19.229,33.628,24.7,42.722,25.385,48.602,24.01,47.301,16.542,744.342,75.167,3.0,21.167,12.133
2016-05-12 11:00:00,50.0,0.0,24.933,47.897,25.276,45.03,26.0,43.84,25.278,44.794,23.89,51.442,20.154,21.859,24.73,42.651,25.285,48.478,24.049,47.172,17.308,744.4,70.25,3.0,22.083,11.775
2016-05-12 12:00:00,55.0,1.667,25.1,47.667,25.814,43.737,26.064,43.805,25.417,44.504,23.957,51.188,21.94,9.352,24.869,42.374,25.268,48.236,24.1,46.908,18.925,744.317,63.333,2.583,24.583,11.767
2016-05-12 13:00:00,56.667,0.0,25.346,47.25,26.183,43.236,26.187,43.642,25.562,44.172,24.0,51.055,23.312,2.238,25.09,42.053,25.26,48.03,24.1,46.637,20.3,744.158,58.5,2.417,24.0,11.792
2016-05-12 14:00:00,56.667,0.0,25.522,46.917,26.229,42.977,26.278,43.522,25.633,43.96,24.061,50.988,24.607,1.061,25.255,41.753,25.25,47.849,24.107,46.457,21.083,744.1,55.833,3.417,25.25,11.833
2016-05-12 15:00:00,68.333,0.0,25.556,46.72,26.148,43.045,26.29,43.497,25.688,43.878,24.1,51.854,24.609,1.442,25.275,41.704,25.326,48.661,24.117,46.39,21.2,744.1,57.417,3.583,25.75,12.467
2016-05-12 16:00:00,118.333,0.0,25.6,47.438,25.895,44.524,26.246,44.002,25.644,44.124,24.1,52.428,24.595,4.3,25.22,42.402,25.791,50.304,24.154,46.644,21.2,744.1,57.583,2.583,26.083,12.575
2016-05-12 17:00:00,208.333,0.0,25.511,49.262,25.474,46.518,26.188,45.421,25.602,44.408,24.189,52.161,23.974,1.386,25.218,42.738,26.398,49.802,24.172,46.954,21.2,744.1,55.75,2.833,29.0,12.067
2016-05-12 18:00:00,105.0,0.0,25.6,50.879,25.358,46.929,26.2,45.61,25.566,44.161,24.178,51.997,21.241,5.607,25.111,42.23,26.678,48.657,24.176,46.764,20.408,744.1,56.5,3.167,33.583,11.517
2016-05-12 19:00:00,123.333,0.0,25.571,48.816,25.095,46.631,26.2,45.26,25.5,44.426,24.168,51.385,19.519,11.05,25.1,42.784,26.877,48.912,24.183,47.114,19.092,744.142,62.5,2.0,40.0,11.775
2016-05-12 20:00:00,100.0,0.0,25.511,48.327,24.8,46.994,26.2,45.019,25.419,44.785,24.194,50.862,17.601,23.262,25.0,43.411,27.188,49.406,24.098,47.469,18.467,744.367,68.917,1.583,40.0,12.633
2016-05-12 21:00:00,71.667,5.0,25.5,48.764,24.523,48.223,26.219,45.054,25.39,45.742,24.111,50.985,16.086,36.736,24.976,44.227,27.058,50.953,24.011,48.341,17.5,744.767,74.667,1.0,34.583,12.933
2016-05-12 22:00:00,60.0,0.0,25.391,49.097,24.193,48.758,26.368,44.988,25.357,46.085,24.11,51.275,14.936,46.458,24.976,43.724,26.919,51.782,24.084,47.999,16.05,745.208,81.167,1.0,26.167,12.783
2016-05-12 23:00:00,56.667,0.0,25.307,48.83,23.832,49.092,26.451,44.738,25.282,45.895,24.1,51.151,14.45,49.83,24.92,43.286,26.764,51.386,24.115,47.786,14.625,745.5,88.667,1.0,23.75,12.775
2016-05-13 00:00:00,55.0,0.0,25.265,48.535,23.568,49.565,26.556,44.56,25.243,45.84,24.1,50.999,14.615,53.577,24.89,43.095,26.601,50.994,24.178,47.724,14.517,745.667,92.25,1.833,31.583,13.267
2016-05-13 01:00:00,53.333,0.0,25.172,48.439,23.343,49.8,26.584,44.505,25.2,45.786,24.1,50.899,14.717,54.906,24.89,43.029,26.469,50.865,24.217,47.878,15.267,745.942,91.917,3.0,34.583,13.95
2016-05-13 02:00:00,58.333,0.0,25.1,48.242,23.232,49.732,26.6,44.345,25.105,45.453,24.089,50.723,13.432,54.035,24.89,42.774,26.347,50.968,24.272,48.347,14.792,745.917,90.667,2.583,38.75,13.225
2016-05-13 03:00:00,58.333,0.0,25.022,48.008,23.046,49.553,26.629,44.101,25.1,45.061,24.089,50.53,12.385,54.446,24.844,42.402,26.252,50.323,24.29,48.718,13.383,745.758,94.667,1.583,52.5,12.533
2016-05-13 04:00:00,50.0,0.0,24.927,47.738,22.847,49.4,26.633,43.909,25.042,44.623,24.028,50.362,11.727,54.683,24.79,41.947,26.133,49.478,24.29,48.832,12.55,745.783,96.583,1.0,35.833,12.008
2016-05-13 05:00:00,58.333,0.0,24.886,47.438,22.713,49.354,26.6,43.728,24.98,44.314,24.0,50.15,11.369,54.993,24.78,41.617,26.049,48.992,24.295,48.995,12.2,746.025,96.417,1.0,37.0,11.642
2016-05-13 06:00:00,146.667,0.0,24.873,47.345,22.747,49.548,26.398,43.186,24.905,44.287,24.0,49.989,12.108,56.32,24.74,41.439,25.932,48.594,24.355,49.016,12.158,746.325,97.833,1.0,45.75,11.783
2016-05-13 07:00:00,176.667,0.0,24.851,47.261,23.153,48.954,26.432,43.151,24.787,44.923,24.0,49.696,13.904,57.116,24.72,41.456,25.803,47.472,24.006,47.095,12.933,746.625,94.417,1.417,59.25,11.983
2016-05-13 08:00:00,338.333,20.0,24.765,48.437,25.781,44.849,27.304,44.619,25.008,45.507,24.0,49.531,17.737,44.01,24.74,41.542,25.659,47.014,24.161,46.721,14.85,746.925,85.083,2.417,43.917,12.35
2016-05-13 09:00:00,93.333,21.667,24.756,48.169,28.279,40.15,27.987,43.659,25.445,45.18,24.0,49.633,19.254,27.73,24.72,41.796,25.448,46.74,24.22,46.213,16.358,747.225,78.917,3.417,20.833,12.7
2016-05-13 10:00:00,73.333,21.667,24.846,48.198,29.188,38.408,27.338,42.448,25.677,44.972,24.039,49.545,20.514,16.812,24.78,41.939,25.308,47.022,24.245,46.228,17.75,747.483,75.167,3.583,22.417,13.283
2016-05-13 11:00:00,355.0,10.0,25.019,48.43,28.817,38.173,27.355,43.199,25.79,44.762,24.078,49.388,22.037,5.583,24.862,41.967,25.2,47.363,24.302,46.313,19.383,747.683,70.25,3.833,25.083,13.808
2016-05-13 12:00:00,301.667,0.0,25.459,48.345,28.263,38.952,28.202,43.45,25.82,44.38,24.1,49.593,22.684,1.853,24.945,41.892,25.193,47.698,24.39,46.619,20.617,747.883,63.75,4.583,28.0,13.483
2016-05-13 13:00:00,268.333,0.0,25.83,46.934,27.849,38.906,28.404,42.27,25.784,43.815,24.156,49.221,23.598,1.0,25.143,41.155,25.142,47.269,24.432,46.028,21.242,747.958,59.5,4.417,28.417,12.975
2016-05-13 14:00:00,318.333,1.667,26.203,43.995,27.391,38.415,28.216,39.875,25.709,43.044,24.21,47.973,23.908,1.0,25.451,39.496,25.105,45.722,24.466,44.447,22.05,747.858,51.417,5.417,33.583,11.475
2016-05-13 15:00:00,201.667,0.0,26.128,43.019,26.861,38.093,28.936,38.533,25.673,42.277,24.28,46.65,23.794,1.0,25.761,37.83,25.159,43.215,24.5,42.698,23.1,747.883,45.0,6.417,40.0,10.558
2016-05-13 16:00:00,351.667,0.0,26.1,41.793,26.417,38.05,28.975,37.602,25.6,41.795,24.409,46.911,23.615,1.0,25.927,37.052,25.33,43.662,24.5,42.338,23.1,748.042,45.0,7.0,40.0,10.5
2016-05-13 17:00:00,231.667,0.0,26.067,41.663,26.229,38.26,28.887,36.42,25.562,41.64,25.316,75.051,22.496,1.0,25.862,36.737,25.573,44.195,24.452,40.945,22.517,748.225,45.833,8.25,35.417,10.167
2016-05-13 18:00:00,348.333,1.667,26.188,42.064,25.961,38.116,28.416,36.094,25.5,41.29,25.29,60.732,20.772,1.0,25.718,36.402,25.807,43.738,24.218,39.32,20.992,748.608,48.25,9.583,29.0,9.492
2016-05-13 19:00:00,208.333,0.0,26.056,39.234,25.164,36.524,28.462,34.728,25.493,40.091,25.506,60.391,19.887,1.0,25.52,35.89,26.131,43.406,23.914,37.89,19.333,749.192,49.167,9.0,33.583,8.283
2016-05-13 20:00:00,120.0,1.667,25.928,38.936,24.792,37.56,27.169,34.177,25.403,40.056,24.408,46.416,15.586,8.494,25.273,36.02,26.339,42.416,23.558,38.326,17.067,750.017,55.917,8.167,34.583,7.833
2016-05-13 21:00:00,63.333,0.0,25.72,39.252,24.3,39.05,26.485,34.74,25.39,40.168,23.828,45.507,12.325,21.541,25.1,36.496,26.357,43.427,23.381,39.928,14.117,751.017,71.583,6.583,25.75,8.917
2016-05-13 22:00:00,55.0,0.0,25.544,39.45,23.807,40.072,25.921,34.376,25.36,39.932,24.0,49.494,10.585,29.882,25.1,36.688,26.281,43.942,23.657,42.355,11.85,751.892,79.25,6.833,23.583,8.3
2016-05-13 23:00:00,61.667,0.0,25.344,39.581,23.328,40.709,25.876,34.547,25.28,39.652,24.0,50.356,9.608,34.234,25.011,36.688,26.122,43.64,23.768,43.633,10.467,752.508,82.667,7.583,22.583,7.558
2016-05-14 00:00:00,58.333,0.0,25.156,39.7,22.972,41.208,25.642,34.332,25.211,39.432,23.945,50.177,9.184,35.696,24.899,36.585,25.977,43.497,23.83,44.48,9.792,753.008,85.0,5.75,22.0,7.333
2016-05-14 01:00:00,63.333,0.0,25.033,39.599,22.672,41.382,25.33,34.062,25.17,39.162,23.914,49.686,8.864,32.106,24.873,36.443,25.837,43.083,23.89,44.909,9.333,753.508,85.0,4.0,22.0,6.892
2016-05-14 02:00:00,60.0,0.0,24.927,39.382,22.418,41.362,25.131,33.743,25.1,38.8,23.89,49.01,8.563,31.84,24.79,36.11,25.796,42.468,23.89,45.237,8.892,753.883,84.583,3.167,22.417,6.35
2016-05-14 03:00:00,60.0,0.0,24.851,39.013,22.224,41.157,24.857,33.453,25.081,38.501,23.89,48.408,9.261,23.841,24.715,35.926,25.75,41.536,23.89,45.441,8.725,754.125,81.083,2.833,23.833,5.583
2016-05-14 04:00:00,60.0,0.0,24.765,38.645,22.067,40.886,24.62,33.012,25.0,38.23,23.856,47.794,9.208,19.208,24.667,35.609,25.7,41.04,23.914,45.53,8.775,754.342,75.333,4.417,25.833,4.542
2016-05-14 05:00:00,56.667,0.0,24.661,38.277,21.956,40.351,24.404,32.517,24.916,37.927,23.835,47.196,9.202,15.873,24.589,35.264,25.552,40.735,23.937,45.404,8.683,754.525,72.583,5.0,27.0,3.9
2016-05-14 06:00:00,63.333,0.0,24.556,37.831,21.885,39.884,24.225,32.064,24.89,37.626,23.79,46.555,9.134,13.216,24.533,34.916,25.461,40.548,23.905,45.249,8.717,754.867,69.917,5.0,27.833,3.4
2016-05-14 07:00:00,113.333,0.0,24.5,37.262,22.03,39.023,24.025,31.758,24.796,36.661,23.78,44.935,9.728,6.896,24.445,33.563,25.38,39.944,23.933,44.052,8.6,755.267,65.75,5.417,33.583,2.45
2016-05-14 08:00:00,133.333,0.0,24.476,36.513,22.579,37.296,24.188,32.291,24.784,36.003,23.779,41.096,10.729,2.342,24.307,31.615,25.272,38.3,23.897,41.266,8.767,755.625,62.333,5.583,40.0,1.892
2016-05-14 09:00:00,118.333,0.0,24.39,35.879,23.268,35.399,24.399,33.162,24.792,35.008,23.737,43.916,11.291,1.0,24.29,30.563,25.209,37.674,23.527,36.931,9.042,755.967,62.083,5.0,40.0,2.142
2016-05-14 10:00:00,158.333,0.0,24.457,36.269,24.499,34.575,24.603,33.636,24.907,34.768,24.48,74.602,12.374,1.0,24.29,29.758,25.382,37.467,23.444,34.792,9.517,756.325,60.833,5.0,40.0,2.275
2016-05-14 11:00:00,96.667,0.0,24.539,37.619,24.995,33.82,24.72,34.088,24.986,34.916,24.01,53.748,13.231,1.0,24.301,29.284,25.728,36.662,23.394,33.672,10.392,756.708,55.0,5.417,40.0,1.65
2016-05-14 12:00:00,116.667,0.0,24.758,37.956,25.01,33.869,24.812,34.543,24.826,32.892,23.903,47.267,13.313,1.0,24.39,29.031,25.876,36.414,23.421,33.212,10.55,757.167,55.833,6.0,35.417,2.042
2016-05-14 13:00:00,113.333,1.667,25.144,35.439,24.734,32.444,24.89,34.72,25.031,33.384,23.859,44.087,13.399,1.0,24.488,29.586,26.159,35.63,23.138,31.903,10.992,757.4,53.667,6.417,28.583,1.85
2016-05-14 14:00:00,106.667,0.0,25.178,32.539,24.454,30.283,24.889,34.298,24.631,30.525,23.797,41.843,13.907,1.0,24.544,28.47,26.261,35.119,23.218,31.476,12.1,757.525,48.167,7.417,33.0,1.292
2016-05-14 15:00:00,130.0,0.0,25.066,31.562,24.173,29.66,24.007,30.872,24.055,29.423,23.773,40.553,13.53,1.0,24.715,28.043,26.386,34.99,23.432,31.978,12.1,757.783,47.417,7.583,40.0,1.167
2016-05-14 16:00:00,111.667,0.0,24.988,31.786,23.909,29.948,23.391,29.749,24.578,31.635,23.795,39.613,12.912,1.0,24.79,27.632,26.275,33.637,23.5,32.325,12.017,757.983,49.25,7.0,40.0,1.608
2016-05-14 17:00:00,241.667,1.667,24.921,31.985,23.657,30.526,23.259,29.7,24.761,32.386,23.889,38.916,12.238,1.0,24.77,27.339,26.427,34.154,23.383,31.297,11.775,758.267,50.583,7.417,35.417,1.692
2016-05-14 18:00:00,166.667,3.333,25.014,38.05,23.234,34.441,23.757,32.205,24.726,32.418,24.014,39.259,11.195,1.0,24.689,27.372,26.474,33.887,23.147,30.838,11.058,758.625,52.083,7.583,33.583,1.483
2016-05-14 19:00:00,90.0,1.667,24.76,31.916,22.723,31.36,23.988,33.15,24.28,30.119,24.186,38.448,11.541,1.0,24.51,26.903,26.223,32.602,23.074,30.477,10.008,758.925,54.167,6.583,40.0,1.1
2016-05-14 20:00:00,86.667,1.667,24.6,32.161,22.354,32.379,24.0,33.573,24.265,30.825,24.037,38.117,8.719,1.588,24.323,26.715,26.068,32.051,22.821,29.978,9.183,759.308,53.833,6.0,40.0,0.275
2016-05-14 21:00:00,75.0,0.0,24.488,32.553,22.018,33.634,23.991,33.929,24.172,31.336,23.976,38.205,6.682,8.013,24.225,26.996,25.892,33.536,22.698,30.202,8.058,759.767,61.25,5.167,40.0,0.975
2016-05-14 22:00:00,61.667,1.667,24.357,33.456,21.753,34.91,23.961,34.371,24.082,31.756,23.85,38.024,6.175,16.041,24.156,27.922,25.72,34.207,22.725,31.518,7.133,760.125,71.25,3.583,40.0,2.242
2016-05-14 23:00:00,48.333,0.0,24.155,34.494,21.476,35.735,24.0,34.871,24.0,32.197,23.748,38.394,5.023,21.136,24.183,29.236,25.486,35.654,22.83,34.162,6.608,760.342,73.417,2.583,40.0,2.092
2016-05-15 00:00:00,53.333,0.0,24.022,34.833,21.177,36.428,24.064,35.277,23.988,32.752,23.704,38.857,3.699,26.378,24.1,29.909,25.262,35.908,22.896,36.16,5.7,760.525,77.333,2.0,40.0,1.925
2016-05-15 01:00:00,55.0,0.0,23.84,35.035,20.916,37.05,24.155,35.372,23.902,33.119,23.652,38.947,2.641,31.439,24.022,30.198,25.072,35.963,22.971,37.492,4.75,760.7,83.667,2.0,40.0,2.142
2016-05-15 02:00:00,51.667,0.0,23.77,35.163,20.681,37.607,24.224,35.682,23.81,33.535,23.545,38.993,2.273,34.458,24.0,30.404,24.885,36.308,23.0,38.342,4.4,760.7,85.583,2.0,40.0,2.117
2016-05-15 03:00:00,40.0,0.0,23.7,35.317,20.477,38.04,24.241,36.133,23.77,33.771,23.5,39.14,2.131,36.707,23.902,30.55,24.755,36.307,23.036,39.008,4.067,760.7,86.25,2.0,40.0,1.875
2016-05-15 04:00:00,51.667,0.0,23.6,35.399,20.303,38.402,24.2,36.467,23.705,33.939,23.416,39.234,2.376,38.619,23.851,30.645,24.633,36.433,23.031,39.48,3.808,760.7,86.75,2.0,35.417,1.742
2016-05-15 05:00:00,56.667,0.0,23.511,35.532,20.2,38.648,24.23,36.775,23.628,34.01,23.387,39.371,3.19,41.393,23.775,30.72,24.522,36.411,23.025,39.783,4.183,760.825,85.0,2.417,33.583,1.842
2016-05-15 06:00:00,51.667,0.0,23.396,35.633,20.238,38.699,24.29,36.911,23.589,34.176,23.29,39.548,4.187,41.63,23.7,30.851,24.38,36.338,23.039,40.099,4.508,761.042,86.25,2.583,40.0,2.317
2016-05-15 07:00:00,93.333,0.0,23.402,36.648,20.731,39.116,24.382,36.701,23.511,34.292,23.287,39.746,6.596,36.652,23.7,30.93,24.312,36.734,23.064,38.868,5.217,761.183,85.917,2.417,40.0,2.983
2016-05-15 08:00:00,118.333,1.667,23.436,36.606,22.789,36.034,24.582,36.337,23.566,34.57,23.235,39.207,10.468,9.157,23.6,29.909,24.225,36.313,23.119,38.417,6.8,761.508,76.75,3.833,40.0,2.85
2016-05-15 09:00:00,101.667,0.0,23.476,37.674,22.427,34.645,24.346,35.357,23.394,33.106,23.2,38.554,11.263,4.747,23.553,29.304,24.255,36.737,23.155,36.992,8.575,761.8,67.167,5.0,40.0,2.708
2016-05-15 10:00:00,108.333,3.333,23.304,35.241,22.05,34.193,23.844,33.566,23.533,33.544,23.2,38.034,12.412,1.42,23.539,29.025,24.502,36.436,23.183,35.635,9.475,761.925,63.917,4.583,40.0,2.917
2016-05-15 11:00:00,105.0,3.333,23.167,34.939,22.649,33.782,23.916,34.135,23.628,33.772,23.2,37.5,13.359,1.0,23.6,28.641,24.904,35.83,23.047,34.447,10.25,762.1,59.75,4.417,40.0,2.758
2016-05-15 12:00:00,96.667,1.667,23.19,35.547,23.177,33.514,24.052,34.738,23.771,33.952,23.191,37.501,14.285,1.0,23.661,28.342,25.209,35.173,22.947,33.503,10.892,762.1,56.75,5.0,40.0,2.658
2016-05-15 13:00:00,136.667,1.667,23.302,35.162,23.337,33.408,24.193,34.974,23.846,33.386,23.189,37.357,15.228,1.0,23.73,28.022,25.438,35.057,22.9,33.192,11.842,761.975,52.5,5.0,40.0,2.433
2016-05-15 14:00:00,88.333,1.667,23.396,34.907,23.38,32.381,24.189,34.745,23.834,32.909,23.2,37.228,15.532,1.0,23.834,27.539,25.573,34.811,23.0,34.721,12.683,761.675,48.583,4.583,40.0,2.117
2016-05-15 15:00:00,93.333,6.667,23.5,34.955,23.285,32.556,24.2,34.219,23.84,33.165,23.194,36.978,15.329,1.0,23.89,27.241,25.67,34.331,22.937,33.19,13.133,761.417,48.0,4.0,40.0,2.25
2016-05-15 16:00:00,143.333,23.333,23.5,34.943,22.882,33.054,24.279,34.857,24.014,34.15,23.1,37.164,14.046,1.0,23.823,27.4,25.817,34.12,22.888,32.665,13.6,761.217,46.75,4.0,40.0,2.308
2016-05-15 17:00:00,236.667,21.667,23.5,35.261,22.447,34.117,24.29,35.131,24.21,34.326,23.067,37.339,12.341,4.174,23.7,28.291,25.89,34.433,22.808,33.053,13.058,761.058,49.167,3.583,40.0,2.567
2016-05-15 18:00:00,98.333,13.333,23.589,37.499,22.207,36.865,24.26,35.516,24.22,34.674,23.011,37.85,11.352,10.207,23.6,29.241,25.814,35.132,22.79,33.683,11.8,760.958,59.167,3.0,35.417,4.042
2016-05-15 19:00:00,96.667,10.0,23.6,37.362,21.996,37.554,24.239,36.123,24.2,35.531,22.988,38.412,10.051,27.452,23.506,30.567,25.704,36.3,22.787,34.563,10.683,760.9,70.833,3.417,33.583,5.508
2016-05-15 20:00:00,246.667,0.0,23.6,37.786,21.758,38.875,24.361,36.85,24.044,35.73,22.954,40.352,9.39,36.204,23.488,31.684,25.654,37.896,22.721,35.368,9.683,760.983,83.583,3.167,31.667,6.958
2016-05-15 21:00:00,203.333,1.667,23.517,38.305,21.572,39.863,25.758,39.959,23.847,36.032,23.347,63.146,9.087,43.263,23.402,32.273,25.561,40.362,22.614,35.796,8.975,761.225,92.083,1.583,37.5,7.808
2016-05-15 22:00:00,86.667,0.0,23.439,38.793,21.327,40.29,26.077,38.841,23.735,36.271,23.089,51.902,8.602,45.074,23.451,32.619,25.704,40.393,22.642,37.262,8.717,761.442,95.833,1.0,55.333,8.1
2016-05-15 23:00:00,83.333,0.0,23.291,39.376,21.096,40.457,25.719,37.815,23.628,36.392,23.0,45.612,8.369,47.143,23.433,32.82,25.907,39.976,22.706,38.504,8.558,761.5,97.0,1.0,43.917,8.1
2016-05-16 00:00:00,61.667,0.0,23.178,39.317,20.877,40.838,25.515,37.624,23.539,36.561,22.951,43.739,8.288,48.628,23.39,32.966,25.989,39.657,22.734,39.722,8.417,761.458,97.417,1.0,38.083,8.058
2016-05-16 01:00:00,53.333,0.0,23.089,39.641,20.729,41.239,25.342,37.59,23.451,36.74,22.89,43.064,8.152,49.41,23.39,33.157,25.703,40.192,22.782,40.702,8.175,761.4,98.417,1.0,32.333,7.917
2016-05-16 02:00:00,56.667,0.0,23.006,39.7,20.59,41.459,25.256,37.59,23.368,36.802,22.865,42.677,7.972,50.046,23.39,33.245,25.442,41.122,22.79,41.275,7.917,761.233,99.0,1.0,24.583,7.717
2016-05-16 03:00:00,53.333,0.0,22.945,39.73,20.482,41.703,25.159,37.601,23.28,36.922,22.801,42.525,7.711,50.053,23.323,33.363,25.267,41.761,22.79,41.738,7.592,760.875,99.0,1.0,15.333,7.392
2016-05-16 04:00:00,55.0,0.0,22.89,39.689,20.35,41.807,24.919,37.682,23.21,36.961,22.79,42.602,7.696,50.897,23.29,33.411,25.058,41.118,22.79,42.112,7.217,760.7,99.417,1.0,14.25,7.1
2016-05-16 05:00:00,51.667,0.0,22.801,39.582,20.284,42.066,24.813,37.505,23.139,37.065,22.79,42.562,7.933,51.629,23.24,33.466,24.851,40.715,22.798,42.494,7.267,760.658,99.583,0.583,22.667,7.183
2016-05-16 06:00:00,53.333,0.0,22.76,39.59,20.2,42.116,24.854,37.846,23.1,37.17,22.76,42.43,8.043,51.73,23.25,33.555,24.668,40.809,22.792,42.745,7.542,760.642,99.0,0.417,44.083,7.342
2016-05-16 07:00:00,61.667,0.0,22.7,39.668,20.2,42.281,24.949,38.193,23.017,37.198,22.7,42.208,8.375,52.043,23.2,33.59,24.544,40.932,22.795,42.883,7.683,760.783,96.5,1.0,44.333,7.15
2016-05-16 08:00:00,88.333,0.0,22.832,40.697,20.399,43.589,24.663,37.454,23.0,37.552,22.7,41.941,9.734,51.62,23.2,33.67,24.476,41.259,22.79,42.662,8.092,760.983,90.083,1.417,24.333,6.55
2016-05-16 09:00:00,70.0,5.0,22.879,40.694,20.612,43.072,24.588,37.215,22.926,37.802,22.683,42.724,10.73,47.816,23.145,33.607,24.396,41.422,22.873,43.11,8.417,761.225,83.083,2.0,33.583,5.658
2016-05-16 10:00:00,148.333,21.667,22.84,40.846,20.844,42.035,24.456,37.159,23.099,38.188,22.6,42.494,11.977,40.259,23.078,33.377,24.39,40.05,22.873,41.478,8.425,761.4,78.167,1.583,40.0,4.858
2016-05-16 11:00:00,103.333,8.333,22.79,39.749,21.338,40.422,24.57,37.321,23.416,37.845,22.6,41.718,14.528,19.398,23.078,32.761,24.384,38.204,22.834,39.974,8.892,761.4,74.5,1.0,34.583,4.55
2016-05-16 12:00:00,206.667,0.0,22.869,38.672,22.172,38.077,24.613,37.161,23.172,35.913,22.6,40.285,15.252,1.0,23.158,31.525,24.485,37.833,22.868,38.32,9.925,761.442,67.667,1.0,32.417,4.117
2016-05-16 13:00:00,266.667,1.667,23.164,40.108,22.738,37.342,24.7,37.017,23.322,35.532,22.6,39.831,15.818,1.0,23.341,30.596,24.908,37.369,22.89,38.427,11.633,761.333,60.5,1.0,40.0,4.167
2016-05-16 14:00:00,88.333,1.667,23.463,39.846,22.808,35.755,24.455,36.608,23.583,35.457,22.653,40.346,17.044,1.0,23.593,29.748,25.159,36.794,22.89,39.652,12.8,761.017,55.333,1.0,40.0,4.025
2016-05-16 15:00:00,111.667,1.667,23.572,36.774,22.72,32.729,24.026,34.398,23.521,33.369,22.686,38.712,17.566,1.0,23.738,28.994,25.173,35.085,22.898,39.45,13.217,760.775,53.0,1.417,40.0,3.833
2016-05-16 16:00:00,88.333,0.0,23.6,34.146,22.487,31.842,24.178,34.236,23.153,32.238,22.7,37.485,17.556,1.0,23.766,28.579,25.028,34.701,22.89,38.931,13.967,760.475,49.667,2.0,40.0,3.55
2016-05-16 17:00:00,243.333,0.0,23.517,34.822,22.655,32.512,24.207,34.056,23.386,33.539,22.714,36.776,17.363,1.0,23.696,28.41,24.88,34.403,22.89,38.576,14.367,760.3,44.583,2.417,40.0,2.417
2016-05-16 18:00:00,155.0,0.0,23.54,40.293,22.576,35.609,24.187,34.283,23.433,33.786,22.737,37.538,16.747,1.0,23.621,28.304,24.86,34.395,22.833,37.948,14.433,760.3,45.25,2.583,40.0,2.55
2016-05-16 19:00:00,115.0,3.333,23.533,38.784,22.546,36.289,24.386,35.21,23.368,34.07,23.311,60.95,15.507,1.0,23.504,28.43,24.982,34.869,22.79,36.107,14.033,760.3,47.0,2.0,40.0,2.775
2016-05-16 20:00:00,96.667,5.0,23.463,38.162,22.231,36.656,24.408,35.643,23.362,34.91,23.329,71.688,12.673,2.225,23.391,30.396,25.029,36.937,22.696,35.017,13.3,760.3,51.583,2.0,40.0,3.392
2016-05-16 21:00:00,68.333,3.333,23.379,37.964,21.913,37.53,24.297,35.948,23.22,35.02,22.516,48.349,11.032,5.695,23.39,32.026,24.975,37.883,22.602,34.896,12.267,760.425,58.833,1.583,40.0,4.417
2016-05-16 22:00:00,46.667,1.667,23.282,38.508,21.552,38.125,24.256,36.254,23.156,35.451,21.918,42.702,10.168,10.795,23.403,33.079,24.846,38.953,22.611,36.649,11.175,760.6,67.5,1.0,40.0,5.217
2016-05-16 23:00:00,60.0,3.333,23.15,38.682,21.238,38.692,24.133,36.566,23.23,36.63,21.44,40.354,9.545,14.51,23.5,33.934,24.61,39.196,22.617,37.544,10.133,760.6,77.583,1.0,40.0,6.333
2016-05-17 00:00:00,50.0,0.0,23.05,39.234,20.974,39.363,24.287,37.266,23.169,36.886,21.059,40.048,9.425,20.586,23.5,34.576,24.433,40.077,22.612,38.336,9.65,760.475,77.417,1.0,40.0,5.933
2016-05-17 01:00:00,55.0,0.0,22.89,39.302,20.762,39.718,24.45,37.612,22.986,36.983,20.722,40.376,9.28,27.248,23.5,35.164,24.312,40.194,22.65,39.19,9.217,760.258,79.25,1.0,40.0,5.783
2016-05-17 02:00:00,51.667,0.0,22.801,39.339,20.629,40.224,24.5,37.827,22.873,37.202,20.433,41.542,9.147,33.926,23.5,35.654,24.166,39.991,22.687,39.998,9.058,760.117,83.083,1.417,35.0,6.233
2016-05-17 03:00:00,53.333,0.0,22.79,39.477,20.498,40.817,24.598,37.902,22.762,37.442,20.19,42.666,8.795,39.315,23.507,36.292,24.025,40.265,22.7,40.673,9.25,759.833,88.083,2.0,42.583,7.325
2016-05-17 04:00:00,53.333,0.0,22.725,39.608,20.373,41.21,24.563,38.051,22.7,37.706,19.928,42.46,8.004,41.781,23.543,36.535,23.874,40.383,22.7,41.204,9.183,759.433,92.25,2.0,58.833,7.992
2016-05-17 05:00:00,58.333,0.0,22.71,39.757,20.25,41.907,24.436,37.582,22.566,37.73,19.686,42.334,7.305,43.918,23.5,36.663,23.79,40.099,22.7,41.556,8.225,759.033,94.417,2.0,48.0,7.408
2016-05-17 06:00:00,56.667,0.0,22.765,39.676,20.336,42.408,24.193,36.866,22.594,38.054,19.474,42.731,8.22,48.176,23.5,36.87,23.699,40.304,22.7,41.61,8.033,758.758,95.0,2.417,42.667,7.333
2016-05-17 07:00:00,65.0,0.0,22.812,40.181,20.952,42.294,24.08,36.976,22.705,38.74,19.467,44.424,10.513,47.384,23.5,37.495,23.556,39.509,22.657,40.894,8.917,758.742,93.333,3.417,52.083,7.925
2016-05-17 08:00:00,56.667,0.0,22.914,40.4,23.109,39.468,24.105,37.046,22.847,38.874,19.5,45.111,14.03,25.738,23.401,36.624,23.38,39.202,22.721,40.521,9.958,758.842,88.917,4.0,62.417,8.183
2016-05-17 09:00:00,51.667,0.0,23.056,40.433,25.755,35.157,24.244,37.061,23.281,38.652,19.55,45.358,15.897,14.507,23.33,36.066,23.221,39.166,22.79,40.88,11.017,758.9,83.917,4.0,63.833,8.342
2016-05-17 10:00:00,53.333,0.0,23.203,40.4,26.913,33.285,24.23,37.267,23.707,38.409,19.673,45.646,18.362,4.561,23.242,35.769,23.086,39.389,22.797,41.134,12.642,758.858,76.833,4.0,48.75,8.608
2016-05-17 11:00:00,51.667,0.0,23.404,40.339,26.969,32.881,24.266,37.464,23.963,38.24,19.82,45.889,19.587,1.067,23.2,35.687,23.0,39.685,22.798,40.77,14.808,758.758,68.083,4.417,26.833,8.9
2016-05-17 12:00:00,53.333,0.0,23.561,40.345,26.401,32.994,24.311,37.59,24.122,38.176,19.983,45.948,19.387,1.007,23.2,35.612,22.911,39.935,22.79,40.59,16.3,758.617,60.667,5.0,26.75,8.525
2016-05-17 13:00:00,41.667,0.0,23.73,40.245,26.054,33.553,24.385,37.59,24.2,38.165,20.153,45.934,20.771,1.0,23.2,35.7,22.89,40.243,22.79,40.59,16.667,758.375,57.667,5.0,31.25,8.125
2016-05-17 14:00:00,53.333,0.0,23.846,40.09,25.664,33.913,24.39,37.658,24.117,38.2,20.292,45.697,20.836,1.0,23.143,35.669,22.89,40.262,22.79,40.587,16.283,758.117,60.417,5.0,35.417,8.55
2016-05-17 15:00:00,51.667,0.0,23.939,39.987,25.278,34.407,24.412,37.667,24.072,38.152,20.421,44.655,21.294,1.0,23.1,35.416,22.879,39.623,22.79,40.345,16.275,757.889,61.625,4.861,29.764,8.921
2016-05-17 16:00:00,66.667,0.0,23.976,39.628,24.851,34.868,24.495,37.576,23.988,38.049,20.507,44.257,19.951,1.0,23.09,35.193,22.84,39.548,22.79,40.134,15.975,757.622,63.125,4.528,31.597,8.971
2016-05-17 17:00:00,153.333,0.0,23.89,39.224,24.353,35.357,24.398,37.198,23.846,37.956,20.583,44.309,19.326,1.0,23.0,35.239,23.23,41.604,22.759,39.504,15.675,757.356,64.625,4.195,33.43,9.021
2016-05-17 18:00:00,100.0,0.0,23.951,41.923,24.144,36.909,24.505,37.611,23.78,38.008,20.609,44.548,18.381,1.0,22.927,35.368,23.599,41.75,22.708,39.157,15.375,757.089,66.125,3.861,35.264,9.071
2016-05-17 19:00:00,123.333,1.667,23.89,40.794,23.842,37.574,24.575,38.089,23.7,38.39,21.069,58.442,18.607,1.729,22.89,35.714,23.93,41.599,22.693,39.084,15.075,756.822,67.625,3.528,37.097,9.121
2016-05-17 20:00:00,118.333,1.667,23.89,41.098,23.419,38.856,24.633,38.184,23.72,39.536,21.954,78.926,15.676,6.178,22.998,37.947,24.277,42.454,22.591,39.169,14.775,756.555,69.125,3.194,38.93,9.171
2016-05-17 21:00:00,65.0,1.667,23.846,41.396,23.006,40.033,24.459,38.314,23.65,39.397,21.582,67.248,12.446,18.807,23.1,39.649,24.451,42.638,22.505,39.728,13.725,756.442,74.167,3.0,34.583,9.2
2016-05-17 22:00:00,46.667,3.333,23.73,41.497,22.565,40.619,24.5,38.512,23.572,39.21,21.434,60.81,12.613,24.085,23.138,40.319,24.282,43.435,22.6,41.381,12.083,756.417,82.083,2.583,26.583,9.117
2016-05-17 23:00:00,55.0,0.0,23.633,41.107,22.187,40.886,24.449,38.808,23.5,38.873,21.34,57.122,12.935,20.296,23.2,40.479,24.1,44.183,22.6,41.949,11.708,756.258,82.917,2.0,26.0,8.833
2016-05-18 00:00:00,51.667,1.667,23.487,40.993,21.948,41.119,24.643,39.166,23.402,38.592,21.273,54.973,11.288,22.018,23.242,40.619,23.976,45.516,22.621,42.45,12.333,756.075,76.667,2.0,31.833,8.267
2016-05-18 01:00:00,53.333,1.667,23.34,40.869,21.696,41.298,24.706,39.312,23.334,38.386,21.213,53.655,9.112,32.712,23.28,40.497,23.89,45.052,22.648,42.872,11.342,755.733,77.833,2.0,32.917,7.508
2016-05-18 02:00:00,55.0,0.0,23.27,40.753,21.413,41.67,24.777,39.316,23.226,38.29,21.2,52.767,8.941,38.773,23.278,40.596,23.812,44.205,22.689,43.183,8.842,755.375,87.25,2.0,23.0,6.808
2016-05-18 03:00:00,51.667,1.667,23.205,40.596,21.174,42.094,24.73,39.36,23.194,38.345,21.153,52.133,9.325,41.797,23.23,40.551,23.742,43.809,22.69,43.451,8.617,754.95,90.25,2.0,21.75,7.025
2016-05-18 04:00:00,51.667,0.0,23.1,40.59,20.991,42.414,24.79,39.326,23.122,38.487,21.167,51.545,9.84,42.109,23.21,40.584,23.69,43.731,22.7,43.663,9.533,754.35,90.75,1.583,20.0,8.067
2016-05-18 05:00:00,65.0,1.667,23.145,41.081,20.89,43.265,24.611,39.063,23.1,38.691,21.268,49.463,10.153,42.687,23.211,40.661,23.618,43.725,22.7,43.815,10.083,753.833,88.583,1.0,20.417,8.258
2016-05-18 06:00:00,70.0,0.0,23.2,41.525,20.906,44.117,24.411,38.471,23.022,39.15,21.391,48.46,10.935,42.037,23.246,40.987,23.583,43.829,22.698,43.678,10.45,753.433,86.333,1.0,22.667,8.158
2016-05-18 07:00:00,53.333,1.667,23.225,41.763,21.132,44.221,24.39,38.504,23.044,39.472,21.578,47.312,12.899,38.296,23.2,39.753,23.446,42.955,22.609,43.099,11.217,753.033,82.75,1.833,25.417,8.308
2016-05-18 08:00:00,61.667,0.0,23.25,41.995,21.78,43.602,24.368,38.585,23.089,39.837,21.568,46.945,15.924,23.908,23.117,39.112,23.315,42.811,22.605,42.5,12.342,752.675,79.333,3.417,26.0,8.85
2016-05-18 09:00:00,65.0,0.0,23.34,42.724,23.476,41.283,24.33,38.794,23.25,40.326,21.28,46.384,18.871,5.664,23.039,38.71,23.265,43.247,22.622,42.017,13.933,752.333,73.667,4.0,26.417,9.325
2016-05-18 10:00:00,58.333,0.0,23.301,42.516,22.991,41.876,23.906,39.005,23.217,40.252,21.158,46.548,17.861,6.369,22.914,38.5,23.2,43.219,22.605,41.463,15.392,751.892,68.167,4.833,32.417,9.583
2016-05-18 11:00:00,70.0,0.0,23.2,42.509,23.353,40.563,23.786,39.827,23.271,41.149,21.142,45.654,19.798,1.333,22.879,38.109,23.117,42.687,22.603,40.845,15.967,751.475,67.0,6.417,35.417,9.825
2016-05-18 12:00:00,56.667,0.0,23.2,42.104,23.718,39.333,24.082,39.762,23.371,40.46,21.11,44.89,20.415,1.0,22.823,37.519,23.067,41.972,22.605,40.257,16.2,751.05,63.667,6.583,29.0,9.208
2016-05-18 13:00:00,86.667,0.0,23.2,41.803,23.963,38.357,24.235,39.461,23.39,39.858,21.112,44.312,20.981,1.0,22.801,37.163,23.261,42.497,22.6,39.802,16.617,750.492,58.167,6.833,33.583,8.308
2016-05-18 14:00:00,81.667,0.0,23.255,41.292,24.117,37.501,24.34,39.213,23.482,39.366,21.136,43.437,21.003,1.0,22.79,36.41,23.645,41.561,22.6,39.051,17.325,750.033,56.583,8.0,35.417,8.6
2016-05-18 15:00:00,83.333,0.0,23.403,40.847,24.1,36.961,24.346,38.764,23.5,38.938,21.168,42.526,20.63,1.0,22.79,35.801,23.956,41.474,22.6,38.358,17.625,749.717,54.333,7.583,33.583,8.225
2016-05-18 16:00:00,105.0,0.0,23.5,40.976,23.962,36.779,24.368,38.313,23.427,38.521,21.103,41.822,19.015,1.032,22.77,35.462,23.957,39.642,22.563,37.823,17.258,749.433,52.833,7.0,40.0,7.45
2016-05-18 17:00:00,118.333,0.0,23.6,42.653,23.576,38.749,24.29,38.596,23.368,38.93,21.013,44.35,15.508,13.198,22.72,36.371,23.835,41.132,22.487,38.445,15.958,749.075,57.333,7.0,35.0,7.392
2016-05-18 18:00:00,178.333,16.667,23.645,43.014,23.234,40.458,24.346,39.219,23.382,40.52,21.051,51.726,14.384,30.584,22.761,38.608,24.208,44.427,22.493,40.126,14.075,748.9,74.083,6.167,25.917,9.133
2016-05-18 19:00:00,143.333,23.333,23.657,43.665,22.842,42.153,24.39,39.836,23.655,42.624,21.105,52.01,13.498,36.99,22.963,40.958,24.576,46.228,22.47,41.36,12.458,748.733,91.417,4.583,25.083,11.042
2016-05-18 20:00:00,223.333,3.333,23.689,43.666,22.501,42.726,24.362,40.003,23.765,42.075,21.093,51.555,11.526,40.263,23.011,41.17,24.796,45.15,22.349,40.933,12.15,748.417,92.0,4.417,28.0,10.85
2016-05-18 21:00:00,81.667,1.667,23.678,43.109,22.198,42.987,24.34,39.869,23.628,40.73,21.098,50.743,10.54,43.964,23.084,41.164,24.933,43.7,22.29,40.416,11.092,748.508,90.75,4.167,33.0,9.583
2016-05-18 22:00:00,51.667,0.0,23.639,42.515,21.848,43.229,24.482,39.885,23.504,40.3,21.086,50.819,9.542,46.231,23.1,41.568,24.845,44.78,22.352,41.649,9.975,748.842,90.25,2.583,40.0,8.383
2016-05-18 23:00:00,56.667,0.0,23.589,41.972,21.546,43.576,24.5,39.77,23.356,40.029,21.084,50.815,8.53,46.886,23.167,41.774,24.647,45.158,22.401,42.228,9.383,748.983,93.25,2.417,40.0,8.333
2016-05-19 00:00:00,51.667,0.0,23.487,41.618,21.248,43.694,24.6,39.651,23.27,39.782,21.093,50.717,7.642,47.638,23.2,41.107,24.428,45.438,22.407,42.654,8.633,749.142,95.0,3.0,35.417,7.933
2016-05-19 01:00:00,51.667,0.0,23.357,41.297,20.974,43.732,24.567,39.51,23.172,39.756,21.1,50.542,7.305,49.193,23.189,40.573,24.275,44.676,22.492,42.982,8.025,749.158,95.417,2.583,28.583,7.367
2016-05-19 02:00:00,50.0,0.0,23.22,41.073,20.758,43.765,24.6,39.411,23.083,40.103,21.093,50.491,7.498,50.593,23.189,40.276,24.17,43.689,22.5,43.222,7.75,749.142,96.417,2.0,27.167,7.192
2016-05-19 03:00:00,51.667,0.0,23.094,40.989,20.589,43.715,24.561,39.333,23.011,40.21,21.093,50.393,7.355,50.818,23.176,40.094,24.036,43.055,22.5,43.452,8.058,749.283,97.0,2.0,24.333,7.558
2016-05-19 04:00:00,56.667,0.0,23.006,40.874,20.487,43.827,24.503,39.265,22.921,40.168,21.095,50.259,6.989,50.421,23.136,39.824,23.928,42.288,22.5,43.709,8.0,749.483,96.583,2.0,22.0,7.458
2016-05-19 05:00:00,55.0,0.0,23.0,41.025,20.379,44.152,24.198,38.576,22.835,39.882,21.1,50.074,6.573,50.089,23.1,39.819,23.797,41.555,22.5,43.924,7.792,749.767,96.417,2.0,22.0,7.233
2016-05-19 06:00:00,58.333,0.0,23.0,40.796,20.508,43.954,23.998,38.184,22.79,39.742,21.083,49.779,7.28,51.611,23.153,40.268,23.637,41.304,22.5,43.709,7.667,750.25,96.167,1.583,22.0,7.042
2016-05-19 07:00:00,50.0,0.0,22.976,40.838,21.147,43.398,24.209,38.478,22.77,39.88,21.116,49.349,9.804,53.506,23.1,39.179,23.406,40.328,22.456,42.825,8.192,750.892,95.0,1.417,22.0,7.392
2016-05-19 08:00:00,53.333,0.0,22.963,41.161,22.463,41.007,24.302,38.478,22.79,40.043,21.137,48.875,12.98,53.68,23.056,38.568,23.173,40.218,22.5,42.218,9.017,751.612,92.292,1.792,25.75,7.779
2016-05-19 09:00:00,36.667,0.0,22.989,41.444,23.177,40.003,24.296,38.555,22.835,40.251,21.188,48.414,14.938,36.47,23.034,38.197,23.006,40.268,22.507,41.774,10.017,752.362,85.792,1.292,34.75,7.729
2016-05-19 10:00:00,55.0,0.0,23.122,41.759,25.588,36.4,24.27,38.635,23.217,40.24,21.226,47.898,17.194,14.484,23.088,37.762,22.867,39.96,22.6,42.027,11.1,753.05,79.083,1.417,40.0,7.575
2016-05-19 11:00:00,51.667,0.0,23.2,41.697,25.163,36.063,24.29,38.785,23.39,39.844,21.27,47.492,16.963,4.739,23.07,37.28,22.786,39.643,22.617,42.469,12.217,753.65,71.667,2.0,40.0,7.15
2016-05-19 12:00:00,55.0,0.0,23.298,41.59,24.87,36.203,24.373,38.715,23.522,39.787,21.305,47.094,18.242,1.3,23.1,36.985,22.749,39.656,22.612,42.635,13.842,754.25,62.0,2.0,40.0,6.592
2016-05-19 13:00:00,50.0,0.0,23.427,41.5,24.61,36.539,24.414,38.72,23.533,39.582,21.383,46.88,17.726,1.0,23.126,36.682,22.745,39.607,22.615,42.57,15.675,754.6,52.917,1.583,40.0,6.008
2016-05-19 14:00:00,63.333,0.0,23.578,41.321,24.488,36.57,24.556,38.708,23.6,39.342,21.424,46.493,19.863,1.0,23.301,36.017,22.786,38.688,22.6,41.65,16.7,754.767,47.917,1.0,40.0,5.475
2016-05-19 15:00:00,81.667,0.0,23.829,40.903,24.397,36.61,24.6,38.602,23.694,39.108,21.508,46.116,19.869,1.0,23.532,35.386,23.26,38.943,22.622,40.922,17.025,755.125,47.917,1.833,40.0,5.842
2016-05-19 16:00:00,90.0,1.667,24.0,40.248,24.254,36.37,24.639,38.482,23.7,38.933,21.636,45.753,20.221,1.0,23.607,35.007,23.797,40.847,22.611,40.514,16.917,755.383,49.083,3.0,40.0,6.058
2016-05-19 17:00:00,208.333,0.0,24.022,38.923,23.976,35.17,24.622,37.756,23.65,38.45,21.869,44.206,20.388,1.0,23.6,34.234,24.147,40.115,22.611,39.802,17.708,755.583,45.833,3.0,40.0,5.717
2016-05-19 18:00:00,120.0,0.0,23.982,41.18,23.656,36.17,24.561,37.148,23.556,38.241,22.0,43.622,19.173,1.0,23.503,34.253,24.28,39.287,22.6,39.532,17.833,755.783,47.417,3.0,40.0,6.3
2016-05-19 19:00:00,98.333,0.0,23.813,39.73,23.082,37.78,24.418,37.621,23.439,38.886,22.169,47.943,17.329,3.664,23.348,35.387,24.305,40.748,22.606,40.157,17.058,756.192,52.167,3.0,40.0,7.008
2016-05-19 20:00:00,118.333,1.667,23.633,40.832,22.594,39.695,24.28,38.364,23.357,39.473,23.435,84.941,15.019,10.996,23.245,36.442,24.483,42.883,22.615,41.025,15.967,756.767,62.583,3.0,33.333,8.792
2016-05-19 21:00:00,66.667,1.667,23.511,41.561,22.447,40.906,24.323,38.671,23.27,39.989,22.728,71.138,12.953,21.728,23.195,36.887,24.589,45.276,22.511,40.588,14.667,757.25,73.583,2.583,24.0,9.942
2016-05-19 22:00:00,50.0,0.0,23.427,41.505,22.164,41.21,24.39,38.9,23.205,40.295,22.525,62.351,10.97,30.123,23.118,36.773,24.395,44.899,22.511,41.951,12.958,757.683,79.583,2.417,30.667,9.417
2016-05-19 23:00:00,56.667,0.0,23.318,41.32,21.828,41.508,24.385,38.998,23.128,40.535,22.316,60.719,9.907,36.57,23.085,36.687,24.191,44.934,22.579,42.608,11.533,757.758,81.917,3.0,40.0,8.475
2016-05-20 00:00:00,51.667,0.0,23.225,41.225,21.535,41.877,24.561,39.469,23.067,40.539,22.2,59.018,9.051,38.928,23.005,36.533,23.975,44.606,22.6,43.107,10.392,757.783,86.0,3.0,40.0,8.133
2016-05-20 01:00:00,51.667,0.0,23.117,41.176,21.28,42.015,24.643,39.732,22.976,40.375,22.098,57.012,8.473,41.688,22.98,36.415,23.84,43.882,22.6,43.458,9.767,757.858,86.417,3.0,40.0,7.65
2016-05-20 02:00:00,36.667,0.0,23.022,41.104,21.059,42.184,24.678,39.76,22.89,40.26,22.0,55.442,9.739,44.165,22.89,36.308,23.702,43.357,22.61,43.83,9.508,757.758,86.583,3.0,40.0,7.383
2016-05-20 03:00:00,58.333,0.0,22.927,41.238,20.934,42.742,24.645,39.92,22.835,40.288,21.954,54.735,10.23,47.766,22.882,36.53,23.613,43.51,22.611,44.193,9.883,757.7,89.75,3.833,35.417,8.208
2016-05-20 04:00:00,51.667,0.0,22.89,41.487,20.882,43.37,24.7,40.068,22.79,40.518,21.89,53.807,10.772,50.209,22.794,36.818,23.507,44.137,22.611,44.531,10.25,757.575,93.75,5.0,27.75,9.283
2016-05-20 05:00:00,61.667,3.333,22.896,42.345,20.824,44.242,24.639,39.791,22.735,40.749,21.89,51.15,11.103,50.832,22.79,37.104,23.411,44.74,22.622,44.938,10.892,757.358,91.583,4.583,27.25,9.567
2016-05-20 06:00:00,66.667,10.0,23.0,42.994,20.95,45.001,24.52,39.472,22.71,40.907,21.835,50.066,11.997,50.438,22.704,37.754,23.318,44.575,22.611,44.551,11.508,757.425,89.75,4.0,33.583,9.8
2016-05-20 07:00:00,80.0,15.0,22.957,43.014,21.231,44.741,24.402,39.388,23.031,41.832,21.79,49.524,13.535,45.681,22.695,38.292,23.157,43.933,22.589,43.958,12.008,757.642,88.0,4.417,35.0,10.008
2016-05-20 08:00:00,126.667,18.333,22.89,43.435,21.879,43.897,24.39,39.454,23.282,42.261,21.79,48.8,15.795,32.849,22.7,38.835,23.03,44.229,22.592,43.598,12.842,757.742,87.167,4.583,28.0,10.675
2016-05-20 09:00:00,73.333,21.667,22.902,43.897,21.936,44.237,24.39,39.607,23.533,42.715,21.79,48.448,16.121,30.12,22.7,39.42,22.892,44.909,22.556,43.627,13.683,757.883,85.583,4.417,33.0,11.242
2016-05-20 10:00:00,81.667,21.667,22.902,44.463,21.914,44.58,24.39,39.963,23.803,42.915,21.79,48.295,16.049,32.161,22.7,40.022,22.788,45.624,22.5,43.784,13.925,758.042,85.0,4.583,35.417,11.425
2016-05-20 11:00:00,73.333,23.333,22.943,45.206,22.028,45.366,24.488,40.306,23.874,42.954,21.817,48.452,16.145,40.549,22.7,41.196,22.707,47.129,22.5,44.273,14.058,758.225,87.917,4.0,31.917,12.058
2016-05-20 12:00:00,71.667,15.0,23.078,46.257,22.375,45.919,24.402,40.923,23.952,43.583,21.871,48.793,18.051,34.442,22.751,42.307,22.7,48.37,22.5,44.784,14.333,758.442,91.583,4.417,33.083,12.95
2016-05-20 13:00:00,61.667,0.0,23.061,46.969,22.73,45.619,24.539,41.638,23.857,44.626,21.89,49.058,18.843,22.915,22.797,42.448,22.7,48.569,22.55,44.972,15.3,758.458,89.333,4.583,33.583,13.55
2016-05-20 14:00:00,60.0,0.0,23.067,47.069,22.837,45.624,24.556,41.808,23.79,44.784,21.91,49.108,18.659,27.256,22.852,42.69,22.7,48.943,22.544,45.051,15.917,758.358,85.75,4.417,40.0,13.525
2016-05-20 15:00:00,46.667,0.0,23.086,47.248,23.278,44.912,24.6,41.851,23.79,44.487,22.0,49.2,20.63,16.43,23.012,42.941,22.706,49.506,22.6,45.188,16.217,758.3,81.083,4.583,40.0,12.875
2016-05-20 16:00:00,48.333,0.0,23.219,46.851,23.39,44.086,24.556,41.862,23.79,44.035,22.109,49.082,21.052,3.298,23.145,41.961,22.766,48.314,22.622,45.014,17.3,758.175,73.25,4.417,40.0,12.367
2016-05-20 17:00:00,75.0,0.0,23.369,45.907,23.421,43.176,24.5,41.507,23.725,43.381,22.941,61.171,20.83,1.017,23.2,40.615,22.944,47.865,22.622,44.473,18.125,758.042,64.25,5.0,40.0,11.192
2016-05-20 18:00:00,78.333,1.667,23.528,45.455,23.42,42.732,24.65,41.14,23.7,43.142,23.578,82.495,20.081,1.0,23.2,39.853,23.339,47.989,22.622,44.095,18.342,758.058,58.167,5.0,40.0,10.033
2016-05-20 19:00:00,65.0,0.0,23.583,44.724,23.185,42.536,24.666,40.827,23.661,42.802,23.244,66.588,20.08,1.386,23.164,39.53,23.399,45.994,22.611,43.884,17.942,758.042,56.583,4.583,40.0,9.258
2016-05-20 20:00:00,70.0,0.0,23.5,44.314,22.782,43.006,24.42,40.638,23.556,42.897,22.999,57.925,16.12,10.874,23.093,39.932,23.368,46.002,22.6,43.963,16.675,758.1,61.417,3.167,40.0,9.125
2016-05-20 21:00:00,65.0,1.667,23.47,44.607,22.378,44.01,24.38,40.713,23.5,43.226,22.837,54.004,13.997,26.34,23.007,40.369,23.361,46.702,22.536,43.933,14.842,758.183,75.25,1.583,40.0,10.333
2016-05-20 22:00:00,53.333,1.667,23.357,44.896,22.046,44.814,24.6,41.451,23.414,43.22,22.732,52.742,13.099,34.752,22.973,40.136,23.5,48.666,22.533,44.374,13.375,758.3,84.833,1.0,40.0,10.842
2016-05-20 23:00:00,45.0,0.0,23.24,44.851,21.784,45.605,24.78,41.814,23.32,43.324,22.672,51.586,13.219,42.262,22.893,40.412,23.445,50.627,22.578,44.808,13.575,758.175,88.083,1.417,35.417,11.608
2016-05-21 00:00:00,48.333,0.0,23.189,45.063,21.616,46.391,24.796,41.982,23.29,43.576,22.6,50.136,13.044,47.206,22.89,40.77,23.423,52.222,22.6,45.186,14.1,757.875,91.0,2.417,28.583,12.642
2016-05-21 01:00:00,51.667,0.0,23.083,45.335,21.451,47.002,24.89,42.176,23.225,43.793,22.543,49.026,13.244,50.416,22.875,41.042,23.5,51.996,22.61,46.001,14.183,757.492,90.583,3.417,33.0,12.658
2016-05-21 02:00:00,56.667,0.0,23.027,45.598,21.346,47.399,24.957,42.275,23.2,43.908,22.517,48.435,12.949,50.824,22.816,41.119,23.5,51.538,22.647,46.708,14.217,757.075,90.417,4.0,40.0,12.6
2016-05-21 03:00:00,48.333,0.0,22.927,45.771,21.255,47.637,25.0,42.22,23.156,43.989,22.5,48.161,12.394,51.641,22.79,41.134,23.491,51.121,22.693,47.425,13.892,756.775,91.417,4.0,35.417,12.475
2016-05-21 04:00:00,56.667,0.0,22.89,45.9,21.15,47.833,25.044,42.231,23.111,44.0,22.5,47.955,12.16,52.407,22.79,41.097,23.5,50.774,22.7,47.812,13.267,756.517,92.833,3.583,26.917,12.133
2016-05-21 05:00:00,51.667,0.0,22.89,45.944,21.078,48.076,25.1,42.21,23.1,43.989,22.495,47.866,12.567,53.758,22.79,41.101,23.39,50.653,22.763,48.167,12.883,756.4,94.0,3.417,24.417,11.983
2016-05-21 06:00:00,60.0,0.0,22.868,45.978,21.176,48.177,25.111,42.188,23.039,44.036,22.478,47.99,13.7,54.648,22.774,41.257,23.39,51.123,22.79,48.64,13.208,756.442,94.0,4.0,25.0,12.308
2016-05-21 07:00:00,56.667,0.0,22.969,47.046,21.773,48.258,24.943,42.113,23.045,44.39,22.5,48.047,15.58,52.846,22.758,42.252,23.369,51.53,22.842,49.808,13.917,756.417,92.75,4.0,25.417,12.808
2016-05-21 08:00:00,208.333,1.667,23.072,48.851,24.272,46.095,24.47,43.74,23.181,45.463,22.442,49.07,18.998,31.76,22.781,43.269,23.422,51.842,22.901,48.193,15.083,756.342,88.5,4.0,27.25,13.225
2016-05-21 09:00:00,310.0,0.0,23.011,49.961,25.639,43.076,24.379,44.555,23.44,47.37,22.481,50.18,21.745,11.365,22.841,43.734,23.347,51.308,22.99,47.538,16.525,756.358,81.667,4.417,28.583,13.358
2016-05-21 10:00:00,383.333,0.0,23.004,50.583,25.117,43.873,25.447,46.297,23.644,46.995,22.5,50.541,22.608,3.841,22.945,43.845,23.254,50.72,23.0,47.311,17.858,756.217,72.833,5.417,33.0,12.883
2016-05-21 11:00:00,431.667,0.0,23.144,51.594,25.089,44.316,25.896,45.019,23.786,46.789,22.529,50.804,23.124,1.366,23.087,43.906,23.226,50.592,23.003,47.085,18.833,755.933,66.167,6.417,40.0,12.383
2016-05-21 12:00:00,228.333,0.0,23.443,50.923,25.1,44.035,26.023,44.503,23.856,46.677,22.605,50.927,23.404,1.0,23.272,43.603,23.367,50.328,23.018,46.962,19.633,755.492,64.583,7.0,40.0,12.708
2016-05-21 13:00:00,343.333,1.667,23.759,49.938,25.1,43.698,26.112,43.829,23.929,46.323,22.72,50.957,23.846,1.0,23.457,43.227,23.522,49.986,23.036,46.844,20.683,755.117,61.083,7.0,40.0,12.833
2016-05-21 14:00:00,303.333,1.667,24.075,48.953,25.1,43.36,26.201,43.154,24.001,45.971,22.835,50.986,24.287,1.0,23.641,42.851,23.676,49.643,23.053,46.725,21.75,754.917,56.583,7.0,40.0,12.683
2016-05-21 15:00:00,361.667,1.667,24.391,47.969,25.1,43.023,26.29,42.48,24.073,45.618,22.949,51.016,24.728,1.0,23.826,42.475,23.83,49.3,23.07,46.607,22.35,754.592,53.5,7.0,40.0,12.342
2016-05-21 16:00:00,100.0,1.667,24.708,46.984,25.1,42.686,26.378,41.806,24.146,45.265,23.064,51.046,25.169,1.0,24.011,42.099,23.984,48.957,23.087,46.489,22.867,754.175,49.583,7.0,40.0,11.783
2016-05-21 17:00:00,95.0,1.667,24.895,46.446,25.072,42.618,26.416,41.441,24.19,45.08,23.138,51.123,25.373,1.769,24.135,41.904,24.103,48.767,23.101,46.449,22.975,753.833,51.083,6.583,40.0,12.358
2016-05-21 18:00:00,125.0,3.333,24.86,46.854,24.972,43.22,26.456,41.76,24.166,45.317,23.112,51.319,24.982,4.462,24.106,42.161,24.147,49.072,23.111,46.696,22.508,753.475,54.833,6.417,40.0,13.0
2016-05-21 19:00:00,108.333,10.0,24.833,47.274,24.869,43.851,26.516,42.093,24.139,45.57,23.083,51.52,24.568,7.232,24.071,42.436,24.19,49.416,23.121,46.968,21.517,753.092,58.917,5.75,40.0,13.167
2016-05-21 20:00:00,95.0,10.0,24.806,47.693,24.766,44.482,26.577,42.426,24.112,45.824,23.054,51.722,24.154,10.002,24.036,42.71,24.233,49.76,23.132,47.241,19.908,752.925,68.417,3.167,40.0,13.817
2016-05-21 21:00:00,135.0,3.333,24.778,48.113,24.664,45.112,26.637,42.758,24.085,46.077,23.024,51.923,23.74,12.772,24.001,42.985,24.276,50.103,23.142,47.514,18.842,752.975,74.333,2.0,40.0,14.15
2016-05-21 22:00:00,73.333,0.0,24.752,48.532,24.561,45.742,26.698,43.092,24.058,46.331,22.994,52.124,23.326,15.542,23.966,43.26,24.319,50.447,23.153,47.786,18.9,752.508,72.833,2.417,40.0,13.925
2016-05-21 23:00:00,148.333,0.0,24.724,48.952,24.458,46.372,26.758,43.424,24.031,46.584,22.964,52.325,22.912,18.312,23.93,43.534,24.362,50.79,23.163,48.059,18.525,752.058,76.083,2.583,40.0,14.183
2016-05-22 00:00:00,60.0,0.0,24.697,49.371,24.356,47.002,26.819,43.757,24.004,46.838,22.934,52.526,22.498,21.082,23.895,43.809,24.405,51.134,23.174,48.332,17.667,751.708,81.083,2.0,40.0,14.383
2016-05-22 01:00:00,56.667,0.0,24.67,49.791,24.252,47.631,26.879,44.089,23.977,47.092,22.904,52.728,22.085,23.853,23.86,44.084,24.448,51.478,23.184,48.604,17.45,751.008,81.083,2.417,40.0,14.167
2016-05-22 02:00:00,51.667,0.0,24.642,50.21,24.15,48.262,26.94,44.422,23.95,47.345,22.875,52.929,21.67,26.623,23.825,44.359,24.491,51.821,23.194,48.877,17.717,750.433,77.0,2.583,40.0,13.575
2016-05-22 03:00:00,53.333,0.0,24.615,50.63,24.048,48.892,27.0,44.755,23.923,47.598,22.846,53.13,21.256,29.392,23.79,44.634,24.534,52.165,23.204,49.15,17.267,749.742,78.667,1.583,40.0,13.4
2016-05-22 04:00:00,55.0,0.0,24.588,51.049,23.944,49.522,27.061,45.088,23.896,47.852,22.816,53.331,20.842,32.162,23.755,44.908,24.578,52.509,23.215,49.423,15.925,749.475,86.0,2.25,40.0,13.442
2016-05-22 05:00:00,50.0,0.0,24.56,51.468,23.842,50.152,27.122,45.421,23.869,48.106,22.786,53.532,20.428,34.932,23.72,45.183,24.621,52.852,23.225,49.696,14.45,749.583,95.083,2.75,34.167,13.625
2016-05-22 06:00:00,58.333,0.0,24.533,51.888,23.739,50.782,27.182,45.753,23.842,48.359,22.756,53.734,20.014,37.702,23.684,45.458,24.664,53.196,23.236,49.968,14.308,749.417,97.583,1.833,25.583,13.925
2016-05-22 07:00:00,63.333,0.0,24.506,52.307,23.636,51.412,27.243,46.086,23.815,48.613,22.726,53.935,19.6,40.473,23.649,45.732,24.707,53.54,23.246,50.241,14.808,750.042,96.583,3.417,31.25,14.225
2016-05-22 08:00:00,190.0,1.667,24.478,52.727,23.534,52.042,27.303,46.418,23.788,48.866,22.696,54.136,19.186,43.242,23.614,46.007,24.75,53.883,23.256,50.514,15.183,750.142,94.75,3.583,40.0,14.317
2016-05-22 09:00:00,113.333,0.0,24.452,53.146,23.431,52.672,27.364,46.752,23.761,49.119,22.667,54.337,18.772,46.012,23.579,46.282,24.793,54.227,23.267,50.786,15.592,750.367,93.0,3.417,40.0,14.45
2016-05-22 10:00:00,201.667,0.0,24.424,53.566,23.328,53.302,27.424,47.084,23.734,49.373,22.638,54.538,18.357,48.782,23.544,46.556,24.836,54.57,23.277,51.059,15.917,750.683,93.417,3.583,40.0,14.8
2016-05-22 11:00:00,343.333,0.0,24.404,53.924,23.238,53.915,27.51,47.418,23.708,49.648,22.613,54.752,17.963,51.4,23.51,46.828,24.891,54.887,23.287,51.324,15.883,750.717,92.75,3.833,35.417,14.717
2016-05-22 12:00:00,126.667,0.0,24.481,53.574,23.461,53.287,27.928,46.746,23.78,49.683,22.69,55.0,18.384,49.849,23.507,47.258,25.102,54.461,23.29,51.417,15.917,750.6,91.0,4.167,29.0,14.517
2016-05-22 13:00:00,103.333,0.0,24.661,53.042,23.772,52.571,27.079,45.332,23.929,50.14,22.751,55.03,19.719,42.641,23.574,47.517,25.253,53.611,23.29,51.1,16.008,750.475,90.167,3.0,33.583,14.4
2016-05-22 14:00:00,106.667,0.0,24.678,52.445,23.892,51.92,26.681,45.17,24.0,49.506,22.79,54.905,19.254,39.31,23.6,47.5,25.402,53.061,23.309,50.8,16.55,750.258,87.333,3.0,40.0,14.4
2016-05-22 15:00:00,96.667,0.0,24.678,52.232,24.01,51.334,26.54,45.263,24.056,49.913,22.871,54.723,19.946,36.546,23.615,47.586,25.448,52.849,23.299,50.869,16.608,750.2,87.083,3.0,34.583,14.483
2016-05-22 16:00:00,88.333,0.0,24.7,52.05,24.218,51.067,26.271,45.627,24.2,49.88,22.934,54.595,20.873,26.498,23.7,47.919,25.706,53.519,23.3,51.062,16.325,750.2,90.0,2.583,32.417,14.683
2016-05-22 17:00:00,265.0,0.0,24.739,52.208,24.089,51.192,26.117,45.781,24.235,50.264,23.0,54.514,19.284,31.27,23.7,48.223,25.916,53.563,23.307,51.408,16.208,750.117,91.667,2.0,33.75,14.8
2016-05-22 18:00:00,120.0,1.667,24.89,53.046,23.928,52.814,26.275,45.981,24.29,50.583,23.015,54.922,17.241,36.914,23.7,47.91,26.015,53.288,23.29,51.306,15.925,749.958,94.0,2.0,25.417,14.925
2016-05-22 19:00:00,96.667,0.0,24.902,51.964,23.642,51.744,26.18,45.926,24.28,49.763,23.062,55.213,14.574,44.096,23.687,46.594,26.039,53.168,23.197,50.248,15.767,749.942,94.0,2.0,31.833,14.808
2016-05-22 20:00:00,116.667,1.667,24.911,50.682,23.365,51.109,25.847,45.519,24.2,48.418,23.1,54.302,12.73,52.542,23.61,44.878,25.902,51.149,23.033,48.434,14.342,750.167,94.833,3.667,32.083,13.525
2016-05-22 21:00:00,88.333,1.667,24.879,49.986,23.071,50.601,25.868,44.93,24.102,47.619,23.03,53.237,12.012,52.491,23.6,43.973,26.148,50.204,22.974,48.153,12.708,750.775,95.167,6.0,38.083,11.883
2016-05-22 22:00:00,78.333,0.0,24.781,49.375,22.724,50.59,25.914,44.782,24.0,46.976,23.0,52.953,11.592,52.289,23.6,43.378,26.271,49.348,23.093,49.052,12.092,751.425,94.833,5.583,45.75,11.217
2016-05-22 23:00:00,60.0,0.0,24.645,48.774,22.468,50.57,26.089,45.28,23.891,46.608,23.0,52.559,11.5,52.522,23.6,42.882,26.142,49.902,23.155,49.38,11.717,751.683,96.0,4.583,39.667,11.017
2016-05-23 00:00:00,58.333,0.0,24.516,48.408,22.271,50.538,26.245,45.099,23.79,46.26,22.988,52.218,11.374,52.589,23.556,42.528,25.826,50.019,23.2,49.5,11.475,752.008,96.417,4.0,59.667,10.858
2016-05-23 01:00:00,51.667,0.0,24.385,48.06,22.089,50.375,26.275,44.898,23.718,45.986,22.976,51.93,11.052,52.55,23.521,42.156,25.645,50.651,23.2,49.537,11.217,752.383,96.583,4.0,57.5,10.633
2016-05-23 02:00:00,58.333,0.0,24.245,47.781,21.939,50.204,26.275,44.729,23.661,45.716,22.89,51.619,10.86,52.56,23.5,41.842,25.462,50.477,23.272,49.726,11.1,752.667,95.167,4.0,61.417,10.317
2016-05-23 03:00:00,51.667,0.0,24.139,47.602,21.802,50.01,26.29,44.535,23.6,45.472,22.902,51.334,10.791,52.489,23.5,41.595,25.303,49.71,23.281,49.732,11.017,752.858,94.417,3.583,61.583,10.2
2016-05-23 04:00:00,50.0,0.0,24.021,47.519,21.7,49.888,26.24,44.433,23.546,45.32,22.89,51.047,10.776,52.5,23.477,41.389,25.161,49.268,23.29,49.889,10.9,753.05,95.0,3.0,59.333,10.2
2016-05-23 05:00:00,66.667,1.667,23.951,47.75,21.628,50.257,26.077,43.794,23.5,45.316,22.902,50.692,10.869,52.466,23.419,41.201,25.057,49.168,23.297,50.091,10.9,753.483,95.0,3.0,56.583,10.2
2016-05-23 06:00:00,60.0,1.667,23.988,47.762,21.656,50.74,25.709,42.989,23.439,45.564,22.908,50.724,11.404,52.754,23.39,41.134,24.939,49.14,23.292,50.162,10.983,753.767,95.417,2.583,51.833,10.325
2016-05-23 07:00:00,56.667,1.667,24.05,47.845,21.72,50.851,25.583,42.715,23.459,45.933,22.89,50.827,12.051,53.152,23.39,41.162,24.801,48.031,23.257,49.69,11.267,754.25,96.0,2.0,46.417,10.625
2016-05-23 08:00:00,51.667,0.0,24.089,47.833,21.79,50.78,25.445,42.745,23.39,45.729,22.89,50.74,12.05,53.251,23.39,41.193,24.645,47.45,23.205,48.938,11.667,754.725,94.333,2.0,52.833,10.758
2016-05-23 09:00:00,55.0,1.667,24.1,47.745,21.973,50.347,25.39,42.613,23.385,45.475,22.89,50.592,12.218,52.892,23.39,41.026,24.499,47.013,23.167,48.254,12.15,755.025,88.667,2.0,52.25,10.367
2016-05-23 10:00:00,51.667,0.0,24.1,47.72,22.463,49.291,25.371,42.657,23.385,45.375,22.89,50.351,14.284,52.191,23.379,40.95,24.373,46.845,23.134,47.477,12.708,755.408,84.0,2.417,40.0,10.067
2016-05-23 11:00:00,56.667,1.667,24.1,47.71,22.55,48.99,25.334,42.71,23.379,45.376,22.896,50.207,13.812,45.148,23.39,40.983,24.28,46.888,23.1,47.151,12.958,755.867,84.0,3.833,33.75,10.258
2016-05-23 12:00:00,61.667,1.667,24.1,48.084,23.129,47.897,25.428,42.663,23.439,45.564,22.976,49.998,15.963,26.055,23.414,40.851,24.222,46.994,23.1,46.523,13.483,756.142,79.0,5.0,31.25,9.783
2016-05-23 13:00:00,56.667,0.0,24.198,47.268,23.798,46.34,25.589,42.579,23.556,45.441,23.058,49.758,17.737,6.642,23.567,40.383,24.2,46.886,23.111,45.862,14.717,756.367,71.583,5.0,40.0,9.533
2016-05-23 14:00:00,58.333,0.0,24.381,46.796,24.186,44.941,25.7,42.5,23.689,44.992,23.105,49.527,17.64,1.42,23.688,39.772,24.178,46.431,23.156,45.207,15.258,756.725,70.167,5.417,40.0,9.833
2016-05-23 15:00:00,73.333,0.0,24.493,46.683,24.346,44.551,25.72,42.332,23.783,45.144,23.195,49.301,17.48,1.1,23.73,39.421,24.1,46.237,23.144,44.728,15.033,757.067,70.667,6.0,40.0,9.767
2016-05-23 16:00:00,156.667,0.0,24.6,46.163,24.379,43.891,25.755,42.02,24.055,45.661,23.269,49.198,17.506,2.256,23.828,39.028,24.072,46.296,23.142,44.236,14.842,757.425,71.333,6.417,40.0,9.708
2016-05-23 17:00:00,380.0,0.0,24.697,47.0,24.275,43.918,25.79,41.942,24.183,45.293,23.418,48.154,17.018,4.287,23.802,38.598,24.419,47.222,23.1,43.421,14.817,757.725,71.083,7.0,40.0,9.633
2016-05-23 18:00:00,123.333,0.0,25.383,48.108,24.292,46.722,25.951,42.663,24.2,44.875,24.217,64.574,16.056,3.772,23.784,38.102,24.717,46.633,23.065,42.457,14.492,758.025,74.0,6.583,40.0,9.892
2016-05-23 19:00:00,120.0,0.0,25.28,45.638,23.933,44.793,25.939,42.287,24.2,45.188,24.52,81.881,16.784,4.586,23.704,37.882,24.938,46.747,22.929,41.867,13.742,758.408,75.25,5.583,40.0,9.433
2016-05-23 20:00:00,105.0,3.333,25.186,44.908,23.576,44.399,25.751,41.98,24.188,44.578,24.136,70.414,14.219,11.13,23.607,37.714,25.122,45.342,22.739,41.12,12.767,758.908,77.417,5.417,40.0,8.95
2016-05-23 21:00:00,68.333,21.667,25.061,44.676,23.174,44.718,25.7,41.79,24.187,44.257,23.852,60.986,11.82,26.22,23.587,37.97,25.23,46.251,22.611,41.231,11.883,759.242,79.25,5.167,40.0,8.392
2016-05-23 22:00:00,63.333,13.333,24.879,44.711,22.734,45.452,25.76,42.163,24.351,44.668,23.714,58.686,11.099,30.309,23.5,38.165,25.078,47.451,22.73,42.679,11.217,759.342,82.25,3.583,40.0,8.225
2016-05-23 23:00:00,58.333,0.0,24.74,44.839,22.422,46.099,25.92,42.622,24.303,44.284,23.607,57.709,11.218,33.445,23.5,38.228,24.873,48.297,22.79,43.99,11.1,759.525,84.417,3.417,40.0,8.483
2016-05-24 00:00:00,50.0,0.0,24.578,44.782,22.197,46.49,25.976,42.822,24.122,43.455,23.5,55.358,11.32,34.841,23.465,38.332,24.765,49.033,22.851,45.18,11.1,759.742,85.833,3.583,35.417,8.767
2016-05-24 01:00:00,56.667,0.0,24.439,44.792,22.039,46.711,25.89,42.467,23.976,43.074,23.41,53.85,11.087,33.774,23.397,38.317,24.692,48.49,22.899,46.146,10.975,759.758,86.583,3.833,29.0,8.792
2016-05-24 02:00:00,55.0,0.0,24.302,44.78,21.892,46.77,25.902,42.382,23.834,42.787,23.374,52.921,10.84,34.419,23.39,38.236,24.611,47.728,22.939,46.973,10.717,759.658,86.0,4.583,27.75,8.458
2016-05-24 03:00:00,53.333,0.0,24.183,44.7,21.74,46.78,25.913,42.334,23.74,42.7,23.29,52.286,10.717,35.762,23.34,38.2,24.567,47.276,22.914,47.453,10.475,759.642,86.0,3.583,26.0,8.275
2016-05-24 04:00:00,53.333,0.0,24.05,44.708,21.666,46.77,25.89,42.169,23.672,42.67,23.211,51.691,10.615,37.408,23.295,38.2,24.5,46.772,23.0,47.661,10.3,759.658,85.167,3.0,31.833,7.892
2016-05-24 05:00:00,106.667,0.0,24.0,44.93,21.6,47.435,25.75,41.66,23.6,42.738,23.2,50.351,10.605,35.886,23.279,38.161,24.457,46.29,23.0,47.859,10.217,759.6,84.417,3.0,40.0,7.6
2016-05-24 06:00:00,71.667,0.0,24.0,44.972,21.611,47.806,25.393,41.118,23.528,42.932,23.164,50.232,10.828,31.554,23.206,37.958,24.329,46.201,23.0,47.496,10.1,759.6,84.167,3.417,40.0,7.475
2016-05-24 07:00:00,161.667,10.0,24.011,43.731,21.655,46.74,25.178,40.639,23.434,42.405,23.13,50.317,11.362,26.928,23.2,37.816,24.29,46.444,22.97,46.569,10.183,759.6,81.75,4.0,40.0,7.175
2016-05-24 08:00:00,56.667,0.0,24.056,43.58,21.887,46.168,25.056,40.528,23.5,42.723,23.1,50.007,11.93,21.099,23.2,37.686,24.286,46.458,22.89,45.27,10.383,759.517,80.833,4.0,40.0,7.208
2016-05-24 09:00:00,38.333,0.0,24.1,43.467,21.987,45.939,24.987,40.318,23.5,42.308,23.1,49.619,12.206,17.944,23.2,37.514,24.266,47.122,22.834,44.297,10.542,759.4,82.0,4.0,40.0,7.542
2016-05-24 10:00:00,66.667,0.0,24.104,42.289,22.167,44.571,24.874,40.068,23.414,41.776,23.477,59.386,12.904,14.161,23.139,36.897,24.357,46.874,22.801,42.824,10.642,759.442,81.167,4.0,40.0,7.475
2016-05-24 11:00:00,101.667,0.0,24.0,40.721,22.444,41.758,25.039,39.05,23.433,41.406,23.501,68.516,14.349,5.739,23.1,35.995,24.438,45.455,22.79,40.76,11.117,759.542,77.917,3.583,35.417,7.3
2016-05-24 12:00:00,128.333,0.0,24.05,41.001,22.97,40.985,25.161,39.121,23.589,41.386,23.342,56.422,15.676,1.2,23.106,35.392,24.722,43.002,22.762,39.695,12.158,759.433,72.5,3.417,33.583,7.217
2016-05-24 13:00:00,118.333,0.0,24.192,41.114,23.519,40.057,25.2,39.2,23.715,40.978,23.29,51.87,16.708,1.0,23.22,35.098,24.606,41.318,22.725,39.23,13.133,759.075,69.417,4.417,35.417,7.558
2016-05-24 14:00:00,150.0,0.0,24.334,39.961,23.791,38.334,25.27,39.24,23.847,41.124,23.241,49.401,16.694,1.0,23.392,34.798,24.513,39.603,22.732,38.846,13.975,758.858,68.75,5.0,33.583,8.242
2016-05-24 15:00:00,141.667,13.333,24.369,38.563,23.839,36.793,25.25,38.738,23.904,40.278,23.21,46.956,16.826,1.0,23.494,34.421,24.5,38.658,22.73,38.497,14.375,758.675,66.167,4.583,35.0,8.008
2016-05-24 16:00:00,141.667,21.667,24.368,38.728,23.856,36.863,25.23,38.203,24.144,40.696,23.23,45.478,16.9,1.0,23.528,34.165,24.5,38.552,22.71,38.284,14.075,758.458,65.833,4.0,33.0,7.683
2016-05-24 17:00:00,203.333,21.667,24.486,39.82,23.927,37.549,25.21,37.651,24.339,40.436,23.457,44.892,16.358,1.0,23.572,34.005,24.505,38.468,22.7,38.092,14.025,758.275,66.583,4.417,40.0,7.8
2016-05-24 18:00:00,136.667,1.667,24.686,41.465,23.775,38.814,25.303,37.928,24.29,39.68,23.713,44.383,15.324,1.0,23.522,33.928,24.575,39.33,22.694,37.901,13.825,758.058,65.583,5.417,35.417,7.425
2016-05-24 19:00:00,123.333,0.0,24.725,41.046,23.6,39.074,25.488,38.285,24.29,40.485,24.617,73.943,15.902,1.0,23.465,33.814,24.797,41.155,22.583,37.43,12.925,757.917,67.5,6.0,28.583,7.025
2016-05-24 20:00:00,96.667,0.0,24.7,40.738,23.251,39.512,25.303,38.616,24.265,40.217,23.812,58.668,12.744,4.954,23.368,33.59,24.907,42.014,22.439,36.934,11.942,757.925,71.0,5.583,28.417,6.742
2016-05-24 21:00:00,76.667,10.0,24.611,40.417,22.857,40.206,25.178,38.72,24.126,39.675,22.72,43.276,10.793,13.419,23.29,33.916,25.088,44.69,22.421,37.192,10.883,758.1,71.0,5.0,29.0,5.767
2016-05-24 22:00:00,61.667,21.667,24.51,40.139,22.439,40.797,25.2,38.862,24.25,40.587,22.232,39.864,9.739,17.275,23.26,34.56,24.972,45.766,22.476,38.686,10.05,758.1,74.333,4.167,29.0,5.675
2016-05-24 23:00:00,58.333,1.667,24.33,40.258,22.121,41.341,25.215,39.109,24.346,40.738,21.858,38.727,9.298,21.724,23.21,34.824,24.774,46.115,22.5,39.757,9.533,758.142,79.833,2.167,29.0,6.158
2016-05-25 00:00:00,53.333,0.0,24.204,40.345,21.837,41.897,25.373,39.513,24.15,40.032,21.483,38.737,8.884,25.598,23.2,35.027,24.64,45.999,22.51,40.972,9.092,758.158,83.083,1.0,29.0,6.267
2016-05-25 01:00:00,53.333,0.0,24.072,40.369,21.644,42.382,25.39,39.735,23.982,39.541,21.116,38.778,8.063,29.486,23.122,35.151,24.542,45.748,22.567,42.387,8.425,757.975,88.5,1.0,29.0,6.542
2016-05-25 02:00:00,56.667,0.0,23.982,40.333,21.451,42.643,25.494,39.881,23.818,39.368,20.73,38.381,6.529,33.481,23.1,35.22,24.458,44.558,22.6,43.408,7.733,757.717,92.0,1.0,29.0,6.475
2016-05-25 03:00:00,48.333,0.0,23.823,40.305,21.229,42.765,25.418,39.888,23.725,39.157,20.342,37.806,5.576,36.892,23.084,35.182,24.349,43.782,22.608,44.074,7.042,757.475,92.417,1.0,27.75,5.883
2016-05-25 04:00:00,55.0,0.0,23.699,40.28,21.013,42.872,25.379,39.989,23.633,39.03,19.972,37.844,5.46,39.518,23.0,35.09,24.235,43.491,22.6,44.55,6.317,757.258,93.417,1.0,25.583,5.3
2016-05-25 05:00:00,55.0,1.667,23.611,40.242,20.793,43.242,25.16,38.867,23.498,38.766,19.688,39.626,5.774,41.897,22.979,35.082,24.155,43.301,22.6,44.74,6.158,757.117,95.25,1.0,24.583,5.467
2016-05-25 06:00:00,55.0,0.0,23.492,38.872,20.667,42.129,24.702,37.082,23.368,38.141,19.418,40.724,7.273,44.888,22.835,34.639,24.048,42.827,22.583,43.879,6.392,757.083,97.0,1.0,24.0,5.992
2016-05-25 07:00:00,65.0,1.667,23.39,39.526,20.804,42.354,24.76,37.694,23.265,38.596,19.483,42.798,9.268,43.821,22.76,34.614,23.876,41.66,22.5,42.164,7.425,757.242,95.333,1.0,24.417,6.775
2016-05-25 08:00:00,83.333,21.667,23.379,40.003,21.105,42.302,24.745,38.019,23.193,38.798,20.208,43.459,11.227,31.394,22.688,34.951,23.747,41.058,22.403,40.752,8.717,757.3,89.667,1.0,26.667,7.133
2016-05-25 09:00:00,90.0,23.333,23.368,39.726,22.435,40.37,24.862,38.339,23.474,39.333,19.57,40.375,13.408,12.458,22.521,34.342,23.603,40.574,22.111,39.005,9.717,757.258,81.25,1.0,28.583,6.608
2016-05-25 10:00:00,78.333,8.333,23.402,40.23,24.218,36.592,24.927,38.331,23.682,38.351,19.383,40.096,15.331,1.564,22.511,34.38,23.507,39.838,21.902,36.796,11.258,757.117,69.75,1.0,28.417,5.825
2016-05-25 11:00:00,50.0,0.0,23.39,38.54,24.661,34.496,24.903,38.172,23.718,37.283,19.33,39.814,16.631,1.0,22.561,33.999,23.472,39.275,21.75,36.036,12.892,756.917,61.833,1.0,27.333,5.758
2016-05-25 12:00:00,60.0,0.0,23.439,38.186,24.686,33.978,24.976,38.23,23.846,37.671,19.29,40.174,16.917,1.0,22.6,33.9,23.39,38.93,21.672,36.345,13.55,756.758,63.833,1.0,31.25,6.775
2016-05-25 13:00:00,71.667,0.0,23.611,37.909,24.533,34.117,25.071,38.092,23.951,37.81,20.652,73.61,16.99,1.0,22.737,33.906,23.483,39.555,21.594,36.588,14.233,756.617,61.667,1.417,35.0,6.842
2016-05-25 14:00:00,80.0,0.0,23.81,37.844,24.444,34.441,25.1,38.035,24.03,37.921,20.428,73.564,17.646,1.0,22.914,33.945,23.963,40.336,21.597,36.906,14.7,756.417,57.417,2.0,33.0,6.325
2016-05-25 15:00:00,80.0,0.0,24.089,38.23,24.51,34.773,25.1,38.068,24.172,38.677,20.39,57.921,18.68,1.0,23.081,34.026,24.302,40.221,21.695,36.899,15.2,756.258,57.167,2.0,40.0,6.75
2016-05-25 16:00:00,231.667,0.0,24.29,38.062,24.36,34.666,25.088,37.824,24.369,39.47,20.571,53.479,18.68,1.0,23.209,34.15,24.525,39.679,21.807,36.715,15.942,756.2,53.917,1.583,34.583,6.558
2016-05-25 17:00:00,118.333,0.0,24.5,37.495,24.153,34.442,25.174,37.496,24.335,38.224,20.887,51.7,19.248,1.0,23.24,34.359,24.445,38.876,21.908,37.113,16.208,756.158,53.083,1.417,32.417,6.592
2016-05-25 18:00:00,156.667,0.0,24.498,37.364,23.828,34.375,24.928,36.589,24.288,37.844,21.285,50.904,19.336,1.11,23.339,34.84,24.463,39.838,22.039,37.479,16.458,756.1,55.583,2.0,35.417,7.492
2016-05-25 19:00:00,118.333,0.0,24.448,37.298,23.623,34.92,24.849,36.625,24.237,38.034,21.384,50.362,18.897,3.975,23.379,35.246,24.5,40.741,22.1,38.102,16.317,756.1,55.833,1.583,33.583,7.367
2016-05-25 20:00:00,190.0,1.667,24.377,37.694,23.522,35.614,24.862,36.859,24.167,38.214,21.376,50.382,18.285,7.941,23.364,35.573,24.434,41.002,22.1,38.607,15.742,756.183,59.917,1.417,34.167,7.933
2016-05-25 21:00:00,56.667,3.333,24.307,38.091,23.42,36.307,24.874,37.092,24.097,38.393,21.369,50.402,17.673,11.907,23.349,35.9,24.367,41.264,22.1,39.111,14.267,756.425,68.583,1.583,31.833,8.567
2016-05-25 22:00:00,53.333,0.0,24.237,38.487,23.318,37.001,24.887,37.326,24.027,38.572,21.361,50.421,17.061,15.874,23.335,36.227,24.302,41.525,22.1,39.616,12.475,756.642,79.583,1.833,32.917,9.008
2016-05-25 23:00:00,53.333,0.0,24.167,38.884,23.217,37.694,24.899,37.56,23.957,38.751,21.353,50.441,16.449,19.84,23.32,36.554,24.236,41.787,22.1,40.12,11.267,756.825,88.5,2.583,39.25,9.425
2016-05-26 00:00:00,53.333,0.0,24.097,39.281,23.115,38.388,24.912,37.794,23.887,38.93,21.345,50.461,15.836,23.806,23.305,36.882,24.17,42.048,22.1,40.625,10.717,757.0,92.417,2.0,62.0,9.558
2016-05-26 01:00:00,55.0,0.0,24.026,39.677,23.013,39.081,24.924,38.028,23.816,39.11,21.337,50.48,15.224,27.772,23.29,37.209,24.103,42.31,22.1,41.13,10.267,757.0,93.833,2.0,61.583,9.292
2016-05-26 02:00:00,50.0,0.0,23.957,40.074,22.912,39.775,24.937,38.262,23.746,39.289,21.33,50.5,14.612,31.738,23.275,37.536,24.036,42.571,22.1,41.635,9.467,757.0,95.0,1.583,55.167,8.708
2016-05-26 03:00:00,56.667,0.0,23.886,40.47,22.81,40.468,24.949,38.496,23.676,39.468,21.322,50.52,14.0,35.704,23.26,37.863,23.97,42.832,22.1,42.139,8.833,757.0,95.0,1.0,48.25,8.133
2016-05-26 04:00:00,50.0,0.0,23.816,40.867,22.708,41.162,24.962,38.73,23.606,39.647,21.314,50.539,13.388,39.67,23.246,38.191,23.904,43.094,22.1,42.644,8.35,756.875,96.25,1.0,51.25,7.817
2016-05-26 05:00:00,56.667,0.0,23.746,41.264,22.606,41.855,24.974,38.963,23.536,39.827,21.306,50.559,12.775,43.637,23.231,38.518,23.838,43.355,22.1,43.149,8.292,756.783,98.833,1.0,31.333,8.117
2016-05-26 06:00:00,61.667,1.667,23.676,41.66,22.505,42.549,24.987,39.196,23.466,40.006,21.298,50.579,12.163,47.604,23.216,38.846,23.772,43.617,22.1,43.653,8.617,756.942,100.0,1.0,1.0,8.617
2016-05-26 07:00:00,100.0,0.0,23.612,42.014,22.732,42.745,24.946,39.316,23.438,40.334,21.291,50.523,11.99,51.347,23.202,39.148,23.683,43.832,22.117,44.093,8.917,757.062,99.792,1.0,7.458,8.896
2016-05-26 08:00:00,156.667,0.0,23.589,42.771,25.538,38.657,24.755,39.327,23.696,41.687,21.3,49.971,15.078,35.535,23.142,39.328,23.572,44.032,22.312,43.834,9.917,757.212,99.292,1.0,22.958,9.846
2016-05-26 09:00:00,276.667,0.0,23.59,43.79,27.37,35.996,24.862,39.846,24.165,42.588,21.39,50.03,17.844,17.83,23.118,39.708,23.5,44.645,22.469,43.991,12.0,757.3,93.583,1.0,42.417,10.942
2016-05-26 10:00:00,265.0,0.0,23.606,43.432,27.611,34.15,25.695,41.738,24.198,41.93,21.39,49.93,19.218,2.153,23.193,39.078,23.454,44.952,22.572,44.437,15.183,757.3,80.167,1.0,59.5,11.617
2016-05-26 11:00:00,243.333,1.667,23.802,43.189,27.293,34.315,26.132,39.72,24.515,41.216,21.476,49.23,20.161,1.0,23.257,38.53,23.414,44.375,22.6,44.113,16.992,757.175,69.083,1.0,45.5,11.125
2016-05-26 12:00:00,221.667,0.0,24.044,42.384,26.7,34.501,26.819,40.32,24.488,40.81,21.55,48.996,20.781,1.0,23.395,38.07,23.39,44.188,22.622,43.997,18.192,756.958,60.0,1.0,22.25,10.1
2016-05-26 13:00:00,75.0,1.667,24.2,41.988,26.206,35.025,26.961,38.683,24.42,40.579,21.617,48.534,21.717,1.0,23.548,37.501,23.39,43.928,22.6,43.864,19.508,756.858,50.917,1.417,26.083,9.025
2016-05-26 14:00:00,68.333,1.667,24.2,41.696,25.792,35.425,26.519,37.596,24.476,40.362,21.715,48.183,22.979,1.0,23.771,37.163,23.379,43.632,22.6,43.607,19.967,756.717,48.833,2.417,27.75,8.875
2016-05-26 15:00:00,61.667,0.0,24.2,41.627,25.473,36.049,26.277,37.374,24.5,39.898,21.835,47.821,23.947,1.0,23.963,36.794,23.39,43.225,22.611,43.309,20.617,756.517,49.167,2.167,31.833,9.525
2016-05-26 16:00:00,495.0,1.667,24.283,42.797,25.369,36.596,26.077,37.318,24.617,40.381,21.963,47.663,24.251,1.0,24.143,37.264,23.579,44.003,22.6,43.366,20.992,756.275,46.75,1.417,40.0,9.075
2016-05-26 17:00:00,440.0,0.0,24.39,44.171,25.141,37.357,27.049,38.926,24.661,40.424,22.174,47.944,23.995,1.0,24.271,37.914,24.153,45.899,22.658,43.565,20.867,755.975,45.417,2.0,40.0,8.533
2016-05-26 18:00:00,215.0,0.0,24.357,42.655,24.643,37.949,27.761,38.239,24.583,40.151,22.442,52.099,23.582,1.0,24.29,38.066,24.28,44.152,22.7,43.594,20.933,755.675,47.25,2.417,35.417,9.25
2016-05-26 19:00:00,223.333,0.0,24.379,43.597,24.527,40.209,28.306,39.052,24.5,40.362,23.032,68.586,22.595,1.0,24.261,39.145,24.371,44.794,22.688,43.719,20.408,755.5,50.667,3.0,33.583,9.808
2016-05-26 20:00:00,91.667,15.0,24.451,44.686,24.329,41.151,27.724,38.166,24.463,41.708,23.079,79.466,19.723,1.553,24.29,40.859,24.622,47.71,22.7,44.004,19.458,755.625,55.917,3.0,32.917,10.392
2016-05-26 21:00:00,76.667,13.333,24.5,44.75,24.032,42.102,26.802,38.15,24.589,42.394,22.76,67.628,17.257,10.269,24.33,42.703,24.682,48.707,22.7,44.213,17.908,755.925,65.0,3.417,39.25,11.133
2016-05-26 22:00:00,70.0,20.0,24.5,44.627,23.646,42.989,26.775,38.468,24.678,43.087,22.656,62.854,15.741,17.653,24.323,43.736,24.713,49.763,22.678,44.431,16.383,756.1,73.667,4.0,62.833,11.558
2016-05-26 23:00:00,65.0,18.333,24.421,44.555,23.307,43.582,26.715,38.901,24.794,43.292,22.578,59.987,14.872,22.148,24.29,43.896,24.561,50.264,22.611,44.499,15.383,756.1,77.25,3.583,63.583,11.333
2016-05-27 00:00:00,60.0,3.333,24.318,44.707,23.016,44.136,26.79,39.551,24.873,42.854,22.5,58.486,14.382,27.792,24.26,44.509,24.478,50.564,22.611,44.714,14.675,756.017,79.417,2.583,62.583,11.058
2016-05-27 01:00:00,58.333,0.0,24.215,44.639,22.749,44.529,26.79,39.827,24.735,42.316,22.451,57.622,14.208,30.371,24.212,44.775,24.39,50.407,22.683,45.079,14.333,755.817,80.417,2.0,62.0,10.958
2016-05-27 02:00:00,50.0,0.0,24.133,44.768,22.578,44.888,26.77,40.009,24.65,42.18,22.39,56.98,13.952,33.747,24.2,45.346,24.368,50.361,22.7,45.416,14.058,755.742,81.417,1.583,61.583,10.942
2016-05-27 03:00:00,58.333,0.0,24.078,44.85,22.434,45.188,26.7,40.198,24.511,42.164,22.39,56.534,13.631,37.22,24.2,45.503,24.301,49.997,22.7,45.854,13.833,755.675,84.083,2.25,57.667,11.167
2016-05-27 04:00:00,58.333,0.0,24.0,44.933,22.312,45.477,26.689,40.357,24.439,42.188,22.39,56.11,13.394,38.008,24.2,45.295,24.28,49.904,22.72,46.149,13.517,755.5,88.25,3.167,49.667,11.525
2016-05-27 05:00:00,58.333,0.0,23.898,45.01,22.2,45.68,26.672,40.439,24.388,42.214,22.39,55.762,13.013,41.296,24.188,45.181,24.215,49.976,22.77,46.486,13.358,755.5,89.583,2.0,45.417,11.617
2016-05-27 06:00:00,63.333,1.667,23.928,45.387,22.228,46.311,26.298,39.936,24.301,42.422,22.39,55.252,13.821,40.104,24.152,44.63,24.161,49.413,22.79,47.178,13.383,755.625,89.0,1.583,46.833,11.583
2016-05-27 07:00:00,111.667,0.0,23.963,45.459,22.403,46.332,25.801,39.554,24.28,42.674,22.39,53.929,15.447,33.659,23.98,42.838,24.017,48.038,22.79,46.493,13.75,755.8,87.75,1.417,50.917,11.7
2016-05-27 08:00:00,130.0,0.0,23.763,47.319,22.44,46.892,25.873,40.054,24.26,42.952,22.39,53.072,18.039,22.368,23.89,42.469,23.927,47.839,22.818,46.408,14.517,755.925,84.333,2.417,57.5,11.825
2016-05-27 09:00:00,251.667,0.0,23.632,47.287,24.414,44.112,26.078,40.488,24.41,43.485,22.457,52.555,21.507,4.741,23.821,42.508,23.879,47.967,22.89,46.454,15.6,756.142,80.333,2.167,61.0,12.167
2016-05-27 10:00:00,251.667,0.0,23.836,48.14,26.546,41.012,26.848,43.102,24.402,44.11,22.511,52.507,23.207,1.0,23.79,42.848,23.812,48.079,22.938,46.213,17.092,756.2,75.083,1.417,61.833,12.567
2016-05-27 11:00:00,310.0,0.0,24.261,48.164,26.769,39.668,27.688,42.622,24.488,44.42,22.594,52.602,23.783,1.0,23.804,42.9,23.801,48.386,23.033,46.181,18.95,756.158,69.333,1.583,63.833,13.175
2016-05-27 12:00:00,185.0,0.0,24.732,47.839,26.643,40.098,28.517,43.103,24.5,44.693,22.689,52.74,24.688,1.0,23.883,43.188,23.79,48.72,23.089,46.342,20.458,756.1,64.083,1.0,47.917,13.408
2016-05-27 13:00:00,265.0,0.0,25.217,47.828,26.572,40.841,28.353,41.99,24.539,45.403,22.781,53.053,25.596,1.0,23.9,43.472,23.818,49.188,23.1,46.502,21.475,755.975,59.583,1.417,23.167,13.25
2016-05-27 14:00:00,101.667,1.667,25.544,46.639,26.421,41.205,28.398,41.16,24.667,45.884,22.89,53.052,25.567,1.0,23.968,43.343,23.848,49.253,23.1,46.594,21.917,755.8,59.0,2.0,21.583,13.475
2016-05-27 15:00:00,76.667,0.0,25.5,45.678,26.155,41.041,28.24,40.307,24.694,45.27,23.007,52.369,26.279,1.0,24.045,43.19,23.927,48.883,23.139,46.59,22.217,755.675,57.333,2.0,21.833,13.258
2016-05-27 16:00:00,135.0,0.0,25.488,46.25,26.0,41.736,27.953,40.608,24.7,45.477,23.15,52.094,26.139,1.0,24.353,44.331,24.272,50.786,23.193,46.645,22.883,755.375,55.0,2.417,22.583,13.283
2016-05-27 17:00:00,180.0,3.333,25.533,46.783,25.772,42.496,27.164,41.248,24.7,45.659,23.21,52.297,24.441,1.0,24.516,44.515,24.672,50.058,23.2,46.781,22.667,755.2,55.833,3.417,24.083,13.317
2016-05-27 18:00:00,430.0,10.0,25.5,46.6,25.264,42.971,26.823,41.157,24.7,45.963,23.2,52.2,21.027,1.0,24.5,44.054,24.736,49.736,23.2,46.845,22.2,755.2,57.0,4.0,27.0,13.2
